block,sample,spec,xvar,outcome,coef,se,t,p,sig,N,N_city,mean_y
overall_tech_ddd,all,cityyear_cityhigh_highyear,idc_stock_high,ln1p_city_new_applicants_field,.2157256772289675,.032051798,6.7305326,9.0326219e-11,***,9294,291,3.231713492330448
overall_tech_ddd,all,cityyear_cityhigh_highyear,idc_stock_high,ln1p_city_new_patents_field,.2535050551392333,.03932346,6.4466619,4.7620302e-10,***,9294,291,3.693955345002215
overall_tech_ddd,all,cityyear_cityhigh_highyear,idc_stock_high,city_new_share_total_field,.0286560528263244,.013343425,2.1475785,.032575887,**,8238,291,.4049486175808076
overall_tech_ddd,all,cityyear_cityhigh_highyear,idc_stock_high,ln1p_field_new_applicants_field,.1723640508616445,.030713132,5.6120634,4.6716337e-08,***,9294,291,3.355059610457742
overall_tech_ddd,all,cityyear_cityhigh_highyear,idc_stock_high,ln1p_field_new_patents_field,.1928225094141799,.035747588,5.3940005,1.4319855e-07,***,9294,291,3.831650306339518
overall_tech_ddd,all,cityyear_cityhigh_highyear,idc_stock_high,field_new_share_total_field,.0309213932130905,.014652323,2.1103406,.035685234,**,8238,291,.4782749559085431
overall_tech_ddd,all,cityyear_cityhigh_highyear,idc_stock_high,ln1p_total_patents_field,.1664983361138228,.044659283,3.7281911,.00023188406,***,9294,291,4.620679764165665
overall_tech_ddd,all,cityyear_cityhigh_highyear,idc_stock_high,ln1p_incumbent_patents_field,.3062023832091045,.061599642,4.9708467,1.1421523e-06,***,9294,291,4.089027818870287
overall_tech_ddd,min20,cityyear_cityhigh_highyear,idc_stock_high,ln1p_city_new_applicants_field,.1505702067441281,.028782694,5.231276,3.2383329e-07,***,8904,290,3.334240565574382
overall_tech_ddd,min20,cityyear_cityhigh_highyear,idc_stock_high,ln1p_city_new_patents_field,.1774344452102538,.036286224,4.8898573,1.6770357e-06,***,8904,290,3.812559214704069
overall_tech_ddd,min20,cityyear_cityhigh_highyear,idc_stock_high,city_new_share_total_field,.0345605867891276,.012984044,2.6617737,.0082095712,***,8156,289,.4016885862315981
overall_tech_ddd,min20,cityyear_cityhigh_highyear,idc_stock_high,ln1p_field_new_applicants_field,.1077176239108734,.027266996,3.9504764,.000098079945,***,8904,290,3.462850929252928
overall_tech_ddd,min20,cityyear_cityhigh_highyear,idc_stock_high,ln1p_field_new_patents_field,.1185517221186772,.032552574,3.6418538,.00032070387,***,8904,290,3.95615007250557
overall_tech_ddd,min20,cityyear_cityhigh_highyear,idc_stock_high,field_new_share_total_field,.0409327434733227,.013824643,2.9608536,.0033232186,***,8156,289,.4755069255086806
overall_tech_ddd,min20,cityyear_cityhigh_highyear,idc_stock_high,ln1p_total_patents_field,.0711640110190493,.039779883,1.7889447,.074670918,*,8904,290,4.771517868158972
overall_tech_ddd,min20,cityyear_cityhigh_highyear,idc_stock_high,ln1p_incumbent_patents_field,.1922627190032131,.055635031,3.4557853,.00063103123,***,8904,290,4.24430207958439
overall_tech_ddd,min50,cityyear_cityhigh_highyear,idc_stock_high,ln1p_city_new_applicants_field,.0926211775332143,.029094866,3.1834199,.0016154476,***,8312,288,3.469216507385165
overall_tech_ddd,min50,cityyear_cityhigh_highyear,idc_stock_high,ln1p_city_new_patents_field,.1131985081652282,.036581621,3.0944095,.0021666016,***,8312,288,3.968449171453599
overall_tech_ddd,min50,cityyear_cityhigh_highyear,idc_stock_high,city_new_share_total_field,.0334224781366083,.013146826,2.5422468,.011547423,**,7890,284,.3931108499517335
overall_tech_ddd,min50,cityyear_cityhigh_highyear,idc_stock_high,ln1p_field_new_applicants_field,.0561075176923589,.028020861,2.0023482,.046187919,**,8312,288,3.605188973346028
overall_tech_ddd,min50,cityyear_cityhigh_highyear,idc_stock_high,ln1p_field_new_patents_field,.0649236443905634,.033748817,1.923731,.055377226,*,8312,288,4.120210695736921
overall_tech_ddd,min50,cityyear_cityhigh_highyear,idc_stock_high,field_new_share_total_field,.0496679366406961,.013773074,3.6061621,.00036720277,***,7890,284,.4668357949217017
overall_tech_ddd,min50,cityyear_cityhigh_highyear,idc_stock_high,ln1p_total_patents_field,.0021293680896916,.039204136,.054314885,.95672208,,8312,288,4.97443647652622
overall_tech_ddd,min50,cityyear_cityhigh_highyear,idc_stock_high,ln1p_incumbent_patents_field,.0824400774877452,.051665727,1.5956434,.11166896,,8312,288,4.457294181006922
low_compute_placebo,all,provyr_baseyr_fe,ln1p_idc_scope_stock_l1,city_new_share_total_field,.024192793562641,.011427891,2.1169956,.035111561,**,4643,291,.4450277918324939
low_compute_placebo,all,provyr_baseyr_fe,ln1p_idc_scope_stock_l1,ln1p_city_new_applicants_field,.1092408849337627,.045480169,2.4019456,.016937111,**,4647,291,4.53283510176914
low_compute_placebo,all,provyr_baseyr_fe,ln1p_idc_scope_stock_l1,ln1p_city_new_patents_field,.10501462827551,.053350251,1.9683999,.04997433,**,4647,291,5.172351980384297
low_compute_placebo,all,provyr_baseyr_fe,ln1p_idc_scope_stock_l1,field_new_share_total_field,.0250108497205821,.011376377,2.1984899,.028704058,**,4643,291,.4474013055903246
low_compute_placebo,all,provyr_baseyr_fe,ln1p_idc_scope_stock_l1,ln1p_field_new_applicants_field,.1120082889363919,.045340948,2.4703562,.014073104,**,4647,291,4.538942442419388
low_compute_placebo,all,provyr_baseyr_fe,ln1p_idc_scope_stock_l1,ln1p_field_new_patents_field,.1086942740652891,.053198576,2.0431802,.041938312,**,4647,291,5.179378903572933
time_placebo,all,provyr_baseyr_fe,x_lead3,new_applicant_share,.0155274293204293,.015158321,1.0243503,.30652359,,3773,291,.4639644573043749
time_placebo,all,provyr_baseyr_fe,x_lead3,ln1p_new_applicants,.073160724323954,.05574698,1.3123711,.1904327,,3773,291,4.488815889925604
time_placebo,all,provyr_baseyr_fe,x_lead3,ln1p_new_patents,.0926716100253974,.057344884,1.6160398,.10717303,,3773,291,5.178338938419111
time_placebo,all,provyr_baseyr_fe,x_lead3,ln1p_total_patents,.0580515813042458,.048233308,1.203558,.22974202,,3773,291,6.025156918873021
time_placebo,all,provyr_baseyr_fe,x_lead5,new_applicant_share,.0095790978118325,.016318254,.5870173,.55764878,,3192,291,.4803918963748446
time_placebo,all,provyr_baseyr_fe,x_lead5,ln1p_new_applicants,.0453674380632305,.05415085,.83779734,.40283448,,3192,291,4.373009148420858
time_placebo,all,provyr_baseyr_fe,x_lead5,ln1p_new_patents,.0637872376616046,.063916825,.99797261,.31912461,,3192,291,5.048696470589268
time_placebo,all,provyr_baseyr_fe,x_lead5,ln1p_total_patents,.0418047862306136,.054835103,.76237267,.44645724,,3192,291,5.855987913898485
org_quality,all,provyr_baseyr_fe,ln1p_idc_scope_stock_l1,org_new_share,.0139648557160713,.010442243,1.3373425,.1821588,,4647,291,.3660945196468086
org_quality,all,provyr_baseyr_fe,ln1p_idc_scope_stock_l1,org_new_share_org,.0123587567447255,.010361359,1.1927738,.23393296,,4632,291,.3672800600341327
org_quality,all,provyr_baseyr_fe,ln1p_idc_scope_stock_l1,org_patent_share_total,-.024318512961711,.014465356,-1.6811554,.093809336,*,4647,291,.7186110884651179
org_quality,all,provyr_baseyr_fe,ln1p_idc_scope_stock_l1,ln1p_org_new_applicants,.0482741519360415,.037940048,1.2723798,.20425746,,4647,291,3.932873191743421
org_quality,all,provyr_baseyr_fe,ln1p_idc_scope_stock_l1,ln1p_org_new_patents,.0681703729888787,.048632842,1.4017353,.16206366,,4647,291,4.685723359697168
org_quality,all,provyr_baseyr_fe,ln1p_idc_scope_stock_l1,ln1p_org_total_patents,.0373720448726809,.047923122,.77983326,.43612498,,4647,291,5.840900489662149
pubyear_quality,inv_app_pub_le2021,provyr_baseyr_fe,ln1p_idc_scope_stock_l1,new_applicant_share,.0263834557114774,.012536501,2.104531,.036192581,**,4061,291,.4569968438271912
pubyear_quality,inv_app_pub_le2021,provyr_baseyr_fe,ln1p_idc_scope_stock_l1,ln1p_new_applicants,.1012882847552361,.040439006,2.5047174,.012803641,**,4061,291,4.49257504903585
pubyear_quality,inv_app_pub_le2021,provyr_baseyr_fe,ln1p_idc_scope_stock_l1,ln1p_new_patents,.1192792412797227,.045665968,2.611994,.0094703501,***,4061,291,5.13568294377303
pubyear_quality,inv_app_pub_le2021,provyr_baseyr_fe,ln1p_idc_scope_stock_l1,ln1p_total_patents,.0517737512796482,.042590033,1.2156307,.2251143,,4061,291,5.999248915167606
pubyear_quality,inv_app_pub_le2023,provyr_baseyr_fe,ln1p_idc_scope_stock_l1,new_applicant_share,.023657433885568,.011130989,2.1253669,.03440119,**,4643,291,.4366919070694474
pubyear_quality,inv_app_pub_le2023,provyr_baseyr_fe,ln1p_idc_scope_stock_l1,ln1p_new_applicants,.1099132548581906,.037764281,2.9105084,.0038881085,***,4643,291,4.578488192823826
pubyear_quality,inv_app_pub_le2023,provyr_baseyr_fe,ln1p_idc_scope_stock_l1,ln1p_new_patents,.1224398291922232,.042975347,2.8490713,.0046986514,***,4643,291,5.201349608116658
pubyear_quality,inv_app_pub_le2023,provyr_baseyr_fe,ln1p_idc_scope_stock_l1,ln1p_total_patents,.0684560289028013,.041531995,1.648272,.10037977,,4643,291,6.122502119393588
pubyear_quality,inv_grant_pub_le2021,provyr_baseyr_fe,ln1p_idc_scope_stock_l1,new_applicant_share,.018428754949324,.01374237,1.3410172,.18096423,,4047,291,.4735265991757734
pubyear_quality,inv_grant_pub_le2021,provyr_baseyr_fe,ln1p_idc_scope_stock_l1,ln1p_new_applicants,.032093045269703,.040259812,.79714847,.42601699,,4047,291,3.512319556315938
pubyear_quality,inv_grant_pub_le2021,provyr_baseyr_fe,ln1p_idc_scope_stock_l1,ln1p_new_patents,.0598224463674216,.046706457,1.2808175,.20128115,,4047,291,3.777321519982043
pubyear_quality,inv_grant_pub_le2021,provyr_baseyr_fe,ln1p_idc_scope_stock_l1,ln1p_total_patents,.0475433036618628,.056276515,.84481603,.39890999,,4047,291,4.6438622461663
pubyear_quality,inv_grant_pub_le2023,provyr_baseyr_fe,ln1p_idc_scope_stock_l1,new_applicant_share,.0201588856013909,.013104709,1.5382932,.12506728,,4629,291,.4542498420982418
pubyear_quality,inv_grant_pub_le2023,provyr_baseyr_fe,ln1p_idc_scope_stock_l1,ln1p_new_applicants,.0577391685918135,.040224321,1.4354292,.15224248,,4629,291,3.629521599126857
pubyear_quality,inv_grant_pub_le2023,provyr_baseyr_fe,ln1p_idc_scope_stock_l1,ln1p_new_patents,.0855385733990649,.045151111,1.8944955,.059154011,*,4629,291,3.905375296484549
pubyear_quality,inv_grant_pub_le2023,provyr_baseyr_fe,ln1p_idc_scope_stock_l1,ln1p_total_patents,.0681979524463476,.054884102,1.2425811,.21502601,,4629,291,4.821583033770923
pubyear_quality,all_pub_le2021,provyr_baseyr_fe,ln1p_idc_scope_stock_l1,new_applicant_share,.0133703563447026,.0078443391,1.7044593,.089366354,*,4074,291,.4010144118109232
pubyear_quality,all_pub_le2021,provyr_baseyr_fe,ln1p_idc_scope_stock_l1,ln1p_new_applicants,.0605666517268516,.03562025,1.7003433,.090138473,*,4074,291,5.521537986180326
pubyear_quality,all_pub_le2021,provyr_baseyr_fe,ln1p_idc_scope_stock_l1,ln1p_new_patents,.0565563924316103,.041855156,1.3512408,.17767152,,4074,291,6.414224768473439
pubyear_quality,all_pub_le2021,provyr_baseyr_fe,ln1p_idc_scope_stock_l1,ln1p_total_patents,.0248534587257356,.03510135,.70804852,.47948381,,4074,291,7.384539577435763
pubyear_quality,all_pub_le2023,provyr_baseyr_fe,ln1p_idc_scope_stock_l1,new_applicant_share,.0139057007125245,.0072341422,1.9222322,.055556078,*,4656,291,.3872592197864588
pubyear_quality,all_pub_le2023,provyr_baseyr_fe,ln1p_idc_scope_stock_l1,ln1p_new_applicants,.0637700289597843,.034172449,1.8661239,.06303335,*,4656,291,5.62737914935532
pubyear_quality,all_pub_le2023,provyr_baseyr_fe,ln1p_idc_scope_stock_l1,ln1p_new_patents,.0612881866745785,.040041685,1.5306096,.12695599,,4656,291,6.518331784294429
pubyear_quality,all_pub_le2023,provyr_baseyr_fe,ln1p_idc_scope_stock_l1,ln1p_total_patents,.0353973424391306,.034100927,1.0380169,.30012685,,4656,291,7.529615927413233
