spec,sample,outcome,y_version,coef,se,t,p,n,firms,clusters,r2
nocontrol_full,2012_2022,企业创新韧性1,raw,-3.127092134941359,4.4582601,-.70141536,.48367605,22985,4221,259,.14078322
nocontrol_ctrlsample,2012_2022,企业创新韧性1,raw,-3.162300782181041,4.4466691,-.71116167,.4776265,22851,4121,259,.14000741
controls,2012_2022,企业创新韧性1,raw,-3.160316977953575,4.3830776,-.7210269,.47154579,22851,4121,259,.14002919
nocontrol_full,2008_2024,企业创新韧性1,raw,-1.428290090895272,3.4724634,-.41131896,.6811775,33945,5059,261,.14455311
nocontrol_ctrlsample,2008_2024,企业创新韧性1,raw,-1.458343052903985,3.4616194,-.42128927,.67389196,33477,4832,261,.14152472
controls,2008_2024,企业创新韧性1,raw,-1.414852368119766,3.4326797,-.41217139,.68055344,33477,4832,261,.14153679
nocontrol_full,2012_2022,企业创新韧性1,winsor,-.8730065883975691,.74940318,-1.1649357,.24512097,22985,4221,259,.14986223
nocontrol_ctrlsample,2012_2022,企业创新韧性1,winsor,-.8978134144201946,.74542677,-1.2044287,.22952765,22851,4121,259,.14762224
controls,2012_2022,企业创新韧性1,winsor,-.7548190559462379,.722027,-1.0454167,.2968089,22851,4121,259,.1486598
nocontrol_full,2008_2024,企业创新韧性1,winsor,-.9061896681660399,.54615182,-1.6592267,.098275855,33945,5059,261,.14098786
nocontrol_ctrlsample,2008_2024,企业创新韧性1,winsor,-.9258178188797694,.5412609,-1.7104834,.088369362,33477,4832,261,.13554548
controls,2008_2024,企业创新韧性1,winsor,-.818150011019162,.53269786,-1.5358614,.12578838,33477,4832,261,.13645399
nocontrol_full,2012_2022,企业创新韧性2,raw,-2.224486980506609,3.6756794,-.60519069,.54557812,28476,4574,262,.17234933
nocontrol_ctrlsample,2012_2022,企业创新韧性2,raw,-2.223710625647877,3.6674016,-.606345,.54481268,28254,4432,262,.16736159
controls,2012_2022,企业创新韧性2,raw,-1.77236512439837,3.4952707,-.50707519,.61253023,28254,4432,262,.16801374
nocontrol_full,2008_2024,企业创新韧性2,raw,-2.352963893432592,2.8761129,-.81810552,.41403753,41727,5240,264,.12271028
nocontrol_ctrlsample,2008_2024,企业创新韧性2,raw,-2.377930743802195,2.8681188,-.82909077,.40780774,41091,5000,263,.12039858
controls,2008_2024,企业创新韧性2,raw,-2.051723574215214,2.7775705,-.73867559,.46076521,41091,5000,263,.12098943
nocontrol_full,2012_2022,企业创新韧性2,winsor,.0980594601436051,.5981003,.16395153,.86989617,28476,4574,262,.18934195
nocontrol_ctrlsample,2012_2022,企业创新韧性2,winsor,.0976702035118737,.59684443,.16364433,.87013781,28254,4432,262,.18239166
controls,2012_2022,企业创新韧性2,winsor,.3198521202529088,.58569127,.54611045,.58545649,28254,4432,262,.18595642
nocontrol_full,2008_2024,企业创新韧性2,winsor,.2424423203773025,.43797132,.55355752,.58035201,41727,5240,264,.12468892
nocontrol_ctrlsample,2008_2024,企业创新韧性2,winsor,.2222177414891059,.4334287,.51269734,.60859501,41091,5000,263,.12143083
controls,2008_2024,企业创新韧性2,winsor,.4131800341279367,.42935723,.96232229,.33677506,41091,5000,263,.12449586
nocontrol_full,2012_2022,企业创新韧性3,raw,2.036288572504699,2.3471012,.86757594,.38642043,28132,4548,263,.4542605
nocontrol_ctrlsample,2012_2022,企业创新韧性3,raw,2.040043644981587,2.3421588,.87100995,.3845461,27920,4412,263,.44410458
controls,2012_2022,企业创新韧性3,raw,2.128694693062293,2.366605,.89947188,.36922732,27920,4412,263,.44418067
nocontrol_full,2008_2024,企业创新韧性3,raw,6.231002868381085,4.3951988,1.417684,.15746671,41126,5232,264,.26834327
nocontrol_ctrlsample,2008_2024,企业创新韧性3,raw,6.217287270414188,4.4095864,1.409948,.15973653,40505,4992,264,.24437471
controls,2008_2024,企业创新韧性3,raw,6.36159168879386,4.4949384,1.415279,.1581697,40505,4992,264,.24450891
nocontrol_full,2012_2022,企业创新韧性3,winsor,1.309782572113412,.83254504,1.5732273,.11687298,28132,4548,263,.22070456
nocontrol_ctrlsample,2012_2022,企业创新韧性3,winsor,1.311968343390404,.83067805,1.5793945,.11545212,27920,4412,263,.2117727
controls,2012_2022,企业创新韧性3,winsor,1.39885384549509,.81576622,1.7147731,.087569304,27920,4412,263,.21301951
nocontrol_full,2008_2024,企业创新韧性3,winsor,.7919365467136118,.680345,1.164022,.24546997,41126,5232,264,.15895845
nocontrol_ctrlsample,2008_2024,企业创新韧性3,winsor,.7435692621483445,.66877246,1.1118419,.26722142,40505,4992,264,.15045035
controls,2008_2024,企业创新韧性3,winsor,.840567274862718,.66005903,1.2734729,.20397463,40505,4992,264,.15151401
nocontrol_full,2012_2022,企业创新韧性4,raw,.013874600588809,.023091927,.60084206,.54843128,28598,4600,281,.22100309
nocontrol_ctrlsample,2012_2022,企业创新韧性4,raw,.0135435905056685,.023048835,.58760411,.5572716,28376,4458,281,.21945813
controls,2012_2022,企业创新韧性4,raw,.0127872069062894,.023227474,.55052078,.58240116,28376,4458,281,.21973811
nocontrol_full,2008_2024,企业创新韧性4,raw,.0334358540985973,.019453404,1.7187661,.086754419,41903,5270,283,.55118889
nocontrol_ctrlsample,2008_2024,企业创新韧性4,raw,.0336942271660373,.019560464,1.7225679,.086066939,41266,5030,282,.54374784
controls,2008_2024,企业创新韧性4,raw,.0313880996625092,.019125616,1.6411549,.10188401,41266,5030,282,.54397023
nocontrol_full,2012_2022,企业创新韧性4,winsor,.0235681402907502,.022265423,1.0585085,.29073596,28598,4600,281,.23721407
nocontrol_ctrlsample,2012_2022,企业创新韧性4,winsor,.0232365679420087,.022224838,1.0455226,.29668328,28376,4458,281,.23563817
controls,2012_2022,企业创新韧性4,winsor,.0219638740361837,.022445427,.97854561,.32864925,28376,4458,281,.23597591
nocontrol_full,2008_2024,企业创新韧性4,winsor,.040915920663887,.019646164,2.0826418,.038184982,41903,5270,283,.56959069
nocontrol_ctrlsample,2008_2024,企业创新韧性4,winsor,.041181241292505,.019764159,2.0836325,.038097203,41266,5030,282,.56241655
controls,2008_2024,企业创新韧性4,winsor,.0378258225103115,.019276287,1.9622982,.050714459,41266,5030,282,.56276327
