table,sample,spec,outcome,coef,se,t,p,sig,N,N_city,mean_y
decomp,all,province_year_fe,new_applicant_share,.0430022324725301,.0093594715,4.5945153,6.4772289e-06,***,4647,291,.4323355655967836
decomp,all,provyr_baseyr_fe,new_applicant_share,.0227459137945829,.011364773,2.0014403,.04627642,**,4647,291,.4323355655967836
decomp,all,province_year_fe,ln1p_new_applicants,.0245989248108153,.040013891,.61475962,.53919554,,4647,291,4.614966163841457
decomp,all,provyr_baseyr_fe,ln1p_new_applicants,.118206775905034,.044276278,2.6697543,.0080186659,***,4647,291,4.614966163841457
decomp,all,province_year_fe,ln_new_patents,-.0100194275432148,.04688612,-.21369711,.83093345,,4647,291,5.279912800852183
decomp,all,provyr_baseyr_fe,ln_new_patents,.1153339498642766,.052150462,2.2115614,.027776705,**,4647,291,5.279912800852183
decomp,all,province_year_fe,ln1p_total_patents,-.0205253338987787,.040339526,-.50881445,.61126918,,4647,291,6.219256666685361
decomp,all,provyr_baseyr_fe,ln1p_total_patents,.0852649059357648,.04540211,1.8779943,.061385285,*,4647,291,6.219256666685361
decomp,all,province_year_fe,ln_incumbent_patents,-.1348003636894202,.044988375,-2.9963377,.0029685877,***,4647,291,5.600413945990899
decomp,all,provyr_baseyr_fe,ln_incumbent_patents,.032763421298936,.046959326,.69769788,.48592517,,4647,291,5.600413945990899
decomp,all,province_year_fe,incumbent_share,-.04300223247253,.0093594715,-4.5945153,6.4772289e-06,***,4647,291,.5676644344032163
decomp,all,provyr_baseyr_fe,incumbent_share,-.0227459137945828,.011364773,-2.0014403,.04627642,**,4647,291,.5676644344032163
decomp,all,province_year_fe,ln1p_active_applicants,.001311088745833,.035723761,.036700748,.97074884,,4647,291,5.093398617619795
decomp,all,provyr_baseyr_fe,ln1p_active_applicants,.0936306976228759,.038550131,2.4288034,.015756503,**,4647,291,5.093398617619795
decomp,all,province_year_fe,ln_incumbent_applicants,-.045330648191769,.031088065,-1.4581367,.14588498,,4647,291,4.111921770787029
decomp,all,provyr_baseyr_fe,ln_incumbent_applicants,.0358351497267216,.034026008,1.0531694,.29314005,,4647,291,4.111921770787029
type,all,province_year_fe,firm_new_share_total,-.0012115856813586,.0071580624,-.16926168,.86570883,,4647,291,.2201827946312475
type,all,provyr_baseyr_fe,firm_new_share_total,-.0068937432572805,.0086575169,-.79627252,.426525,,4647,291,.2201827946312475
type,all,province_year_fe,ln_firm_new_n,.0126993674059202,.032814596,.3870036,.69903737,,4647,291,3.839179528786849
type,all,provyr_baseyr_fe,ln_firm_new_n,.0496014890460161,.040130362,1.236009,.21745543,,4647,291,3.839179528786849
type,all,province_year_fe,ln_firm_new_pat,-.0354154986700108,.043480285,-.81451857,.41601628,,4647,291,4.592183477172135
type,all,provyr_baseyr_fe,ln_firm_new_pat,.0597036797807301,.050932974,1.1722009,.24207845,,4647,291,4.592183477172135
type,all,province_year_fe,firm_new_share_new,-.0051811726584834,.01519822,-.34090656,.73342079,,4647,291,.5362471034878824
type,all,provyr_baseyr_fe,firm_new_share_new,-.0155637947536146,.017216166,-.9040221,.36673403,,4647,291,.5362471034878824
type,all,province_year_fe,knowledge_new_share_total,-.0002667804827941,.001362745,-.19576699,.84492964,,4647,291,.0093722468401393
type,all,provyr_baseyr_fe,knowledge_new_share_total,.0015679316200151,.0018587634,.84353477,.39962465,,4647,291,.0093722468401393
type,all,province_year_fe,ln_knowledge_new_n,.0207148398291876,.032397941,.63938755,.52307558,,4647,291,.9934365027733688
type,all,provyr_baseyr_fe,ln_knowledge_new_n,.0213684329271113,.03784376,.56464881,.57274914,,4647,291,.9934365027733688
type,all,province_year_fe,ln_knowledge_new_pat,.0604668739433053,.049585503,1.2194467,.22366558,,4647,291,1.394951953452252
type,all,provyr_baseyr_fe,ln_knowledge_new_pat,.0520032525665162,.057734579,.90072978,.3684794,,4647,291,1.394951953452252
type,all,province_year_fe,knowledge_new_share_new,-.0063997612685936,.0018723822,-3.4179778,.00072122837,***,4647,291,.0222489382556745
type,all,provyr_baseyr_fe,knowledge_new_share_new,-.0007062035797667,.0021726133,-.325048,.74537915,,4647,291,.0222489382556745
type,all,province_year_fe,individual_new_share_total,.0422405010998299,.0090356264,4.6748838,4.5117113e-06,***,4647,291,.1915403862313494
type,all,provyr_baseyr_fe,individual_new_share_total,.026910944552255,.011565821,2.3267646,.020666556,**,4647,291,.1915403862313494
type,all,province_year_fe,ln_individual_new_n,.0024103038062722,.058331925,.041320492,.96706885,,4647,291,3.815305335835464
type,all,provyr_baseyr_fe,ln_individual_new_n,.1310821239363315,.062255763,2.1055422,.036103856,**,4647,291,3.815305335835464
type,all,province_year_fe,ln_individual_new_pat,-.0301625893563255,.065206796,-.46256816,.6440208,,4647,291,4.285816229300822
type,all,provyr_baseyr_fe,ln_individual_new_pat,.1152641529475823,.068848915,1.6741608,.095177107,*,4647,291,4.285816229300822
type,all,province_year_fe,individual_new_share_new,.0084932204857692,.014498243,.5858103,.55845863,,4647,291,.4168295480835594
type,all,provyr_baseyr_fe,individual_new_share_new,.0138550273233817,.015817715,.87591839,.38179931,,4647,291,.4168295480835594
type,all,province_year_fe,org_new_share_total,.0007617313727001,.0067546684,.1127711,.91029006,,4647,291,.2407951793654342
type,all,provyr_baseyr_fe,org_new_share_total,-.0041650307576721,.0079430323,-.5243628,.60042679,,4647,291,.2407951793654342
type,all,province_year_fe,ln_org_new_n,-.0021302451108818,.031388782,-.067866445,.94593871,,4647,291,3.932873191743421
type,all,provyr_baseyr_fe,ln_org_new_n,.0482741519360415,.037940048,1.2723798,.20425746,,4647,291,3.932873191743421
type,all,province_year_fe,ln_org_new_pat,-.0416775744761918,.043504175,-.95801318,.3388541,,4647,291,4.685723349034833
type,all,provyr_baseyr_fe,ln_org_new_pat,.068170366086758,.048632842,1.4017352,.1620637,,4647,291,4.685723349034833
type,all,province_year_fe,org_new_share_new,-.0106288415805646,.014529937,-.73151326,.46505639,,4647,291,.5818792963321926
type,all,provyr_baseyr_fe,org_new_share_new,-.0151563259288779,.015770465,-.9610576,.33732381,,4647,291,.5818792963321926
decomp,min20,province_year_fe,new_applicant_share,.0406393405477276,.0097091449,4.1856766,.000037737827,***,4453,291,.4201790124446582
decomp,min20,provyr_baseyr_fe,new_applicant_share,.0222797375122754,.011472625,1.9419913,.053106304,*,4453,291,.4201790124446582
decomp,min20,province_year_fe,ln1p_new_applicants,.0479211685255689,.039922059,1.2003682,.23097602,,4453,291,4.739597395492638
decomp,min20,provyr_baseyr_fe,ln1p_new_applicants,.1213596624271722,.044889718,2.7035069,.007266209,***,4453,291,4.739597395492638
decomp,min20,province_year_fe,ln_new_patents,.0266439981803571,.046616547,.57155669,.56806505,,4453,291,5.424173682634786
decomp,min20,provyr_baseyr_fe,ln_new_patents,.1221081163297724,.052818201,2.3118567,.021486212,**,4453,291,5.424173682634786
decomp,min20,province_year_fe,ln1p_total_patents,.0176861090927567,.039691199,.44559273,.65622389,,4453,291,6.389108781444875
decomp,min20,provyr_baseyr_fe,ln1p_total_patents,.0932699016175658,.045599692,2.0454066,.041716985,**,4453,291,6.389108781444875
decomp,min20,province_year_fe,ln_incumbent_patents,-.0953920593746792,.043266337,-2.2047639,.028255654,**,4453,291,5.793953086546158
decomp,min20,provyr_baseyr_fe,ln_incumbent_patents,.0425964312895297,.047061242,.90512764,.36614913,,4453,291,5.793953086546158
decomp,min20,province_year_fe,incumbent_share,-.0406393405477275,.0097091449,-4.1856766,.000037737827,***,4453,291,.5798209875553418
decomp,min20,provyr_baseyr_fe,incumbent_share,-.0222797375122753,.011472625,-1.9419913,.053106304,*,4453,291,.5798209875553418
decomp,min20,province_year_fe,ln1p_active_applicants,.0276677848481559,.034555338,.80068046,.42397213,,4453,291,5.227671679257996
decomp,min20,provyr_baseyr_fe,ln1p_active_applicants,.0982822369811401,.038810134,2.5323858,.011856568,**,4453,291,5.227671679257996
decomp,min20,province_year_fe,ln_incumbent_applicants,-.0242252434473046,.02893291,-.83729023,.40311891,,4453,291,4.252353774211498
decomp,min20,provyr_baseyr_fe,ln_incumbent_applicants,.0421427822425019,.033687729,1.2509831,.21194893,,4453,291,4.252353774211498
type,min20,province_year_fe,firm_new_share_total,.0023790715245318,.0074032182,.32135639,.74817181,,4453,291,.2175564800485546
type,min20,provyr_baseyr_fe,firm_new_share_total,-.0063418441287834,.0088150967,-.71942991,.47245541,,4453,291,.2175564800485546
type,min20,province_year_fe,ln_firm_new_n,.0336557043957147,.032959804,1.0211136,.30805168,,4453,291,3.966139098682633
type,min20,provyr_baseyr_fe,ln_firm_new_n,.0548380009958353,.040696584,1.3474841,.17887618,,4453,291,3.966139098682633
type,min20,province_year_fe,ln_firm_new_pat,.003257741438539,.043088868,.075605169,.93978536,,4453,291,4.74382082266606
type,min20,provyr_baseyr_fe,ln_firm_new_pat,.068302152934545,.051642306,1.3226007,.18701024,,4453,291,4.74382082266606
type,min20,province_year_fe,firm_new_share_new,.0018492036316181,.015604748,.11850262,.90575147,,4453,291,.5434373452846365
type,min20,provyr_baseyr_fe,firm_new_share_new,-.0137996686892128,.017469397,-.78993386,.43021181,,4453,291,.5434373452846365
type,min20,province_year_fe,knowledge_new_share_total,-.0007364486094167,.0011452592,-.64304096,.52070564,,4453,291,.0088022321276695
type,min20,provyr_baseyr_fe,knowledge_new_share_total,.0010697427669768,.0017921084,.59691852,.55102748,,4453,291,.0088022321276695
type,min20,province_year_fe,ln_knowledge_new_n,.0225438408906734,.032931257,.68457276,.49416029,,4453,291,1.03273417555934
type,min20,provyr_baseyr_fe,ln_knowledge_new_n,.0241698714429678,.037936721,.63711017,.52455568,,4453,291,1.03273417555934
type,min20,province_year_fe,ln_knowledge_new_pat,.0567347764808741,.05081312,1.1165379,.26511618,,4453,291,1.450203547752754
type,min20,provyr_baseyr_fe,ln_knowledge_new_pat,.0543598053473311,.05833225,.93189967,.35216352,,4453,291,1.450203547752754
type,min20,province_year_fe,knowledge_new_share_new,-.0064314770989067,.0016378509,-3.9267783,.00010763335,***,4453,291,.0218411795338276
type,min20,provyr_baseyr_fe,knowledge_new_share_new,-.0015368721494574,.0019869024,-.77350152,.43985566,,4453,291,.0218411795338276
type,min20,province_year_fe,individual_new_share_total,.0369473885549013,.0092308773,4.0025868,.000079628691,***,4453,291,.1840063418551216
type,min20,provyr_baseyr_fe,individual_new_share_total,.0257393934349063,.011708712,2.1983111,.028716922,**,4453,291,.1840063418551216
type,min20,province_year_fe,ln_individual_new_n,.0122436017805328,.059446968,.2059584,.83696795,,4453,291,3.927392660520027
type,min20,provyr_baseyr_fe,ln_individual_new_n,.1302789282232552,.0631947,2.0615485,.040141791,**,4453,291,3.927392660520027
type,min20,province_year_fe,ln_individual_new_pat,-.014711052113328,.066767186,-.22033356,.82576638,,4453,291,4.413611657730073
type,min20,provyr_baseyr_fe,ln_individual_new_pat,.1168521368865731,.069807351,1.673923,.095223881,*,4453,291,4.413611657730073
type,min20,province_year_fe,individual_new_share_new,.0036070309679851,.014834105,.24315797,.80805492,,4453,291,.4126602021352175
type,min20,provyr_baseyr_fe,individual_new_share_new,.0134231650426905,.015983921,.83979183,.40171689,,4453,291,.4126602021352175
type,min20,province_year_fe,org_new_share_total,.0036919519928263,.006920327,.53349388,.59410042,,4453,291,.2361726705895366
type,min20,provyr_baseyr_fe,org_new_share_total,-.0034596559226309,.0080266837,-.43101934,.66677451,,4453,291,.2361726705895366
type,min20,province_year_fe,ln_org_new_n,.0207930463192963,.031164773,.66719711,.50517678,,4453,291,4.057495670181049
type,min20,provyr_baseyr_fe,ln_org_new_n,.0529170100069995,.038486239,1.3749592,.17020541,,4453,291,4.057495670181049
type,min20,province_year_fe,ln_org_new_pat,-.0032301817235186,.042459827,-.076076187,.93941092,,4453,291,4.834091688757856
type,min20,provyr_baseyr_fe,ln_org_new_pat,.0752660726261737,.049223464,1.5290691,.12733734,,4453,291,4.834091688757856
type,min20,province_year_fe,org_new_share_new,-.003607030967985,.014834105,-.24315797,.80805492,,4453,291,.5873397978647824
type,min20,provyr_baseyr_fe,org_new_share_new,-.0134231650426904,.015983921,-.83979183,.40171689,,4453,291,.5873397978647824
decomp,min50,province_year_fe,new_applicant_share,.0369887474015045,.0097763091,3.7835083,.00018809685,***,4157,289,.4051678919373412
decomp,min50,provyr_baseyr_fe,new_applicant_share,.0224894002257713,.011218987,2.0045838,.045943443,**,4157,289,.4051678919373412
decomp,min50,province_year_fe,ln1p_new_applicants,.0684264788508329,.039817687,1.7184945,.086781129,*,4157,289,4.885054573836657
decomp,min50,provyr_baseyr_fe,ln1p_new_applicants,.1252088998051937,.0454229,2.7565148,.0062149893,***,4157,289,4.885054573836657
decomp,min50,province_year_fe,ln_new_patents,.0489402152946333,.046622273,1.0497174,.29472807,,4157,289,5.592297699912915
decomp,min50,provyr_baseyr_fe,ln_new_patents,.1222913165315099,.053992923,2.2649508,.024258694,**,4157,289,5.592297699912915
decomp,min50,province_year_fe,ln1p_total_patents,.0399976396879325,.038781691,1.0313537,.3032403,,4157,289,6.592091628231046
decomp,min50,provyr_baseyr_fe,ln1p_total_patents,.090994417101737,.044150587,2.0610013,.040200546,**,4157,289,6.592091628231046
decomp,min50,province_year_fe,ln_incumbent_patents,-.0599897694717395,.041813228,-1.4347079,.15245534,,4157,289,6.028022459152385
decomp,min50,provyr_baseyr_fe,ln_incumbent_patents,.0421437096782783,.043582268,.96699214,.33435929,,4157,289,6.028022459152385
decomp,min50,province_year_fe,incumbent_share,-.0369887474015045,.0097763091,-3.7835083,.00018809685,***,4157,289,.5948321080626588
decomp,min50,provyr_baseyr_fe,incumbent_share,-.0224894002257713,.011218987,-2.0045838,.045943443,**,4157,289,.5948321080626588
decomp,min50,province_year_fe,ln1p_active_applicants,.0485255456863314,.034063488,1.4245619,.15536655,,4157,289,5.38389137583812
decomp,min50,provyr_baseyr_fe,ln1p_active_applicants,.10181475395696,.038876794,2.6189082,.0092882235,***,4157,289,5.38389137583812
decomp,min50,province_year_fe,ln_incumbent_applicants,-.0040078343540773,.028246144,-.1418896,.8872664,,4157,289,4.422313514554123
decomp,min50,provyr_baseyr_fe,ln_incumbent_applicants,.0449847405032106,.032941345,1.3656012,.17312977,,4157,289,4.422313514554123
type,min50,province_year_fe,firm_new_share_total,.004622789597226,.0073551326,.62851202,.53016669,,4157,289,.2135635272693448
type,min50,provyr_baseyr_fe,firm_new_share_total,-.0045078860029387,.0085725607,-.52585053,.59939671,,4157,289,.2135635272693448
type,min50,province_year_fe,ln_firm_new_n,.0620837028422652,.033266082,1.8662763,.063018985,*,4157,289,4.124447550610967
type,min50,provyr_baseyr_fe,ln_firm_new_n,.0673688244758919,.040793937,1.6514421,.099738255,*,4157,289,4.124447550610967
type,min50,province_year_fe,ln_firm_new_pat,.0344758816472921,.042254433,.81591153,.41522503,,4157,289,4.92748581550643
type,min50,provyr_baseyr_fe,ln_firm_new_pat,.0759426364965489,.051363785,1.4785249,.14036018,,4157,289,4.92748581550643
type,min50,province_year_fe,firm_new_share_new,.0068063246178224,.015792904,.43097359,.66680998,,4157,289,.5510718022764155
type,min50,provyr_baseyr_fe,firm_new_share_new,-.0105952920120451,.017411981,-.60850585,.54333162,,4157,289,.5510718022764155
type,min50,province_year_fe,knowledge_new_share_total,.0000641260243831,.0011617835,.055196192,.95602041,,4157,289,.008279121206469
type,min50,provyr_baseyr_fe,knowledge_new_share_total,.0016632797978907,.0018510172,.89857602,.36962914,,4157,289,.008279121206469
type,min50,province_year_fe,ln_knowledge_new_n,.0234247259514738,.034529608,.67839539,.49806577,,4157,289,1.091260160327632
type,min50,provyr_baseyr_fe,ln_knowledge_new_n,.0241522344696596,.03948484,.61168373,.54122955,,4157,289,1.091260160327632
type,min50,province_year_fe,ln_knowledge_new_pat,.0578724432888852,.053235579,1.0871009,.27790123,,4157,289,1.53461793647159
type,min50,provyr_baseyr_fe,ln_knowledge_new_pat,.0557884675869673,.060376309,.92401254,.3562533,,4157,289,1.53461793647159
type,min50,province_year_fe,knowledge_new_share_new,-.0045754127563763,.0016308831,-2.8054819,.0053663193,***,4157,289,.0215974720613996
type,min50,provyr_baseyr_fe,knowledge_new_share_new,-.000771949853353,.0020281982,-.38060868,.70377421,,4157,289,.0215974720613996
type,min50,province_year_fe,individual_new_share_total,.0306625808782159,.0093726832,3.2714837,.0011999884,***,4157,289,.1747928774583618
type,min50,provyr_baseyr_fe,individual_new_share_total,.0232517847030448,.0115064,2.0207698,.044228788,**,4157,289,.1747928774583618
type,min50,province_year_fe,ln_individual_new_n,.0186704535824209,.059629351,.31310844,.75442493,,4157,289,4.059103811424023
type,min50,provyr_baseyr_fe,ln_individual_new_n,.1223693360114762,.064316414,1.9026144,.058088146,*,4157,289,4.059103811424023
type,min50,province_year_fe,ln_individual_new_pat,-.0064621975542631,.067404747,-.095871545,.92368925,,4157,289,4.565291336806767
type,min50,provyr_baseyr_fe,ln_individual_new_pat,.1078199794323449,.070805706,1.5227584,.1289164,,4157,289,4.565291336806767
type,min50,province_year_fe,individual_new_share_new,-.0027240326441808,.014922746,-.18254232,.85528558,,4157,289,.4067786776252102
type,min50,provyr_baseyr_fe,individual_new_share_new,.0092392419511442,.01583425,.58349735,.5600152,,4157,289,.4067786776252102
type,min50,province_year_fe,org_new_share_total,.0063261665232887,.006825503,.92684251,.35478434,,4157,289,.2303750144789794
type,min50,provyr_baseyr_fe,org_new_share_total,-.0007623844772733,.0077625206,-.098213524,.92183107,,4157,289,.2303750144789794
type,min50,province_year_fe,ln_org_new_n,.0520614354548307,.031192169,1.6690547,.096193179,*,4157,289,4.211902880564118
type,min50,provyr_baseyr_fe,ln_org_new_n,.0670430808857568,.038583662,1.7376028,.083349787,*,4157,289,4.211902880564118
type,min50,province_year_fe,ln_org_new_pat,.0306967224901512,.041369636,.74201095,.4586854,,4157,289,5.013541194679182
type,min50,provyr_baseyr_fe,ln_org_new_pat,.084624873922894,.04936279,1.7143455,.087541133,*,4157,289,5.013541194679182
type,min50,province_year_fe,org_new_share_new,.0027240326441809,.014922746,.18254232,.85528558,,4157,289,.5932213223747898
type,min50,provyr_baseyr_fe,org_new_share_new,-.0092392419511441,.01583425,-.58349735,.5600152,,4157,289,.5932213223747898
