sample,spec,xvar,outcome,coef,se,t,p,sig,N,N_city,mean_y
all,cityyear_cityhigh_highye,idc_stock_high,ln_city_new_firm_n_f,.3794137020170577,.03974399,9.546442,5.8587652e-19,***,9294,291,2.597589041907146
all,cityyear_cityhigh_highye,idc_stock_high,ln_city_new_firm_pat_f,.4146978027795914,.049954534,8.3015051,3.9498904e-15,***,9294,291,3.099529367237137
all,cityyear_cityhigh_highye,idc_stock_high,city_new_share_tot_f,-.0334771873256666,.010443639,-3.2055099,.0014987907,***,9294,291,.1904111056446749
all,cityyear_cityhigh_highye,idc_stock_high,city_new_share_firm_f,-.1153345269330986,.020885363,-5.5222659,7.4396858e-08,***,9294,291,.3581984370557839
all,cityyear_cityhigh_highye,idc_stock_high,ln_field_new_firm_n_f,.32404711296121,.03756319,8.6267195,4.2174236e-16,***,9294,291,2.726579526304344
all,cityyear_cityhigh_highye,idc_stock_high,ln_field_new_firm_pat_f,.3378336223535904,.045645084,7.4013143,1.4672055e-12,***,9294,291,3.239505142142618
all,cityyear_cityhigh_highye,idc_stock_high,field_new_share_tot_f,-.0526021189694506,.012837204,-4.0976305,.000054221186,***,9294,291,.2286372187574123
all,cityyear_cityhigh_highye,idc_stock_high,field_new_share_firm_f,-.1593659165225849,.025873138,-6.1595125,2.4300049e-09,***,9294,291,.4294581722656221
all,cityyear_cityhigh_highye,idc_stock_high,ln_firm_pat_f,.3413105398317016,.054465774,6.2665143,1.3321344e-09,***,9294,291,3.977028172946104
all,cityyear_cityhigh_highye,idc_stock_high,ln_firm_inc_pat_f,.5231913286399344,.074685596,7.0052509,1.7250338e-11,***,9294,291,3.500931078941426
all,cityyear_cityhigh_highye,idc_stock_high,ln_firm_act_f,.3286566434105774,.038171481,8.6100044,4.7369862e-16,***,9294,291,3.143241618428056
all,cityyear_cityhigh_highye,idc_stock_high,firm_share_f,-.0623973966210392,.015833244,-3.9409106,.00010178885,***,9294,291,.4964117393383138
all,cityyear_cityhigh_highye,idc_stock_high,ln_tot_pat_f,.1664926126401561,.044658639,3.7281165,.00023194937,***,9294,291,4.620677842718099
all,cityyear_cityhigh_highye,idc_new_high,ln_city_new_firm_n_f,.1135527821351428,.030027818,3.7815862,.00018923818,***,9294,291,2.597589041907146
all,cityyear_cityhigh_highye,idc_new_high,ln_city_new_firm_pat_f,.1659345998743114,.038941924,4.2610788,.000027534326,***,9294,291,3.099529367237137
all,cityyear_cityhigh_highye,idc_new_high,city_new_share_tot_f,-.001705386769852,.0099837026,-.17081706,.86448675,,9294,291,.1904111056446749
all,cityyear_cityhigh_highye,idc_new_high,city_new_share_firm_f,-.0279569354635953,.015586434,-1.793671,.073907427,*,9294,291,.3581984370557839
all,cityyear_cityhigh_highye,idc_new_high,ln_field_new_firm_n_f,.1155015827077012,.029143423,3.9632127,.000093174065,***,9294,291,2.726579526304344
all,cityyear_cityhigh_highye,idc_new_high,ln_field_new_firm_pat_f,.1559579485821541,.037283335,4.1830473,.000038151822,***,9294,291,3.239505142142618
all,cityyear_cityhigh_highye,idc_new_high,field_new_share_tot_f,-.0038400022983938,.010548076,-.36404768,.7160877,,9294,291,.2286372187574123
all,cityyear_cityhigh_highye,idc_new_high,field_new_share_firm_f,-.0351626300570424,.016897168,-2.0809779,.038313303,**,9294,291,.4294581722656221
all,cityyear_cityhigh_highye,idc_new_high,ln_firm_pat_f,.1586249136660144,.036375701,4.3607383,.000018028437,***,9294,291,3.977028172946104
all,cityyear_cityhigh_highye,idc_new_high,ln_firm_inc_pat_f,.1993000990837967,.040823326,4.8820152,1.7369588e-06,***,9294,291,3.500931078941426
all,cityyear_cityhigh_highye,idc_new_high,ln_firm_act_f,.1091925346869691,.025616666,4.2625585,.000027363303,***,9294,291,3.143241618428056
all,cityyear_cityhigh_highye,idc_new_high,firm_share_f,.0109126336522972,.012112657,.90092814,.36837408,,9294,291,.4964117393383138
all,cityyear_cityhigh_highye,idc_new_high,ln_tot_pat_f,.0764651084735019,.028058257,2.7252266,.006816308,***,9294,291,4.620677842718099
all,cityyear_cityhigh_highye,idc_pre5_high,ln_city_new_firm_n_f,.2460741433391216,.033386115,7.370553,1.7823877e-12,***,9294,291,2.597589041907146
all,cityyear_cityhigh_highye,idc_pre5_high,ln_city_new_firm_pat_f,.2804423503429252,.040912308,6.8547182,4.2974898e-11,***,9294,291,3.099529367237137
all,cityyear_cityhigh_highye,idc_pre5_high,city_new_share_tot_f,-.0168936861683546,.0077117332,-2.1906471,.029273225,**,9294,291,.1904111056446749
all,cityyear_cityhigh_highye,idc_pre5_high,city_new_share_firm_f,-.0729293239025369,.013845068,-5.2675309,2.6999945e-07,***,9294,291,.3581984370557839
all,cityyear_cityhigh_highye,idc_pre5_high,ln_field_new_firm_n_f,.2117475852177342,.031225862,6.7811608,6.6801377e-11,***,9294,291,2.726579526304344
all,cityyear_cityhigh_highye,idc_pre5_high,ln_field_new_firm_pat_f,.2293924978340497,.037515134,6.1146655,3.1193126e-09,***,9294,291,3.239505142142618
all,cityyear_cityhigh_highye,idc_pre5_high,field_new_share_tot_f,-.0279204247735585,.0086129541,-3.241678,.0013268231,***,9294,291,.2286372187574123
all,cityyear_cityhigh_highye,idc_pre5_high,field_new_share_firm_f,-.1005124596379588,.015779063,-6.3699889,7.3966860e-10,***,9294,291,.4294581722656221
all,cityyear_cityhigh_highye,idc_pre5_high,ln_firm_pat_f,.2389284477928124,.039684739,6.0206633,5.2421685e-09,***,9294,291,3.977028172946104
all,cityyear_cityhigh_highye,idc_pre5_high,ln_firm_inc_pat_f,.3522275535080751,.049978662,7.0475588,1.3314880e-11,***,9294,291,3.500931078941426
all,cityyear_cityhigh_highye,idc_pre5_high,ln_firm_act_f,.2143432442372911,.029896319,7.1695528,6.2737328e-12,***,9294,291,3.143241618428056
all,cityyear_cityhigh_highye,idc_pre5_high,firm_share_f,-.0282690379495191,.010572567,-2.6738102,.007924675,***,9294,291,.4964117393383138
all,cityyear_cityhigh_highye,idc_pre5_high,ln_tot_pat_f,.1061052352872088,.032026459,3.3130493,.001039885,***,9294,291,4.620677842718099
min20,cityyear_cityhigh_highye,idc_stock_high,ln_city_new_firm_n_f,.316094794425186,.037402205,8.4512348,1.4355800e-15,***,8904,290,2.691396681131252
min20,cityyear_cityhigh_highye,idc_stock_high,ln_city_new_firm_pat_f,.3331533929976038,.047245804,7.0514917,1.3078491e-11,***,8904,290,3.211839981784139
min20,cityyear_cityhigh_highye,idc_stock_high,city_new_share_tot_f,-.0317507495934876,.010544285,-3.0111809,.0028322772,***,8904,290,.1915045859973718
min20,cityyear_cityhigh_highye,idc_stock_high,city_new_share_firm_f,-.1132898548387506,.020816579,-5.4422898,1.1233968e-07,***,8904,290,.3582347930899348
min20,cityyear_cityhigh_highye,idc_stock_high,ln_field_new_firm_n_f,.2525286905499669,.034327146,7.3565302,1.9614755e-12,***,8904,290,2.826037018281696
min20,cityyear_cityhigh_highye,idc_stock_high,ln_field_new_firm_pat_f,.2486869063905554,.041966315,5.9258695,8.8252410e-09,***,8904,290,3.35794677108912
min20,cityyear_cityhigh_highye,idc_stock_high,field_new_share_tot_f,-.0478268595795485,.012988176,-3.6823385,.00027575257,***,8904,290,.2314050234715162
min20,cityyear_cityhigh_highye,idc_stock_high,field_new_share_firm_f,-.15496419530101,.026024848,-5.9544706,7.5545916e-09,***,8904,290,.4326157431169155
min20,cityyear_cityhigh_highye,idc_stock_high,ln_firm_pat_f,.2371092431956675,.050343111,4.7098646,3.8543230e-06,***,8904,290,4.122645017598534
min20,cityyear_cityhigh_highye,idc_stock_high,ln_firm_inc_pat_f,.4472974320442247,.073652335,6.0730925,3.9415160e-09,***,8904,290,3.644849385417443
min20,cityyear_cityhigh_highye,idc_stock_high,ln_firm_act_f,.2529467674269153,.034499437,7.3319101,2.2905317e-12,***,8904,290,3.257133971662955
min20,cityyear_cityhigh_highye,idc_stock_high,firm_share_f,-.0593757154870102,.016125442,-3.6821139,.00027598461,***,8904,290,.5085530475715785
min20,cityyear_cityhigh_highye,idc_stock_high,ln_tot_pat_f,.0711579350854417,.039779104,1.7888269,.07468994,*,8904,290,4.771515862550967
min20,cityyear_cityhigh_highye,idc_new_high,ln_city_new_firm_n_f,.0834257349044811,.027935294,2.9863918,.0030646978,***,8904,290,2.691396681131252
min20,cityyear_cityhigh_highye,idc_new_high,ln_city_new_firm_pat_f,.1299637716140473,.036865089,3.5253887,.00049151399,***,8904,290,3.211839981784139
min20,cityyear_cityhigh_highye,idc_new_high,city_new_share_tot_f,-.0028070240464011,.0099176597,-.28303289,.77735424,,8904,290,.1915045859973718
min20,cityyear_cityhigh_highye,idc_new_high,city_new_share_firm_f,-.0300573880728677,.015261292,-1.9695178,.049848553,**,8904,290,.3582347930899348
min20,cityyear_cityhigh_highye,idc_new_high,ln_field_new_firm_n_f,.0836804186613262,.026974251,3.1022334,.0021106135,***,8904,290,2.826037018281696
min20,cityyear_cityhigh_highye,idc_new_high,ln_field_new_firm_pat_f,.1187963062098986,.035249006,3.370203,.00085330347,***,8904,290,3.35794677108912
min20,cityyear_cityhigh_highye,idc_new_high,field_new_share_tot_f,-.0039077185905817,.010575441,-.36950883,.71201909,,8904,290,.2314050234715162
min20,cityyear_cityhigh_highye,idc_new_high,field_new_share_firm_f,-.0365011809416888,.016709438,-2.1844649,.029731523,**,8904,290,.4326157431169155
min20,cityyear_cityhigh_highye,idc_new_high,ln_firm_pat_f,.1196743613205518,.033326879,3.5909259,.0003870636,***,8904,290,4.122645017598534
min20,cityyear_cityhigh_highye,idc_new_high,ln_firm_inc_pat_f,.1720884401377576,.038741857,4.4419255,.00001271026,***,8904,290,3.644849385417443
min20,cityyear_cityhigh_highye,idc_new_high,ln_firm_act_f,.0772556321318349,.023351578,3.3083687,.0010571973,***,8904,290,3.257133971662955
min20,cityyear_cityhigh_highye,idc_new_high,firm_share_f,.0113713264572611,.012036089,.9447692,.34556589,,8904,290,.5085530475715785
min20,cityyear_cityhigh_highye,idc_new_high,ln_tot_pat_f,.0422063157638814,.025550935,1.6518501,.099651173,*,8904,290,4.771515862550967
min20,cityyear_cityhigh_highye,idc_pre5_high,ln_city_new_firm_n_f,.1970991291174132,.031358622,6.2853251,1.2025757e-09,***,8904,290,2.691396681131252
min20,cityyear_cityhigh_highye,idc_pre5_high,ln_city_new_firm_pat_f,.2200658437075058,.038989022,5.6443024,3.9585586e-08,***,8904,290,3.211839981784139
min20,cityyear_cityhigh_highye,idc_pre5_high,city_new_share_tot_f,-.0177734867124859,.0075896438,-2.3418078,.01986973,**,8904,290,.1915045859973718
min20,cityyear_cityhigh_highye,idc_pre5_high,city_new_share_firm_f,-.0735399302542856,.013368672,-5.5009155,8.3243506e-08,***,8904,290,.3582347930899348
min20,cityyear_cityhigh_highye,idc_pre5_high,ln_field_new_firm_n_f,.1588633744900639,.029186716,5.4430027,1.1193263e-07,***,8904,290,2.826037018281696
min20,cityyear_cityhigh_highye,idc_pre5_high,ln_field_new_firm_pat_f,.1659266746226113,.035723645,4.6447296,5.1774391e-06,***,8904,290,3.35794677108912
min20,cityyear_cityhigh_highye,idc_pre5_high,field_new_share_tot_f,-.0265302938236801,.0085256966,-3.1118038,.0020455436,***,8904,290,.2314050234715162
min20,cityyear_cityhigh_highye,idc_pre5_high,field_new_share_firm_f,-.099075060941313,.015455699,-6.4102612,5.8980998e-10,***,8904,290,.4326157431169155
min20,cityyear_cityhigh_highye,idc_pre5_high,ln_firm_pat_f,.1679305554657037,.036742948,4.570416,7.2215084e-06,***,8904,290,4.122645017598534
min20,cityyear_cityhigh_highye,idc_pre5_high,ln_firm_inc_pat_f,.3010045855240296,.048225727,6.2415771,1.5396608e-09,***,8904,290,3.644849385417443
min20,cityyear_cityhigh_highye,idc_pre5_high,ln_firm_act_f,.1593635793568068,.027468236,5.8017406,1.7217531e-08,***,8904,290,3.257133971662955
min20,cityyear_cityhigh_highye,idc_pre5_high,firm_share_f,-.0269369191213307,.010536228,-2.5565999,.011081294,**,8904,290,.5085530475715785
min20,cityyear_cityhigh_highye,idc_pre5_high,ln_tot_pat_f,.0425196336561723,.028698469,1.4815995,.1395364,,8904,290,4.771515862550967
min50,cityyear_cityhigh_highye,idc_stock_high,ln_city_new_firm_n_f,.2465669516842835,.035768911,6.8933311,3.4642261e-11,***,8312,288,2.82112000338488
min50,cityyear_cityhigh_highye,idc_stock_high,ln_city_new_firm_pat_f,.2486514653157937,.046045907,5.4000773,1.3986501e-07,***,8312,288,3.364662186951679
min50,cityyear_cityhigh_highye,idc_stock_high,city_new_share_tot_f,-.0254006110405777,.010156036,-2.5010357,.012940423,**,8312,288,.1928515602625107
min50,cityyear_cityhigh_highye,idc_stock_high,city_new_share_firm_f,-.0903298281391252,.020042958,-4.5068111,9.5927053e-06,***,8312,288,.3574848189752348
min50,cityyear_cityhigh_highye,idc_stock_high,ln_field_new_firm_n_f,.1784091378049515,.032500837,5.4893703,8.8775153e-08,***,8312,288,2.964670647110348
min50,cityyear_cityhigh_highye,idc_stock_high,ln_field_new_firm_pat_f,.1615765036495343,.04070374,3.969574,.000091060203,***,8312,288,3.520295817304948
min50,cityyear_cityhigh_highye,idc_stock_high,field_new_share_tot_f,-.0347133931828982,.01245189,-2.787801,.0056610499,***,8312,288,.2349655040845675
min50,cityyear_cityhigh_highye,idc_stock_high,field_new_share_firm_f,-.1232755402106973,.024804613,-4.9698634,1.1536314e-06,***,8312,288,.4362596764588575
min50,cityyear_cityhigh_highye,idc_stock_high,ln_firm_pat_f,.1323175905654198,.04881417,2.710639,.0071198451,***,8312,288,4.321669514496967
min50,cityyear_cityhigh_highye,idc_stock_high,ln_firm_inc_pat_f,.3168818121046377,.070901245,4.4693403,.000011305335,***,8312,288,3.849532973125502
min50,cityyear_cityhigh_highye,idc_stock_high,ln_firm_act_f,.1744736405071457,.032654062,5.3430915,1.8638755e-07,***,8312,288,3.414189571348221
min50,cityyear_cityhigh_highye,idc_stock_high,firm_share_f,-.0481271983343096,.015716789,-3.0621519,.0024058677,***,8312,288,.5247907091326749
min50,cityyear_cityhigh_highye,idc_stock_high,ln_tot_pat_f,.0021225948132674,.039203241,.054143351,.95685863,,8312,288,4.974434328074142
min50,cityyear_cityhigh_highye,idc_new_high,ln_city_new_firm_n_f,.0543366191892499,.025987847,2.0908473,.037421193,**,8312,288,2.82112000338488
min50,cityyear_cityhigh_highye,idc_new_high,ln_city_new_firm_pat_f,.0962085624799458,.035416119,2.7165191,.006997759,***,8312,288,3.364662186951679
min50,cityyear_cityhigh_highye,idc_new_high,city_new_share_tot_f,-.001903896561481,.009328464,-.20409539,.83842361,,8312,288,.1928515602625107
min50,cityyear_cityhigh_highye,idc_new_high,city_new_share_firm_f,-.0220795985586071,.014826385,-1.4892098,.13753018,,8312,288,.3574848189752348
min50,cityyear_cityhigh_highye,idc_new_high,ln_field_new_firm_n_f,.0562694191624619,.025079042,2.2436829,.02561534,**,8312,288,2.964670647110348
min50,cityyear_cityhigh_highye,idc_new_high,ln_field_new_firm_pat_f,.0870721937525973,.033684172,2.5849588,.010232664,**,8312,288,3.520295817304948
min50,cityyear_cityhigh_highye,idc_new_high,field_new_share_tot_f,-.001582048776381,.010035793,-.15764062,.87485087,,8312,288,.2349655040845675
min50,cityyear_cityhigh_highye,idc_new_high,field_new_share_firm_f,-.0257711354867134,.016487595,-1.5630621,.11913994,,8312,288,.4362596764588575
min50,cityyear_cityhigh_highye,idc_new_high,ln_firm_pat_f,.0800411004186907,.031229803,2.5629716,.010888073,**,8312,288,4.321669514496967
min50,cityyear_cityhigh_highye,idc_new_high,ln_firm_inc_pat_f,.1258737464155168,.036465954,3.4518156,.00064061623,***,8312,288,3.849532973125502
min50,cityyear_cityhigh_highye,idc_new_high,ln_firm_act_f,.0459032457196804,.021166468,2.1686776,.030928392,**,8312,288,3.414189571348221
min50,cityyear_cityhigh_highye,idc_new_high,firm_share_f,.0091380100408677,.011119138,.82182711,.41185749,,8312,288,.5247907091326749
min50,cityyear_cityhigh_highye,idc_new_high,ln_tot_pat_f,.0163770071235349,.024421688,.67059278,.50301927,,8312,288,4.974434328074142
min50,cityyear_cityhigh_highye,idc_pre5_high,ln_city_new_firm_n_f,.1414794501142747,.028987002,4.8807893,1.7557027e-06,***,8312,288,2.82112000338488
min50,cityyear_cityhigh_highye,idc_pre5_high,ln_city_new_firm_pat_f,.155115701803843,.036817268,4.2131238,.000033762513,***,8312,288,3.364662186951679
min50,cityyear_cityhigh_highye,idc_pre5_high,city_new_share_tot_f,-.013396146395205,.0071339034,-1.8778144,.061420489,*,8312,288,.1928515602625107
min50,cityyear_cityhigh_highye,idc_pre5_high,city_new_share_firm_f,-.0575717148456212,.01251631,-4.5997357,6.3532821e-06,***,8312,288,.3574848189752348
min50,cityyear_cityhigh_highye,idc_pre5_high,ln_field_new_firm_n_f,.1035235232887241,.026810693,3.8612773,.00013942402,***,8312,288,2.964670647110348
min50,cityyear_cityhigh_highye,idc_pre5_high,ln_field_new_firm_pat_f,.1033868770857049,.033632733,3.0739956,.0023153278,***,8312,288,3.520295817304948
min50,cityyear_cityhigh_highye,idc_pre5_high,field_new_share_tot_f,-.0174657333265807,.0083380928,-2.0946915,.037075065,**,8312,288,.2349655040845675
min50,cityyear_cityhigh_highye,idc_pre5_high,field_new_share_firm_f,-.0765630176990384,.014606701,-5.2416368,3.0899292e-07,***,8312,288,.4362596764588575
min50,cityyear_cityhigh_highye,idc_pre5_high,ln_firm_pat_f,.0934820031344408,.033502433,2.7903049,.0056186169,***,8312,288,4.321669514496967
min50,cityyear_cityhigh_highye,idc_pre5_high,ln_firm_inc_pat_f,.2091683794472531,.044254884,4.7264476,3.5841308e-06,***,8312,288,3.849532973125502
min50,cityyear_cityhigh_highye,idc_pre5_high,ln_firm_act_f,.0999079205317484,.024638839,4.0548959,.000064669715,***,8312,288,3.414189571348221
min50,cityyear_cityhigh_highye,idc_pre5_high,firm_share_f,-.0201317959063787,.0098871272,-2.0361624,.042652041,**,8312,288,.5247907091326749
min50,cityyear_cityhigh_highye,idc_pre5_high,ln_tot_pat_f,-.0069975525663921,.026398443,-.26507446,.7911424,,8312,288,4.974434328074142
