eventdef,spec,outcome,event,rel,coef,se,t,p,sig,preF,prep,N,N_city,N_treated_city,mean_y
scope_ge_1,province_year_fe,ln1p_new_applicants,es_m4,-4,.032263629,.063859239,.50523037,.61387664,,.7787518226013462,.50688022,3719,233,79,4.33819638026051
scope_ge_1,province_year_fe,ln1p_new_applicants,es_m3,-3,.034474202,.042702314,.80731463,.42031217,,.7787518226013462,.50688022,3719,233,79,4.33819638026051
scope_ge_1,province_year_fe,ln1p_new_applicants,es_m2,-2,-.020254724,.038999408,-.51935977,.60400498,,.7787518226013462,.50688022,3719,233,79,4.33819638026051
scope_ge_1,province_year_fe,ln1p_new_applicants,es_0,0,-.030437704,.031620324,-.96259934,.33675084,,.7787518226013462,.50688022,3719,233,79,4.33819638026051
scope_ge_1,province_year_fe,ln1p_new_applicants,es_p1,1,-.028418571,.040800557,-.69652408,.48679793,,.7787518226013462,.50688022,3719,233,79,4.33819638026051
scope_ge_1,province_year_fe,ln1p_new_applicants,es_p2,2,-.015755739,.052680865,-.299079,.76514751,,.7787518226013462,.50688022,3719,233,79,4.33819638026051
scope_ge_1,province_year_fe,ln1p_new_applicants,es_p3,3,-.0059141289,.059171122,-.099949576,.92047065,,.7787518226013462,.50688022,3719,233,79,4.33819638026051
scope_ge_1,province_year_fe,ln1p_new_applicants,es_p4,4,.051272679,.062957495,.81440151,.41625011,,.7787518226013462,.50688022,3719,233,79,4.33819638026051
scope_ge_1,provyr_baseyr_fe,ln1p_new_applicants,es_m4,-4,-.028361753,.06319996,-.44876221,.6540221,,.9412956336032656,.42138544,3719,233,79,4.33819638026051
scope_ge_1,provyr_baseyr_fe,ln1p_new_applicants,es_m3,-3,.0084872702,.043460555,.19528674,.84533942,,.9412956336032656,.42138544,3719,233,79,4.33819638026051
scope_ge_1,provyr_baseyr_fe,ln1p_new_applicants,es_m2,-2,-.036634691,.039680932,-.92323166,.35684565,,.9412956336032656,.42138544,3719,233,79,4.33819638026051
scope_ge_1,provyr_baseyr_fe,ln1p_new_applicants,es_0,0,-.016754901,.033762708,-.49625465,.6201846,,.9412956336032656,.42138544,3719,233,79,4.33819638026051
scope_ge_1,provyr_baseyr_fe,ln1p_new_applicants,es_p1,1,-.011548443,.044234626,-.26107246,.79426825,,.9412956336032656,.42138544,3719,233,79,4.33819638026051
scope_ge_1,provyr_baseyr_fe,ln1p_new_applicants,es_p2,2,.011856027,.055218656,.21471053,.8301816,,.9412956336032656,.42138544,3719,233,79,4.33819638026051
scope_ge_1,provyr_baseyr_fe,ln1p_new_applicants,es_p3,3,.027169472,.063342363,.42893052,.6683718,,.9412956336032656,.42138544,3719,233,79,4.33819638026051
scope_ge_1,provyr_baseyr_fe,ln1p_new_applicants,es_p4,4,.099233478,.0682422,1.4541366,.14725991,,.9412956336032656,.42138544,3719,233,79,4.33819638026051
scope_ge_1,province_year_fe,new_applicant_share,es_m4,-4,.00676138,.017950093,.37667656,.70675826,,.1139139425578497,.95190096,3719,233,79,.4555013134560745
scope_ge_1,province_year_fe,new_applicant_share,es_m3,-3,.006557351,.017483832,.37505224,.70796424,,.1139139425578497,.95190096,3719,233,79,.4555013134560745
scope_ge_1,province_year_fe,new_applicant_share,es_m2,-2,-.0013244731,.012064336,-.10978417,.91267544,,.1139139425578497,.95190096,3719,233,79,.4555013134560745
scope_ge_1,province_year_fe,new_applicant_share,es_0,0,.0047378517,.01444054,.3280938,.74313664,,.1139139425578497,.95190096,3719,233,79,.4555013134560745
scope_ge_1,province_year_fe,new_applicant_share,es_p1,1,.017533667,.015407641,1.1379852,.25630051,,.1139139425578497,.95190096,3719,233,79,.4555013134560745
scope_ge_1,province_year_fe,new_applicant_share,es_p2,2,.0397515,.017359139,2.2899466,.022923041,**,.1139139425578497,.95190096,3719,233,79,.4555013134560745
scope_ge_1,province_year_fe,new_applicant_share,es_p3,3,.033643968,.017994028,1.8697295,.062780999,*,.1139139425578497,.95190096,3719,233,79,.4555013134560745
scope_ge_1,province_year_fe,new_applicant_share,es_p4,4,.037244208,.01733637,2.1483278,.032723587,**,.1139139425578497,.95190096,3719,233,79,.4555013134560745
scope_ge_1,provyr_baseyr_fe,new_applicant_share,es_m4,-4,.033963919,.018431049,1.8427557,.066640563,*,1.33381598355187,.26408321,3719,233,79,.4555013134560745
scope_ge_1,provyr_baseyr_fe,new_applicant_share,es_m3,-3,.02156953,.018131588,1.1896106,.2354155,,1.33381598355187,.26408321,3719,233,79,.4555013134560745
scope_ge_1,provyr_baseyr_fe,new_applicant_share,es_m2,-2,.0025206157,.012149162,.2074724,.83582294,,1.33381598355187,.26408321,3719,233,79,.4555013134560745
scope_ge_1,provyr_baseyr_fe,new_applicant_share,es_0,0,-.0012598822,.015017131,-.083896331,.93321121,,1.33381598355187,.26408321,3719,233,79,.4555013134560745
scope_ge_1,provyr_baseyr_fe,new_applicant_share,es_p1,1,.0078550288,.015790533,.49745181,.61934161,,1.33381598355187,.26408321,3719,233,79,.4555013134560745
scope_ge_1,provyr_baseyr_fe,new_applicant_share,es_p2,2,.030294675,.017767711,1.7050411,.089525349,*,1.33381598355187,.26408321,3719,233,79,.4555013134560745
scope_ge_1,provyr_baseyr_fe,new_applicant_share,es_p3,3,.022608262,.018547252,1.2189548,.22409931,,1.33381598355187,.26408321,3719,233,79,.4555013134560745
scope_ge_1,provyr_baseyr_fe,new_applicant_share,es_p4,4,.019324735,.018551564,1.0416769,.29864579,,1.33381598355187,.26408321,3719,233,79,.4555013134560745
scope_ge_1,province_year_fe,hhi,es_m4,-4,-.012177165,.014640726,-.83173227,.40641534,,1.151144311171109,.32924461,3719,233,79,.0659890855742629
scope_ge_1,province_year_fe,hhi,es_m3,-3,-.0096444478,.0081511196,-1.1832054,.23793879,,1.151144311171109,.32924461,3719,233,79,.0659890855742629
scope_ge_1,province_year_fe,hhi,es_m2,-2,.0036764839,.0058574993,.62765419,.53084779,,1.151144311171109,.32924461,3719,233,79,.0659890855742629
scope_ge_1,province_year_fe,hhi,es_0,0,.005744393,.0052340413,1.0975063,.27355793,,1.151144311171109,.32924461,3719,233,79,.0659890855742629
scope_ge_1,province_year_fe,hhi,es_p1,1,.0084619066,.0086114174,.982638,.32680926,,1.151144311171109,.32924461,3719,233,79,.0659890855742629
scope_ge_1,province_year_fe,hhi,es_p2,2,.012205826,.0094914623,1.2859796,.19973217,,1.151144311171109,.32924461,3719,233,79,.0659890855742629
scope_ge_1,province_year_fe,hhi,es_p3,3,.013895981,.012197984,1.1392031,.25579333,,1.151144311171109,.32924461,3719,233,79,.0659890855742629
scope_ge_1,province_year_fe,hhi,es_p4,4,.018700108,.017216863,1.0861506,.2785396,,1.151144311171109,.32924461,3719,233,79,.0659890855742629
scope_ge_1,provyr_baseyr_fe,hhi,es_m4,-4,-.0082556186,.013192242,-.62579346,.53206557,,.9161155061413737,.43379691,3719,233,79,.0659890855742629
scope_ge_1,provyr_baseyr_fe,hhi,es_m3,-3,-.0075124688,.0077840523,-.96511024,.33549452,,.9161155061413737,.43379691,3719,233,79,.0659890855742629
scope_ge_1,provyr_baseyr_fe,hhi,es_m2,-2,.0045507639,.0059739347,.76176995,.446971,,.9161155061413737,.43379691,3719,233,79,.0659890855742629
scope_ge_1,provyr_baseyr_fe,hhi,es_0,0,.0035104209,.0051638195,.67981094,.49730194,,.9161155061413737,.43379691,3719,233,79,.0659890855742629
scope_ge_1,provyr_baseyr_fe,hhi,es_p1,1,.0039574415,.0084297601,.46946079,.63918126,,.9161155061413737,.43379691,3719,233,79,.0659890855742629
scope_ge_1,provyr_baseyr_fe,hhi,es_p2,2,.0070974175,.0095645469,.74205476,.45880473,,.9161155061413737,.43379691,3719,233,79,.0659890855742629
scope_ge_1,provyr_baseyr_fe,hhi,es_p3,3,.008794196,.013177102,.66738462,.50518978,,.9161155061413737,.43379691,3719,233,79,.0659890855742629
scope_ge_1,provyr_baseyr_fe,hhi,es_p4,4,.011194369,.01917346,.58384711,.55989039,,.9161155061413737,.43379691,3719,233,79,.0659890855742629
scope_ge_1,province_year_fe,top10_share,es_m4,-4,-.0075178505,.022346465,-.33642238,.73685646,,.0504942918400191,.98497325,3719,233,79,.4725234794578038
scope_ge_1,province_year_fe,top10_share,es_m3,-3,-.0040462404,.016569203,-.24420248,.80728984,,.0504942918400191,.98497325,3719,233,79,.4725234794578038
scope_ge_1,province_year_fe,top10_share,es_m2,-2,-.00022231901,.013531507,-.01642973,.98690569,,.0504942918400191,.98497325,3719,233,79,.4725234794578038
scope_ge_1,province_year_fe,top10_share,es_0,0,.0054470263,.011193703,.48661524,.62699038,,.0504942918400191,.98497325,3719,233,79,.4725234794578038
scope_ge_1,province_year_fe,top10_share,es_p1,1,.0012224987,.014280402,.085606746,.93185288,,.0504942918400191,.98497325,3719,233,79,.4725234794578038
scope_ge_1,province_year_fe,top10_share,es_p2,2,.0057501928,.018156148,.31670776,.75175017,,.0504942918400191,.98497325,3719,233,79,.4725234794578038
scope_ge_1,province_year_fe,top10_share,es_p3,3,.0046570417,.019804625,.23514922,.81430036,,.0504942918400191,.98497325,3719,233,79,.4725234794578038
scope_ge_1,province_year_fe,top10_share,es_p4,4,.019676803,.021820441,.90176004,.36811957,,.0504942918400191,.98497325,3719,233,79,.4725234794578038
scope_ge_1,provyr_baseyr_fe,top10_share,es_m4,-4,.0068099005,.021242131,.32058463,.74881375,,.0816235745278652,.96997041,3719,233,79,.4725234794578038
scope_ge_1,provyr_baseyr_fe,top10_share,es_m3,-3,-.00036401796,.016533306,-.02201725,.98245311,,.0816235745278652,.96997041,3719,233,79,.4725234794578038
scope_ge_1,provyr_baseyr_fe,top10_share,es_m2,-2,.0011102745,.0133775,.082995661,.93392658,,.0816235745278652,.96997041,3719,233,79,.4725234794578038
scope_ge_1,provyr_baseyr_fe,top10_share,es_0,0,-.0016690919,.011325502,-.14737464,.88296431,,.0816235745278652,.96997041,3719,233,79,.4725234794578038
scope_ge_1,provyr_baseyr_fe,top10_share,es_p1,1,-.0090280129,.014726161,-.61305952,.54043752,,.0816235745278652,.96997041,3719,233,79,.4725234794578038
scope_ge_1,provyr_baseyr_fe,top10_share,es_p2,2,-.0075369538,.018134922,-.41560444,.6780836,,.0816235745278652,.96997041,3719,233,79,.4725234794578038
scope_ge_1,provyr_baseyr_fe,top10_share,es_p3,3,-.015461879,.019619377,-.78809226,.43144724,,.0816235745278652,.96997041,3719,233,79,.4725234794578038
scope_ge_1,provyr_baseyr_fe,top10_share,es_p4,4,-.010477947,.022710139,-.46137753,.64496005,,.0816235745278652,.96997041,3719,233,79,.4725234794578038
scope_ge_1,province_year_fe,base_top_share,es_m4,-4,-.055863615,.024850439,-2.247993,.025516639,**,2.817463115324989,.039843544,3719,233,79,.1930823432292725
scope_ge_1,province_year_fe,base_top_share,es_m3,-3,-.015446045,.016160637,-.95578188,.34017733,,2.817463115324989,.039843544,3719,233,79,.1930823432292725
scope_ge_1,province_year_fe,base_top_share,es_m2,-2,.01130069,.012865195,.87839246,.38063958,,2.817463115324989,.039843544,3719,233,79,.1930823432292725
scope_ge_1,province_year_fe,base_top_share,es_0,0,.0037050904,.010884549,.34039906,.73386407,,2.817463115324989,.039843544,3719,233,79,.1930823432292725
scope_ge_1,province_year_fe,base_top_share,es_p1,1,-.0076238606,.01554729,-.49036589,.62433845,,2.817463115324989,.039843544,3719,233,79,.1930823432292725
scope_ge_1,province_year_fe,base_top_share,es_p2,2,-.015294161,.017601103,-.86893201,.38578236,,2.817463115324989,.039843544,3719,233,79,.1930823432292725
scope_ge_1,province_year_fe,base_top_share,es_p3,3,-.011933288,.020562703,-.58033651,.56225097,,2.817463115324989,.039843544,3719,233,79,.1930823432292725
scope_ge_1,province_year_fe,base_top_share,es_p4,4,-.011591006,.023853384,-.4859271,.62747747,,2.817463115324989,.039843544,3719,233,79,.1930823432292725
scope_ge_1,provyr_baseyr_fe,base_top_share,es_m4,-4,-.023256995,.022891281,-1.0159761,.31069911,,1.136266773438012,.33514008,3719,233,79,.1930823432292725
scope_ge_1,provyr_baseyr_fe,base_top_share,es_m3,-3,-.0082696732,.01684794,-.49084181,.62400228,,1.136266773438012,.33514008,3719,233,79,.1930823432292725
scope_ge_1,provyr_baseyr_fe,base_top_share,es_m2,-2,.010848724,.012871801,.84282875,.40019229,,1.136266773438012,.33514008,3719,233,79,.1930823432292725
scope_ge_1,provyr_baseyr_fe,base_top_share,es_0,0,.0041785259,.011272668,.37067765,.71121585,,1.136266773438012,.33514008,3719,233,79,.1930823432292725
scope_ge_1,provyr_baseyr_fe,base_top_share,es_p1,1,-.0082757659,.016345248,-.50631022,.61311966,,1.136266773438012,.33514008,3719,233,79,.1930823432292725
scope_ge_1,provyr_baseyr_fe,base_top_share,es_p2,2,-.020097394,.018529033,-1.0846434,.27920547,,1.136266773438012,.33514008,3719,233,79,.1930823432292725
scope_ge_1,provyr_baseyr_fe,base_top_share,es_p3,3,-.016739473,.022561152,-.74196011,.45886198,,1.136266773438012,.33514008,3719,233,79,.1930823432292725
scope_ge_1,provyr_baseyr_fe,base_top_share,es_p4,4,-.016951313,.028886996,-.58681464,.55789876,,1.136266773438012,.33514008,3719,233,79,.1930823432292725
scope_ge_1,province_year_fe,base_mid_inc_share,es_m4,-4,.0051537482,.015539166,.33166182,.74044406,,.3745907713099745,.77141154,3719,233,79,.3825758892680844
scope_ge_1,province_year_fe,base_mid_inc_share,es_m3,-3,-.0030744211,.015255831,-.20152432,.84046519,,.3745907713099745,.77141154,3719,233,79,.3825758892680844
scope_ge_1,province_year_fe,base_mid_inc_share,es_m2,-2,-.007710821,.011948821,-.64532065,.51935709,,.3745907713099745,.77141154,3719,233,79,.3825758892680844
scope_ge_1,province_year_fe,base_mid_inc_share,es_0,0,-.0071389838,.014061766,-.50768757,.61215478,,.3745907713099745,.77141154,3719,233,79,.3825758892680844
scope_ge_1,province_year_fe,base_mid_inc_share,es_p1,1,-.0077162562,.015817987,-.48781532,.62614131,,.3745907713099745,.77141154,3719,233,79,.3825758892680844
scope_ge_1,province_year_fe,base_mid_inc_share,es_p2,2,-.021694839,.019480862,-1.1136489,.26658231,,.3745907713099745,.77141154,3719,233,79,.3825758892680844
scope_ge_1,province_year_fe,base_mid_inc_share,es_p3,3,-.018480862,.020109678,-.91900331,.35904834,,.3745907713099745,.77141154,3719,233,79,.3825758892680844
scope_ge_1,province_year_fe,base_mid_inc_share,es_p4,4,-.020734135,.022007147,-.94215459,.34709352,,.3745907713099745,.77141154,3719,233,79,.3825758892680844
scope_ge_1,provyr_baseyr_fe,base_mid_inc_share,es_m4,-4,-.010297022,.014498076,-.71023369,.47827253,,.3193899497384911,.81135201,3719,233,79,.3825758892680844
scope_ge_1,provyr_baseyr_fe,base_mid_inc_share,es_m3,-3,-.014235058,.015814856,-.90010673,.36899683,,.3193899497384911,.81135201,3719,233,79,.3825758892680844
scope_ge_1,provyr_baseyr_fe,base_mid_inc_share,es_m2,-2,-.010472384,.012489814,-.83847398,.40262762,,.3193899497384911,.81135201,3719,233,79,.3825758892680844
scope_ge_1,provyr_baseyr_fe,base_mid_inc_share,es_0,0,-.0032784119,.014614668,-.22432339,.82270312,,.3193899497384911,.81135201,3719,233,79,.3825758892680844
scope_ge_1,provyr_baseyr_fe,base_mid_inc_share,es_p1,1,-.000067297464,.016832763,-.0039980048,.99681348,,.3193899497384911,.81135201,3719,233,79,.3825758892680844
scope_ge_1,provyr_baseyr_fe,base_mid_inc_share,es_p2,2,-.010787453,.020464949,-.52711844,.59861505,,.3193899497384911,.81135201,3719,233,79,.3825758892680844
scope_ge_1,provyr_baseyr_fe,base_mid_inc_share,es_p3,3,-.0065201838,.02200076,-.29636177,.76721895,,.3193899497384911,.81135201,3719,233,79,.3825758892680844
scope_ge_1,provyr_baseyr_fe,base_mid_inc_share,es_p4,4,-.0030833338,.026036682,-.11842269,.90583521,,.3193899497384911,.81135201,3719,233,79,.3825758892680844
scope_ge_2,province_year_fe,ln1p_new_applicants,es_m4,-4,.092511758,.050544415,1.8303062,.068290368,*,1.420322692697591,.23709501,4391,275,66,4.477666743832106
scope_ge_2,province_year_fe,ln1p_new_applicants,es_m3,-3,.010928361,.052245304,.20917404,.83446783,,1.420322692697591,.23709501,4391,275,66,4.477666743832106
scope_ge_2,province_year_fe,ln1p_new_applicants,es_m2,-2,.0053434051,.035292737,.1514024,.87976968,,1.420322692697591,.23709501,4391,275,66,4.477666743832106
scope_ge_2,province_year_fe,ln1p_new_applicants,es_0,0,.042321734,.043414406,.97483152,.33050367,,1.420322692697591,.23709501,4391,275,66,4.477666743832106
scope_ge_2,province_year_fe,ln1p_new_applicants,es_p1,1,.065143883,.049028486,1.3286946,.18505423,,1.420322692697591,.23709501,4391,275,66,4.477666743832106
scope_ge_2,province_year_fe,ln1p_new_applicants,es_p2,2,.063142575,.052303873,1.2072256,.22838637,,1.420322692697591,.23709501,4391,275,66,4.477666743832106
scope_ge_2,province_year_fe,ln1p_new_applicants,es_p3,3,.010565012,.059945919,.17624238,.86023372,,1.420322692697591,.23709501,4391,275,66,4.477666743832106
scope_ge_2,province_year_fe,ln1p_new_applicants,es_p4,4,.061337736,.056024659,1.0948346,.27455056,,1.420322692697591,.23709501,4391,275,66,4.477666743832106
scope_ge_2,provyr_baseyr_fe,ln1p_new_applicants,es_m4,-4,.0022778928,.055609632,.040962201,.96735585,,.1119945519200111,.95304537,4391,275,66,4.477666743832106
scope_ge_2,provyr_baseyr_fe,ln1p_new_applicants,es_m3,-3,-.023618715,.054355264,-.43452489,.6642493,,.1119945519200111,.95304537,4391,275,66,4.477666743832106
scope_ge_2,provyr_baseyr_fe,ln1p_new_applicants,es_m2,-2,-.012196019,.037902899,-.32177007,.74787223,,.1119945519200111,.95304537,4391,275,66,4.477666743832106
scope_ge_2,provyr_baseyr_fe,ln1p_new_applicants,es_0,0,.053080674,.043063279,1.2326204,.21877402,,.1119945519200111,.95304537,4391,275,66,4.477666743832106
scope_ge_2,provyr_baseyr_fe,ln1p_new_applicants,es_p1,1,.087086849,.04915119,1.7718157,.077536538,*,.1119945519200111,.95304537,4391,275,66,4.477666743832106
scope_ge_2,provyr_baseyr_fe,ln1p_new_applicants,es_p2,2,.085243568,.053859856,1.582692,.11464521,,.1119945519200111,.95304537,4391,275,66,4.477666743832106
scope_ge_2,provyr_baseyr_fe,ln1p_new_applicants,es_p3,3,.046071239,.06186495,.74470669,.45708731,,.1119945519200111,.95304537,4391,275,66,4.477666743832106
scope_ge_2,provyr_baseyr_fe,ln1p_new_applicants,es_p4,4,.12136117,.057231463,2.1205325,.034859609,**,.1119945519200111,.95304537,4391,275,66,4.477666743832106
scope_ge_2,province_year_fe,new_applicant_share,es_m4,-4,-.026234496,.017246222,-1.5211736,.12936944,,1.12784728797611,.33816189,4391,275,66,.4446461787303855
scope_ge_2,province_year_fe,new_applicant_share,es_m3,-3,-.024192885,.017451962,-1.3862557,.16679582,,1.12784728797611,.33816189,4391,275,66,.4446461787303855
scope_ge_2,province_year_fe,new_applicant_share,es_m2,-2,-.0080185467,.013130962,-.61065954,.54193121,,1.12784728797611,.33816189,4391,275,66,.4446461787303855
scope_ge_2,province_year_fe,new_applicant_share,es_0,0,.0042098388,.013641522,.30860478,.75785667,,1.12784728797611,.33816189,4391,275,66,.4446461787303855
scope_ge_2,province_year_fe,new_applicant_share,es_p1,1,.036316194,.017381588,2.0893486,.03759877,**,1.12784728797611,.33816189,4391,275,66,.4446461787303855
scope_ge_2,province_year_fe,new_applicant_share,es_p2,2,.033559661,.018314367,1.8324229,.067973651,*,1.12784728797611,.33816189,4391,275,66,.4446461787303855
scope_ge_2,province_year_fe,new_applicant_share,es_p3,3,.024409274,.018004583,1.3557255,.17630285,,1.12784728797611,.33816189,4391,275,66,.4446461787303855
scope_ge_2,province_year_fe,new_applicant_share,es_p4,4,.024415977,.015117554,1.6150746,.10744542,,1.12784728797611,.33816189,4391,275,66,.4446461787303855
scope_ge_2,provyr_baseyr_fe,new_applicant_share,es_m4,-4,-.0076730847,.01750868,-.43824461,.66155428,,.3828751504156108,.76542592,4391,275,66,.4446461787303855
scope_ge_2,provyr_baseyr_fe,new_applicant_share,es_m3,-3,-.017498489,.018463055,-.94775707,.34408826,,.3828751504156108,.76542592,4391,275,66,.4446461787303855
scope_ge_2,provyr_baseyr_fe,new_applicant_share,es_m2,-2,-.0038971952,.013859834,-.28118628,.77877975,,.3828751504156108,.76542592,4391,275,66,.4446461787303855
scope_ge_2,provyr_baseyr_fe,new_applicant_share,es_0,0,.0040862556,.014892697,.27437982,.7839995,,.3828751504156108,.76542592,4391,275,66,.4446461787303855
scope_ge_2,provyr_baseyr_fe,new_applicant_share,es_p1,1,.040471155,.018885598,2.1429641,.032996818,**,.3828751504156108,.76542592,4391,275,66,.4446461787303855
scope_ge_2,provyr_baseyr_fe,new_applicant_share,es_p2,2,.033002626,.018998697,1.7370995,.083493367,*,.3828751504156108,.76542592,4391,275,66,.4446461787303855
scope_ge_2,provyr_baseyr_fe,new_applicant_share,es_p3,3,.023309557,.019179342,1.2153471,.22527991,,.3828751504156108,.76542592,4391,275,66,.4446461787303855
scope_ge_2,provyr_baseyr_fe,new_applicant_share,es_p4,4,.013351627,.016020888,.83338869,.40535143,,.3828751504156108,.76542592,4391,275,66,.4446461787303855
scope_ge_2,province_year_fe,hhi,es_m4,-4,-.0083245561,.00916804,-.90799737,.36467752,,.4463211816917281,.72009802,4391,275,66,.0624419009083959
scope_ge_2,province_year_fe,hhi,es_m3,-3,-.0034629924,.0074504772,-.4648014,.64244282,,.4463211816917281,.72009802,4391,275,66,.0624419009083959
scope_ge_2,province_year_fe,hhi,es_m2,-2,-.0045784027,.0053309756,-.85883015,.39118493,,.4463211816917281,.72009802,4391,275,66,.0624419009083959
scope_ge_2,province_year_fe,hhi,es_0,0,.0058979858,.0038677547,1.524912,.12843442,,.4463211816917281,.72009802,4391,275,66,.0624419009083959
scope_ge_2,province_year_fe,hhi,es_p1,1,.0090392707,.0047819996,1.8902701,.059777085,*,.4463211816917281,.72009802,4391,275,66,.0624419009083959
scope_ge_2,province_year_fe,hhi,es_p2,2,.010051924,.0055141156,1.822944,.069401525,*,.4463211816917281,.72009802,4391,275,66,.0624419009083959
scope_ge_2,province_year_fe,hhi,es_p3,3,.011702859,.0061149406,1.9138139,.056685701,*,.4463211816917281,.72009802,4391,275,66,.0624419009083959
scope_ge_2,province_year_fe,hhi,es_p4,4,.016891183,.0079567498,2.1228747,.034660976,**,.4463211816917281,.72009802,4391,275,66,.0624419009083959
scope_ge_2,provyr_baseyr_fe,hhi,es_m4,-4,.0017364871,.0094056083,.18462251,.85366172,,.4213590820190869,.73782587,4391,275,66,.0624419009083959
scope_ge_2,provyr_baseyr_fe,hhi,es_m3,-3,.00046664008,.0074953451,.062257316,.95040333,,.4213590820190869,.73782587,4391,275,66,.0624419009083959
scope_ge_2,provyr_baseyr_fe,hhi,es_m2,-2,-.0039579147,.0054569314,-.72530043,.46888673,,.4213590820190869,.73782587,4391,275,66,.0624419009083959
scope_ge_2,provyr_baseyr_fe,hhi,es_0,0,.0050723613,.0038737641,1.3094141,.19149104,,.4213590820190869,.73782587,4391,275,66,.0624419009083959
scope_ge_2,provyr_baseyr_fe,hhi,es_p1,1,.0051211179,.0052142134,.98214585,.3268944,,.4213590820190869,.73782587,4391,275,66,.0624419009083959
scope_ge_2,provyr_baseyr_fe,hhi,es_p2,2,.0067116618,.00558089,1.2026149,.23016357,,.4213590820190869,.73782587,4391,275,66,.0624419009083959
scope_ge_2,provyr_baseyr_fe,hhi,es_p3,3,.0084140645,.0066096084,1.273005,.2040953,,.4213590820190869,.73782587,4391,275,66,.0624419009083959
scope_ge_2,provyr_baseyr_fe,hhi,es_p4,4,.011543361,.0089221336,1.2937894,.19682771,,.4213590820190869,.73782587,4391,275,66,.0624419009083959
scope_ge_2,province_year_fe,top10_share,es_m4,-4,-.034171045,.016809979,-2.0327833,.043038469,**,1.863256264416757,.13605513,4391,275,66,.4602449184355901
scope_ge_2,province_year_fe,top10_share,es_m3,-3,-.0011602195,.013111063,-.088491641,.92955059,,1.863256264416757,.13605513,4391,275,66,.4602449184355901
scope_ge_2,province_year_fe,top10_share,es_m2,-2,.0038910606,.012070289,.3223668,.74742067,,1.863256264416757,.13605513,4391,275,66,.4602449184355901
scope_ge_2,province_year_fe,top10_share,es_0,0,.0028020989,.013320806,.21035506,.83354694,,1.863256264416757,.13605513,4391,275,66,.4602449184355901
scope_ge_2,province_year_fe,top10_share,es_p1,1,.0079356916,.015689636,.50579196,.61340934,,1.863256264416757,.13605513,4391,275,66,.4602449184355901
scope_ge_2,province_year_fe,top10_share,es_p2,2,.011965461,.017852038,.67025745,.50325823,,1.863256264416757,.13605513,4391,275,66,.4602449184355901
scope_ge_2,province_year_fe,top10_share,es_p3,3,.027554752,.017827047,1.5456712,.12333816,,1.863256264416757,.13605513,4391,275,66,.4602449184355901
scope_ge_2,province_year_fe,top10_share,es_p4,4,.052448124,.017372003,3.0191178,.002774033,***,1.863256264416757,.13605513,4391,275,66,.4602449184355901
scope_ge_2,provyr_baseyr_fe,top10_share,es_m4,-4,-.0044578705,.016697105,-.26698464,.78968179,,.4974855776757803,.68432194,4391,275,66,.4602449184355901
scope_ge_2,provyr_baseyr_fe,top10_share,es_m3,-3,.010612438,.013021037,.81502259,.41576725,,.4974855776757803,.68432194,4391,275,66,.4602449184355901
scope_ge_2,provyr_baseyr_fe,top10_share,es_m2,-2,.0052693482,.012592955,.41843623,.67595601,,.4974855776757803,.68432194,4391,275,66,.4602449184355901
scope_ge_2,provyr_baseyr_fe,top10_share,es_0,0,-.001613263,.013421934,-.12019601,.90441597,,.4974855776757803,.68432194,4391,275,66,.4602449184355901
scope_ge_2,provyr_baseyr_fe,top10_share,es_p1,1,-.0034539434,.015001336,-.23024239,.81807524,,.4974855776757803,.68432194,4391,275,66,.4602449184355901
scope_ge_2,provyr_baseyr_fe,top10_share,es_p2,2,-.0022028708,.015841216,-.13905945,.88950533,,.4974855776757803,.68432194,4391,275,66,.4602449184355901
scope_ge_2,provyr_baseyr_fe,top10_share,es_p3,3,.010627366,.015453445,.687702,.49222216,,.4974855776757803,.68432194,4391,275,66,.4602449184355901
scope_ge_2,provyr_baseyr_fe,top10_share,es_p4,4,.02628712,.018066235,1.4550414,.14680248,,.4974855776757803,.68432194,4391,275,66,.4602449184355901
scope_ge_2,province_year_fe,base_top_share,es_m4,-4,-.07256455,.019472992,-3.7264202,.00023588428,***,7.170896606801638,.00011878742,4391,275,66,.1939310719051284
scope_ge_2,province_year_fe,base_top_share,es_m3,-3,-.0043399772,.014838779,-.29247534,.77014458,,7.170896606801638,.00011878742,4391,275,66,.1939310719051284
scope_ge_2,province_year_fe,base_top_share,es_m2,-2,.00099451619,.012571742,.079107262,.93700504,,7.170896606801638,.00011878742,4391,275,66,.1939310719051284
scope_ge_2,province_year_fe,base_top_share,es_0,0,.0045355647,.0080955271,.56025565,.57576287,,7.170896606801638,.00011878742,4391,275,66,.1939310719051284
scope_ge_2,province_year_fe,base_top_share,es_p1,1,-.0041188914,.010400511,-.39602777,.69239277,,7.170896606801638,.00011878742,4391,275,66,.1939310719051284
scope_ge_2,province_year_fe,base_top_share,es_p2,2,.00019649873,.013371949,.014694846,.98828632,,7.170896606801638,.00011878742,4391,275,66,.1939310719051284
scope_ge_2,province_year_fe,base_top_share,es_p3,3,-.0022979637,.013974463,-.16444021,.86950582,,7.170896606801638,.00011878742,4391,275,66,.1939310719051284
scope_ge_2,province_year_fe,base_top_share,es_p4,4,.0015525956,.016744919,.092720404,.92619342,,7.170896606801638,.00011878742,4391,275,66,.1939310719051284
scope_ge_2,provyr_baseyr_fe,base_top_share,es_m4,-4,-.023615774,.019052057,-1.2395393,.21620646,,1.375073744315951,.25066614,4391,275,66,.1939310719051284
scope_ge_2,provyr_baseyr_fe,base_top_share,es_m3,-3,.0056072008,.013885859,.40380651,.68667001,,1.375073744315951,.25066614,4391,275,66,.1939310719051284
scope_ge_2,provyr_baseyr_fe,base_top_share,es_m2,-2,-.00096929586,.012590504,-.076986261,.93869066,,1.375073744315951,.25066614,4391,275,66,.1939310719051284
scope_ge_2,provyr_baseyr_fe,base_top_share,es_0,0,.0012802297,.008564325,.14948401,.88128167,,1.375073744315951,.25066614,4391,275,66,.1939310719051284
scope_ge_2,provyr_baseyr_fe,base_top_share,es_p1,1,-.010946867,.010972288,-.99768311,.31931329,,1.375073744315951,.25066614,4391,275,66,.1939310719051284
scope_ge_2,provyr_baseyr_fe,base_top_share,es_p2,2,-.0059299963,.013853261,-.42805779,.66894531,,1.375073744315951,.25066614,4391,275,66,.1939310719051284
scope_ge_2,provyr_baseyr_fe,base_top_share,es_p3,3,-.011616954,.014600405,-.79565966,.42691863,,1.375073744315951,.25066614,4391,275,66,.1939310719051284
scope_ge_2,provyr_baseyr_fe,base_top_share,es_p4,4,-.0072338968,.018320438,-.39485392,.69325787,,1.375073744315951,.25066614,4391,275,66,.1939310719051284
scope_ge_2,province_year_fe,base_mid_inc_share,es_m4,-4,.036067076,.013840265,2.6059527,.0096629774,***,2.607315478441854,.05201795,4391,275,66,.3902460174134659
scope_ge_2,province_year_fe,base_mid_inc_share,es_m3,-3,.017967176,.013892571,1.2932938,.19699872,,2.607315478441854,.05201795,4391,275,66,.3902460174134659
scope_ge_2,province_year_fe,base_mid_inc_share,es_m2,-2,.0062028379,.01132184,.54786485,.58423072,,2.607315478441854,.05201795,4391,275,66,.3902460174134659
scope_ge_2,province_year_fe,base_mid_inc_share,es_0,0,-.0074597714,.013534556,-.55116481,.58196986,,2.607315478441854,.05201795,4391,275,66,.3902460174134659
scope_ge_2,province_year_fe,base_mid_inc_share,es_p1,1,-.03010026,.016865598,-1.7847134,.075414091,*,2.607315478441854,.05201795,4391,275,66,.3902460174134659
scope_ge_2,province_year_fe,base_mid_inc_share,es_p2,2,-.031397965,.01736524,-1.8080927,.071688451,*,2.607315478441854,.05201795,4391,275,66,.3902460174134659
scope_ge_2,province_year_fe,base_mid_inc_share,es_p3,3,-.019624688,.019685339,-.99691904,.31968337,,2.607315478441854,.05201795,4391,275,66,.3902460174134659
scope_ge_2,province_year_fe,base_mid_inc_share,es_p4,4,-.021619564,.01812082,-1.1930786,.23387063,,2.607315478441854,.05201795,4391,275,66,.3902460174134659
scope_ge_2,provyr_baseyr_fe,base_mid_inc_share,es_m4,-4,.021434467,.014560631,1.4720836,.14214596,,.8463298031891511,.46955374,4391,275,66,.3902460174134659
scope_ge_2,provyr_baseyr_fe,base_mid_inc_share,es_m3,-3,.0097163618,.014092321,.68947917,.49110526,,.8463298031891511,.46955374,4391,275,66,.3902460174134659
scope_ge_2,provyr_baseyr_fe,base_mid_inc_share,es_m2,-2,.0041150702,.01244184,.3307445,.74109024,,.8463298031891511,.46955374,4391,275,66,.3902460174134659
scope_ge_2,provyr_baseyr_fe,base_mid_inc_share,es_0,0,-.0050640609,.014325036,-.35351124,.72397703,,.8463298031891511,.46955374,4391,275,66,.3902460174134659
scope_ge_2,provyr_baseyr_fe,base_mid_inc_share,es_p1,1,-.029038511,.018589798,-1.562067,.11942642,,.8463298031891511,.46955374,4391,275,66,.3902460174134659
scope_ge_2,provyr_baseyr_fe,base_mid_inc_share,es_p2,2,-.026514212,.018084366,-1.4661399,.14375684,,.8463298031891511,.46955374,4391,275,66,.3902460174134659
scope_ge_2,provyr_baseyr_fe,base_mid_inc_share,es_p3,3,-.011092458,.021151414,-.52443105,.60040277,,.8463298031891511,.46955374,4391,275,66,.3902460174134659
scope_ge_2,provyr_baseyr_fe,base_mid_inc_share,es_p4,4,-.0052593858,.019754587,-.26623619,.79025757,,.8463298031891511,.46955374,4391,275,66,.3902460174134659
scope_ge_3,province_year_fe,ln1p_new_applicants,es_m4,-4,.039885949,.072319075,.55152738,.58171207,,.5425922261386237,.65351892,4487,281,46,4.512371263846275
scope_ge_3,province_year_fe,ln1p_new_applicants,es_m3,-3,-.023938501,.059129748,-.404847,.68589908,,.5425922261386237,.65351892,4487,281,46,4.512371263846275
scope_ge_3,province_year_fe,ln1p_new_applicants,es_m2,-2,-.027433362,.036110595,-.75970399,.44807068,,.5425922261386237,.65351892,4487,281,46,4.512371263846275
scope_ge_3,province_year_fe,ln1p_new_applicants,es_0,0,.038422965,.057432894,.66900629,.50404269,,.5425922261386237,.65351892,4487,281,46,4.512371263846275
scope_ge_3,province_year_fe,ln1p_new_applicants,es_p1,1,.064558297,.063582838,1.0153416,.31081957,,.5425922261386237,.65351892,4487,281,46,4.512371263846275
scope_ge_3,province_year_fe,ln1p_new_applicants,es_p2,2,.063242473,.069305994,.91251081,.3622849,,.5425922261386237,.65351892,4487,281,46,4.512371263846275
scope_ge_3,province_year_fe,ln1p_new_applicants,es_p3,3,.034948017,.077311084,.4520441,.65158719,,.5425922261386237,.65351892,4487,281,46,4.512371263846275
scope_ge_3,province_year_fe,ln1p_new_applicants,es_p4,4,.068997197,.074327834,.92828214,.35406077,,.5425922261386237,.65351892,4487,281,46,4.512371263846275
scope_ge_3,provyr_baseyr_fe,ln1p_new_applicants,es_m4,-4,-.092872582,.077355243,-1.2005985,.23092172,,.6040641010148408,.61285412,4487,281,46,4.512371263846275
scope_ge_3,provyr_baseyr_fe,ln1p_new_applicants,es_m3,-3,-.062219094,.063793719,-.97531694,.33024493,,.6040641010148408,.61285412,4487,281,46,4.512371263846275
scope_ge_3,provyr_baseyr_fe,ln1p_new_applicants,es_m2,-2,-.038630389,.038764387,-.99654323,.31984669,,.6040641010148408,.61285412,4487,281,46,4.512371263846275
scope_ge_3,provyr_baseyr_fe,ln1p_new_applicants,es_0,0,.058237839,.056767415,1.0259026,.30582297,,.6040641010148408,.61285412,4487,281,46,4.512371263846275
scope_ge_3,provyr_baseyr_fe,ln1p_new_applicants,es_p1,1,.10505139,.064517371,1.6282651,.1045933,,.6040641010148408,.61285412,4487,281,46,4.512371263846275
scope_ge_3,provyr_baseyr_fe,ln1p_new_applicants,es_p2,2,.10672764,.072637036,1.4693279,.14286649,,.6040641010148408,.61285412,4487,281,46,4.512371263846275
scope_ge_3,provyr_baseyr_fe,ln1p_new_applicants,es_p3,3,.10091709,.083860755,1.2033887,.22984238,,.6040641010148408,.61285412,4487,281,46,4.512371263846275
scope_ge_3,provyr_baseyr_fe,ln1p_new_applicants,es_p4,4,.14429197,.077142864,1.8704513,.062464323,*,.6040641010148408,.61285412,4487,281,46,4.512371263846275
scope_ge_3,province_year_fe,new_applicant_share,es_m4,-4,-.05982136,.019647228,-3.0447738,.00255016,***,3.202720053341341,.023719789,4487,281,46,.440465187806855
scope_ge_3,province_year_fe,new_applicant_share,es_m3,-3,-.011578479,.016706927,-.69303459,.48886228,,3.202720053341341,.023719789,4487,281,46,.440465187806855
scope_ge_3,province_year_fe,new_applicant_share,es_m2,-2,-.021917911,.015157174,-1.4460421,.1492838,,3.202720053341341,.023719789,4487,281,46,.440465187806855
scope_ge_3,province_year_fe,new_applicant_share,es_0,0,-.010249443,.015476307,-.66226679,.50834501,,3.202720053341341,.023719789,4487,281,46,.440465187806855
scope_ge_3,province_year_fe,new_applicant_share,es_p1,1,.01978494,.021887587,.9039343,.36680728,,3.202720053341341,.023719789,4487,281,46,.440465187806855
scope_ge_3,province_year_fe,new_applicant_share,es_p2,2,.0074795624,.026319701,.28418112,.77648163,,3.202720053341341,.023719789,4487,281,46,.440465187806855
scope_ge_3,province_year_fe,new_applicant_share,es_p3,3,-.0011943311,.024171297,-.049411133,.9606269,,3.202720053341341,.023719789,4487,281,46,.440465187806855
scope_ge_3,province_year_fe,new_applicant_share,es_p4,4,.012552322,.020947883,.5992167,.54951292,,3.202720053341341,.023719789,4487,281,46,.440465187806855
scope_ge_3,provyr_baseyr_fe,new_applicant_share,es_m4,-4,-.038149405,.021794055,-1.7504501,.081135914,*,1.502169428016445,.21420814,4487,281,46,.440465187806855
scope_ge_3,provyr_baseyr_fe,new_applicant_share,es_m3,-3,-.000043490356,.017301522,-.0025136722,.99799615,,1.502169428016445,.21420814,4487,281,46,.440465187806855
scope_ge_3,provyr_baseyr_fe,new_applicant_share,es_m2,-2,-.018146358,.01574314,-1.1526518,.25003645,,1.502169428016445,.21420814,4487,281,46,.440465187806855
scope_ge_3,provyr_baseyr_fe,new_applicant_share,es_0,0,-.0080537982,.01686877,-.47743833,.63342249,,1.502169428016445,.21420814,4487,281,46,.440465187806855
scope_ge_3,provyr_baseyr_fe,new_applicant_share,es_p1,1,.021018146,.02280521,.92163789,.35751092,,1.502169428016445,.21420814,4487,281,46,.440465187806855
scope_ge_3,provyr_baseyr_fe,new_applicant_share,es_p2,2,.0024183576,.027758647,.087120868,.93063772,,1.502169428016445,.21420814,4487,281,46,.440465187806855
scope_ge_3,provyr_baseyr_fe,new_applicant_share,es_p3,3,-.0050187446,.025598481,-.19605635,.84470826,,1.502169428016445,.21420814,4487,281,46,.440465187806855
scope_ge_3,provyr_baseyr_fe,new_applicant_share,es_p4,4,-.0066708033,.022704475,-.29381007,.76912069,,1.502169428016445,.21420814,4487,281,46,.440465187806855
scope_ge_3,province_year_fe,hhi,es_m4,-4,-.00088306231,.0076742382,-.11506841,.90847337,,.0908127060921942,.96506178,4487,281,46,.0619416523242837
scope_ge_3,province_year_fe,hhi,es_m3,-3,-.00053424173,.0041056047,-.13012499,.89656097,,.0908127060921942,.96506178,4487,281,46,.0619416523242837
scope_ge_3,province_year_fe,hhi,es_m2,-2,.0011868095,.0036101199,.32874516,.74259406,,.0908127060921942,.96506178,4487,281,46,.0619416523242837
scope_ge_3,province_year_fe,hhi,es_0,0,.0064650169,.0051119947,1.264676,.20703912,,.0908127060921942,.96506178,4487,281,46,.0619416523242837
scope_ge_3,province_year_fe,hhi,es_p1,1,-.00047382098,.0054940321,-.086242847,.93133503,,.0908127060921942,.96506178,4487,281,46,.0619416523242837
scope_ge_3,province_year_fe,hhi,es_p2,2,.0042384043,.0068205935,.62141287,.53483361,,.0908127060921942,.96506178,4487,281,46,.0619416523242837
scope_ge_3,province_year_fe,hhi,es_p3,3,.0024079476,.0066502099,.36208594,.71756095,,.0908127060921942,.96506178,4487,281,46,.0619416523242837
scope_ge_3,province_year_fe,hhi,es_p4,4,.006822926,.0082141822,.8306275,.40689176,,.0908127060921942,.96506178,4487,281,46,.0619416523242837
scope_ge_3,provyr_baseyr_fe,hhi,es_m4,-4,.010271792,.0080917757,1.2694114,.20534842,,.7186524564736363,.54155916,4487,281,46,.0619416523242837
scope_ge_3,provyr_baseyr_fe,hhi,es_m3,-3,.002821486,.0047684433,.5916996,.55452919,,.7186524564736363,.54155916,4487,281,46,.0619416523242837
scope_ge_3,provyr_baseyr_fe,hhi,es_m2,-2,.0035528655,.0039263563,.90487599,.36630902,,.7186524564736363,.54155916,4487,281,46,.0619416523242837
scope_ge_3,provyr_baseyr_fe,hhi,es_0,0,.0047486788,.0055232001,.85976946,.39065164,,.7186524564736363,.54155916,4487,281,46,.0619416523242837
scope_ge_3,provyr_baseyr_fe,hhi,es_p1,1,-.0056252782,.0058443262,-.96251953,.3366192,,.7186524564736363,.54155916,4487,281,46,.0619416523242837
scope_ge_3,provyr_baseyr_fe,hhi,es_p2,2,.00048326823,.0066704215,.072449431,.94229597,,.7186524564736363,.54155916,4487,281,46,.0619416523242837
scope_ge_3,provyr_baseyr_fe,hhi,es_p3,3,-.0028273724,.0066611059,-.42445993,.67155635,,.7186524564736363,.54155916,4487,281,46,.0619416523242837
scope_ge_3,provyr_baseyr_fe,hhi,es_p4,4,.0005856253,.0092426408,.06336125,.94952404,,.7186524564736363,.54155916,4487,281,46,.0619416523242837
scope_ge_3,province_year_fe,top10_share,es_m4,-4,-.022618679,.02164942,-1.0447707,.29703006,,.9281145168779251,.4275445,4487,281,46,.4589453879845334
scope_ge_3,province_year_fe,top10_share,es_m3,-3,.0057033938,.014869049,.3835749,.70158464,,.9281145168779251,.4275445,4487,281,46,.4589453879845334
scope_ge_3,province_year_fe,top10_share,es_m2,-2,.015294958,.013302542,1.1497771,.2512168,,.9281145168779251,.4275445,4487,281,46,.4589453879845334
scope_ge_3,province_year_fe,top10_share,es_0,0,.007221045,.017211249,.41955379,.67513317,,.9281145168779251,.4275445,4487,281,46,.4589453879845334
scope_ge_3,province_year_fe,top10_share,es_p1,1,.0061430787,.021910978,.28036535,.77940428,,.9281145168779251,.4275445,4487,281,46,.4589453879845334
scope_ge_3,province_year_fe,top10_share,es_p2,2,.015879648,.026291776,.60397774,.5463475,,.9281145168779251,.4275445,4487,281,46,.4589453879845334
scope_ge_3,province_year_fe,top10_share,es_p3,3,.034018014,.026323317,1.2923149,.19731362,,.9281145168779251,.4275445,4487,281,46,.4589453879845334
scope_ge_3,province_year_fe,top10_share,es_p4,4,.054066963,.023719858,2.2793965,.023395985,**,.9281145168779251,.4275445,4487,281,46,.4589453879845334
scope_ge_3,provyr_baseyr_fe,top10_share,es_m4,-4,.017146802,.02295064,.74711645,.45562017,,.5458228987181332,.65134293,4487,281,46,.4589453879845334
scope_ge_3,provyr_baseyr_fe,top10_share,es_m3,-3,.018421393,.015932281,1.1562308,.24857232,,.5458228987181332,.65134293,4487,281,46,.4589453879845334
scope_ge_3,provyr_baseyr_fe,top10_share,es_m2,-2,.01687788,.013901846,1.2140747,.22574221,,.5458228987181332,.65134293,4487,281,46,.4589453879845334
scope_ge_3,provyr_baseyr_fe,top10_share,es_0,0,-.00063304423,.017098436,-.037023518,.97049266,,.5458228987181332,.65134293,4487,281,46,.4589453879845334
scope_ge_3,provyr_baseyr_fe,top10_share,es_p1,1,-.011445009,.020351199,-.56237519,.57431036,,.5458228987181332,.65134293,4487,281,46,.4589453879845334
scope_ge_3,provyr_baseyr_fe,top10_share,es_p2,2,-.006003398,.024447998,-.24555786,.80620438,,.5458228987181332,.65134293,4487,281,46,.4589453879845334
scope_ge_3,provyr_baseyr_fe,top10_share,es_p3,3,.0077716731,.024918564,.31188288,.75536168,,.5458228987181332,.65134293,4487,281,46,.4589453879845334
scope_ge_3,provyr_baseyr_fe,top10_share,es_p4,4,.023478767,.02754095,.8525039,.39466307,,.5458228987181332,.65134293,4487,281,46,.4589453879845334
scope_ge_3,province_year_fe,base_top_share,es_m4,-4,-.053045459,.022539118,-2.3534842,.019289859,**,2.209391353873584,.087226242,4487,281,46,.1958330482243027
scope_ge_3,province_year_fe,base_top_share,es_m3,-3,-.004705586,.014065607,-.33454552,.73821843,,2.209391353873584,.087226242,4487,281,46,.1958330482243027
scope_ge_3,province_year_fe,base_top_share,es_m2,-2,.0051889815,.0097478516,.5323205,.59492618,,2.209391353873584,.087226242,4487,281,46,.1958330482243027
scope_ge_3,province_year_fe,base_top_share,es_0,0,.011720684,.0098502859,1.1898826,.23510045,,2.209391353873584,.087226242,4487,281,46,.1958330482243027
scope_ge_3,province_year_fe,base_top_share,es_p1,1,.0016374056,.011995826,.13649793,.89152575,,2.209391353873584,.087226242,4487,281,46,.1958330482243027
scope_ge_3,province_year_fe,base_top_share,es_p2,2,-.0030471205,.015965061,-.19086181,.84877217,,2.209391353873584,.087226242,4487,281,46,.1958330482243027
scope_ge_3,province_year_fe,base_top_share,es_p3,3,-.0076640449,.016033333,-.47800696,.6330182,,2.209391353873584,.087226242,4487,281,46,.1958330482243027
scope_ge_3,province_year_fe,base_top_share,es_p4,4,-.0059517333,.01925955,-.30902764,.75753033,,2.209391353873584,.087226242,4487,281,46,.1958330482243027
scope_ge_3,provyr_baseyr_fe,base_top_share,es_m4,-4,.015882071,.0206521,.76902932,.44252411,,.2291626747181027,.87605339,4487,281,46,.1958330482243027
scope_ge_3,provyr_baseyr_fe,base_top_share,es_m3,-3,.0065665785,.012242278,.5363853,.59211814,,.2291626747181027,.87605339,4487,281,46,.1958330482243027
scope_ge_3,provyr_baseyr_fe,base_top_share,es_m2,-2,.0053677312,.0097294217,.55170089,.58159333,,.2291626747181027,.87605339,4487,281,46,.1958330482243027
scope_ge_3,provyr_baseyr_fe,base_top_share,es_0,0,.0067368359,.010189389,.66116196,.5090521,,.2291626747181027,.87605339,4487,281,46,.1958330482243027
scope_ge_3,provyr_baseyr_fe,base_top_share,es_p1,1,-.0049435687,.01392343,-.35505393,.72281647,,.2291626747181027,.87605339,4487,281,46,.1958330482243027
scope_ge_3,provyr_baseyr_fe,base_top_share,es_p2,2,-.012933541,.017075121,-.75744939,.44941765,,.2291626747181027,.87605339,4487,281,46,.1958330482243027
scope_ge_3,provyr_baseyr_fe,base_top_share,es_p3,3,-.017103778,.018574184,-.92083603,.35792872,,.2291626747181027,.87605339,4487,281,46,.1958330482243027
scope_ge_3,provyr_baseyr_fe,base_top_share,es_p4,4,-.016202262,.022345388,-.72508305,.4690066,,.2291626747181027,.87605339,4487,281,46,.1958330482243027
scope_ge_3,province_year_fe,base_mid_inc_share,es_m4,-4,.047520362,.017376937,2.7346802,.0066423919,***,3.985231892087325,.0083743138,4487,281,46,.3920251739209425
scope_ge_3,province_year_fe,base_mid_inc_share,es_m3,-3,.005710993,.015194182,.3758671,.70730031,,3.985231892087325,.0083743138,4487,281,46,.3920251739209425
scope_ge_3,province_year_fe,base_mid_inc_share,es_m2,-2,.017739678,.012544736,1.4141132,.15843959,,3.985231892087325,.0083743138,4487,281,46,.3920251739209425
scope_ge_3,province_year_fe,base_mid_inc_share,es_0,0,-.0011602144,.015486682,-.074916914,.94033432,,3.985231892087325,.0083743138,4487,281,46,.3920251739209425
scope_ge_3,province_year_fe,base_mid_inc_share,es_p1,1,-.020933175,.019091951,-1.0964398,.27382842,,3.985231892087325,.0083743138,4487,281,46,.3920251739209425
scope_ge_3,province_year_fe,base_mid_inc_share,es_p2,2,-.0038833481,.025685549,-.15118805,.87993628,,3.985231892087325,.0083743138,4487,281,46,.3920251739209425
scope_ge_3,province_year_fe,base_mid_inc_share,es_p3,3,.0094377929,.024375904,.38717717,.69891918,,3.985231892087325,.0083743138,4487,281,46,.3920251739209425
scope_ge_3,province_year_fe,base_mid_inc_share,es_p4,4,-.0045050299,.023810975,-.18919973,.85007334,,3.985231892087325,.0083743138,4487,281,46,.3920251739209425
scope_ge_3,provyr_baseyr_fe,base_mid_inc_share,es_m4,-4,.018173994,.016858082,1.0780582,.28193566,,1.603411020121827,.18880385,4487,281,46,.3920251739209425
scope_ge_3,provyr_baseyr_fe,base_mid_inc_share,es_m3,-3,-.0074896314,.01492275,-.50189352,.61613685,,1.603411020121827,.18880385,4487,281,46,.3920251739209425
scope_ge_3,provyr_baseyr_fe,base_mid_inc_share,es_m2,-2,.012284954,.012921144,.95076364,.34254432,,1.603411020121827,.18880385,4487,281,46,.3920251739209425
scope_ge_3,provyr_baseyr_fe,base_mid_inc_share,es_0,0,.0014231083,.017358726,.0819823,.93471938,,1.603411020121827,.18880385,4487,281,46,.3920251739209425
scope_ge_3,provyr_baseyr_fe,base_mid_inc_share,es_p1,1,-.015903963,.021262722,-.74797404,.45510358,,1.603411020121827,.18880385,4487,281,46,.3920251739209425
scope_ge_3,provyr_baseyr_fe,base_mid_inc_share,es_p2,2,.010710075,.029062575,.36851773,.71276569,,1.603411020121827,.18880385,4487,281,46,.3920251739209425
scope_ge_3,provyr_baseyr_fe,base_mid_inc_share,es_p3,3,.02234111,.026364297,.84740013,.39749587,,1.603411020121827,.18880385,4487,281,46,.3920251739209425
scope_ge_3,provyr_baseyr_fe,base_mid_inc_share,es_p4,4,.023398846,.026988314,.86699921,.38668483,,1.603411020121827,.18880385,4487,281,46,.3920251739209425
scope_ge_5,province_year_fe,ln1p_new_applicants,es_m4,-4,.010026108,.10316444,.097185694,.92264795,,1.433532768741054,.23319307,4519,283,32,4.528354417739315
scope_ge_5,province_year_fe,ln1p_new_applicants,es_m3,-3,-.093466118,.093138732,-1.003515,.31647274,,1.433532768741054,.23319307,4519,283,32,4.528354417739315
scope_ge_5,province_year_fe,ln1p_new_applicants,es_m2,-2,.022250276,.042066373,.52893257,.59726828,,1.433532768741054,.23319307,4519,283,32,4.528354417739315
scope_ge_5,province_year_fe,ln1p_new_applicants,es_0,0,.023249693,.038276237,.60741842,.54406208,,1.433532768741054,.23319307,4519,283,32,4.528354417739315
scope_ge_5,province_year_fe,ln1p_new_applicants,es_p1,1,.0093716392,.0479878,.19529212,.84530491,,1.433532768741054,.23319307,4519,283,32,4.528354417739315
scope_ge_5,province_year_fe,ln1p_new_applicants,es_p2,2,.065314554,.053886063,1.2120861,.22649397,,1.433532768741054,.23319307,4519,283,32,4.528354417739315
scope_ge_5,province_year_fe,ln1p_new_applicants,es_p3,3,.050065167,.065942787,.75922126,.44835433,,1.433532768741054,.23319307,4519,283,32,4.528354417739315
scope_ge_5,province_year_fe,ln1p_new_applicants,es_p4,4,.065948844,.067994364,.96991628,.33291936,,1.433532768741054,.23319307,4519,283,32,4.528354417739315
scope_ge_5,provyr_baseyr_fe,ln1p_new_applicants,es_m4,-4,-.11502775,.11179136,-1.0289502,.30438477,,.799916089907216,.49478555,4519,283,32,4.528354417739315
scope_ge_5,provyr_baseyr_fe,ln1p_new_applicants,es_m3,-3,-.11325596,.09565942,-1.1839499,.23742989,,.799916089907216,.49478555,4519,283,32,4.528354417739315
scope_ge_5,provyr_baseyr_fe,ln1p_new_applicants,es_m2,-2,.013868814,.040650811,.34116942,.73323011,,.799916089907216,.49478555,4519,283,32,4.528354417739315
scope_ge_5,provyr_baseyr_fe,ln1p_new_applicants,es_0,0,.024505839,.039924141,.61381006,.53983569,,.799916089907216,.49478555,4519,283,32,4.528354417739315
scope_ge_5,provyr_baseyr_fe,ln1p_new_applicants,es_p1,1,.014655286,.050812121,.28842106,.77323633,,.799916089907216,.49478555,4519,283,32,4.528354417739315
scope_ge_5,provyr_baseyr_fe,ln1p_new_applicants,es_p2,2,.081658259,.058512539,1.3955685,.16394235,,.799916089907216,.49478555,4519,283,32,4.528354417739315
scope_ge_5,provyr_baseyr_fe,ln1p_new_applicants,es_p3,3,.087516375,.073496118,1.1907618,.23474847,,.799916089907216,.49478555,4519,283,32,4.528354417739315
scope_ge_5,provyr_baseyr_fe,ln1p_new_applicants,es_p4,4,.10223337,.07995978,1.2785599,.20210333,,.799916089907216,.49478555,4519,283,32,4.528354417739315
scope_ge_5,province_year_fe,new_applicant_share,es_m4,-4,-.049730916,.023432819,-2.1222761,.034686126,**,2.899812284368041,.035379715,4519,283,32,.4389042909489195
scope_ge_5,province_year_fe,new_applicant_share,es_m3,-3,-.022582823,.026493434,-.85239315,.39471924,,2.899812284368041,.035379715,4519,283,32,.4389042909489195
scope_ge_5,province_year_fe,new_applicant_share,es_m2,-2,.00081387529,.025977254,.031330306,.97502828,,2.899812284368041,.035379715,4519,283,32,.4389042909489195
scope_ge_5,province_year_fe,new_applicant_share,es_0,0,.0027237523,.019984553,.13629287,.89168698,,2.899812284368041,.035379715,4519,283,32,.4389042909489195
scope_ge_5,province_year_fe,new_applicant_share,es_p1,1,-.01452318,.021394849,-.67881662,.49781075,,2.899812284368041,.035379715,4519,283,32,.4389042909489195
scope_ge_5,province_year_fe,new_applicant_share,es_p2,2,.003047158,.021076415,.14457668,.88514841,,2.899812284368041,.035379715,4519,283,32,.4389042909489195
scope_ge_5,province_year_fe,new_applicant_share,es_p3,3,.00066369411,.021295484,.031165956,.97515923,,2.899812284368041,.035379715,4519,283,32,.4389042909489195
scope_ge_5,province_year_fe,new_applicant_share,es_p4,4,-.001356799,.022417247,-.060524784,.95178056,,2.899812284368041,.035379715,4519,283,32,.4389042909489195
scope_ge_5,provyr_baseyr_fe,new_applicant_share,es_m4,-4,-.022747958,.029083766,-.78215313,.43478081,,.8628395490086,.4607828,4519,283,32,.4389042909489195
scope_ge_5,provyr_baseyr_fe,new_applicant_share,es_m3,-3,-.014420846,.030213865,-.47729233,.63352364,,.8628395490086,.4607828,4519,283,32,.4389042909489195
scope_ge_5,provyr_baseyr_fe,new_applicant_share,es_m2,-2,.0038242328,.027805779,.13753375,.89070708,,.8628395490086,.4607828,4519,283,32,.4389042909489195
scope_ge_5,provyr_baseyr_fe,new_applicant_share,es_0,0,.0035150254,.01982935,.17726378,.85942847,,.8628395490086,.4607828,4519,283,32,.4389042909489195
scope_ge_5,provyr_baseyr_fe,new_applicant_share,es_p1,1,-.022046035,.02186854,-1.0081165,.31426278,,.8628395490086,.4607828,4519,283,32,.4389042909489195
scope_ge_5,provyr_baseyr_fe,new_applicant_share,es_p2,2,-.004454921,.021158602,-.21054892,.83339131,,.8628395490086,.4607828,4519,283,32,.4389042909489195
scope_ge_5,provyr_baseyr_fe,new_applicant_share,es_p3,3,-.0082110241,.021903031,-.37488073,.70803094,,.8628395490086,.4607828,4519,283,32,.4389042909489195
scope_ge_5,provyr_baseyr_fe,new_applicant_share,es_p4,4,-.021143207,.023135295,-.913894,.36155325,,.8628395490086,.4607828,4519,283,32,.4389042909489195
scope_ge_5,province_year_fe,hhi,es_m4,-4,-.0069997213,.011926893,-.58688557,.55775011,,1.488504689442888,.21785472,4519,283,32,.0617767894316008
scope_ge_5,province_year_fe,hhi,es_m3,-3,-.00043124065,.0067521939,-.063866742,.94912159,,1.488504689442888,.21785472,4519,283,32,.0617767894316008
scope_ge_5,province_year_fe,hhi,es_m2,-2,-.0070148748,.0065157008,-1.076611,.28257427,,1.488504689442888,.21785472,4519,283,32,.0617767894316008
scope_ge_5,province_year_fe,hhi,es_0,0,-.00088578137,.0054446463,-.16268849,.87088025,,1.488504689442888,.21785472,4519,283,32,.0617767894316008
scope_ge_5,province_year_fe,hhi,es_p1,1,.0066452376,.0073153405,.90839761,.36444387,,1.488504689442888,.21785472,4519,283,32,.0617767894316008
scope_ge_5,province_year_fe,hhi,es_p2,2,-.0050104992,.0083452715,-.60039973,.54872203,,1.488504689442888,.21785472,4519,283,32,.0617767894316008
scope_ge_5,province_year_fe,hhi,es_p3,3,-.0019641181,.0084503954,-.23242915,.81637329,,1.488504689442888,.21785472,4519,283,32,.0617767894316008
scope_ge_5,province_year_fe,hhi,es_p4,4,.0001673426,.0099961162,.016740762,.98665529,,1.488504689442888,.21785472,4519,283,32,.0617767894316008
scope_ge_5,provyr_baseyr_fe,hhi,es_m4,-4,.0031096064,.010503471,.29605514,.76740587,,1.086118048146656,.35531399,4519,283,32,.0617767894316008
scope_ge_5,provyr_baseyr_fe,hhi,es_m3,-3,.0014547275,.0068787918,.21148008,.83266544,,1.086118048146656,.35531399,4519,283,32,.0617767894316008
scope_ge_5,provyr_baseyr_fe,hhi,es_m2,-2,-.0053321151,.0072296425,-.73753506,.46141025,,1.086118048146656,.35531399,4519,283,32,.0617767894316008
scope_ge_5,provyr_baseyr_fe,hhi,es_0,0,-.0017879886,.0055575534,-.32172227,.74790144,,1.086118048146656,.35531399,4519,283,32,.0617767894316008
scope_ge_5,provyr_baseyr_fe,hhi,es_p1,1,.0050609745,.0069329483,.72998875,.46600303,,1.086118048146656,.35531399,4519,283,32,.0617767894316008
scope_ge_5,provyr_baseyr_fe,hhi,es_p2,2,-.005802894,.0079800552,-.72717464,.46772221,,1.086118048146656,.35531399,4519,283,32,.0617767894316008
scope_ge_5,provyr_baseyr_fe,hhi,es_p3,3,-.0041321316,.0086557521,-.47738564,.6334573,,1.086118048146656,.35531399,4519,283,32,.0617767894316008
scope_ge_5,provyr_baseyr_fe,hhi,es_p4,4,-.0023214607,.01093966,-.21220593,.83209968,,1.086118048146656,.35531399,4519,283,32,.0617767894316008
scope_ge_5,province_year_fe,top10_share,es_m4,-4,-.022575716,.039057255,-.57801598,.56371462,,1.332670582790873,.26396319,4519,283,32,.4586391209463579
scope_ge_5,province_year_fe,top10_share,es_m3,-3,.00085185852,.026782142,.031806961,.97464848,,1.332670582790873,.26396319,4519,283,32,.4586391209463579
scope_ge_5,province_year_fe,top10_share,es_m2,-2,-.027903978,.019821914,-1.4077338,.16031128,,1.332670582790873,.26396319,4519,283,32,.4586391209463579
scope_ge_5,province_year_fe,top10_share,es_0,0,.016803255,.016480654,1.0195746,.30880415,,1.332670582790873,.26396319,4519,283,32,.4586391209463579
scope_ge_5,province_year_fe,top10_share,es_p1,1,.036805909,.01921864,1.9151151,.056489263,*,1.332670582790873,.26396319,4519,283,32,.4586391209463579
scope_ge_5,province_year_fe,top10_share,es_p2,2,.026193347,.022217102,1.1789722,.23940298,,1.332670582790873,.26396319,4519,283,32,.4586391209463579
scope_ge_5,province_year_fe,top10_share,es_p3,3,.03306371,.022523656,1.4679549,.14323096,,1.332670582790873,.26396319,4519,283,32,.4586391209463579
scope_ge_5,province_year_fe,top10_share,es_p4,4,.051595472,.029167565,1.7689332,.077985935,*,1.332670582790873,.26396319,4519,283,32,.4586391209463579
scope_ge_5,provyr_baseyr_fe,top10_share,es_m4,-4,.018475834,.036904346,.50064117,.61701423,,1.528789642817799,.20721698,4519,283,32,.4586391209463579
scope_ge_5,provyr_baseyr_fe,top10_share,es_m3,-3,.007415113,.026090456,.28420788,.77645963,,1.528789642817799,.20721698,4519,283,32,.4586391209463579
scope_ge_5,provyr_baseyr_fe,top10_share,es_m2,-2,-.028840575,.020151244,-1.4312057,.15347852,,1.528789642817799,.20721698,4519,283,32,.4586391209463579
scope_ge_5,provyr_baseyr_fe,top10_share,es_0,0,.011124359,.016187552,.68721688,.49251083,,1.528789642817799,.20721698,4519,283,32,.4586391209463579
scope_ge_5,provyr_baseyr_fe,top10_share,es_p1,1,.026669906,.019683478,1.3549386,.17652152,,1.528789642817799,.20721698,4519,283,32,.4586391209463579
scope_ge_5,provyr_baseyr_fe,top10_share,es_p2,2,.0085229343,.023393964,.36432192,.71589065,,1.528789642817799,.20721698,4519,283,32,.4586391209463579
scope_ge_5,provyr_baseyr_fe,top10_share,es_p3,3,.011783255,.028153196,.41854063,.67587048,,1.528789642817799,.20721698,4519,283,32,.4586391209463579
scope_ge_5,provyr_baseyr_fe,top10_share,es_p4,4,.029619364,.041031733,.72186482,.4709757,,1.528789642817799,.20721698,4519,283,32,.4586391209463579
scope_ge_5,province_year_fe,base_top_share,es_m4,-4,-.054143127,.023215065,-2.3322411,.020391937,**,3.495397453126847,.016076455,4519,283,32,.1971186924101573
scope_ge_5,province_year_fe,base_top_share,es_m3,-3,.000018276596,.017032638,.0010730338,.99914461,,3.495397453126847,.016076455,4519,283,32,.1971186924101573
scope_ge_5,province_year_fe,base_top_share,es_m2,-2,-.019048689,.015528661,-1.2266794,.22096631,,3.495397453126847,.016076455,4519,283,32,.1971186924101573
scope_ge_5,province_year_fe,base_top_share,es_0,0,.0052232426,.010655035,.49021357,.62436396,,3.495397453126847,.016076455,4519,283,32,.1971186924101573
scope_ge_5,province_year_fe,base_top_share,es_p1,1,.008419551,.014125791,.59604102,.55162597,,3.495397453126847,.016076455,4519,283,32,.1971186924101573
scope_ge_5,province_year_fe,base_top_share,es_p2,2,.0032252658,.017832682,.18086264,.85660529,,3.495397453126847,.016076455,4519,283,32,.1971186924101573
scope_ge_5,province_year_fe,base_top_share,es_p3,3,-.018894922,.017131047,-1.1029637,.27098331,,3.495397453126847,.016076455,4519,283,32,.1971186924101573
scope_ge_5,province_year_fe,base_top_share,es_p4,4,-.008534289,.01986824,-.4295443,.66785514,,3.495397453126847,.016076455,4519,283,32,.1971186924101573
scope_ge_5,provyr_baseyr_fe,base_top_share,es_m4,-4,.0026698811,.018499758,.14431977,.88535106,,.9924615063416926,.39673874,4519,283,32,.1971186924101573
scope_ge_5,provyr_baseyr_fe,base_top_share,es_m3,-3,.0013290773,.016667314,.079741545,.93649936,,.9924615063416926,.39673874,4519,283,32,.1971186924101573
scope_ge_5,provyr_baseyr_fe,base_top_share,es_m2,-2,-.015969731,.015742589,-1.0144285,.31124789,,.9924615063416926,.39673874,4519,283,32,.1971186924101573
scope_ge_5,provyr_baseyr_fe,base_top_share,es_0,0,.0040205754,.012274687,.32755014,.74349487,,.9924615063416926,.39673874,4519,283,32,.1971186924101573
scope_ge_5,provyr_baseyr_fe,base_top_share,es_p1,1,.0060158884,.015692238,.38336715,.70173639,,.9924615063416926,.39673874,4519,283,32,.1971186924101573
scope_ge_5,provyr_baseyr_fe,base_top_share,es_p2,2,-.0035036122,.019403245,-.18056837,.85683608,,.9924615063416926,.39673874,4519,283,32,.1971186924101573
scope_ge_5,provyr_baseyr_fe,base_top_share,es_p3,3,-.02040047,.017926045,-1.1380353,.25607169,,.9924615063416926,.39673874,4519,283,32,.1971186924101573
scope_ge_5,provyr_baseyr_fe,base_top_share,es_p4,4,-.010756237,.020785972,-.51747578,.60522974,,.9924615063416926,.39673874,4519,283,32,.1971186924101573
scope_ge_5,province_year_fe,base_mid_inc_share,es_m4,-4,.048310798,.02331686,2.0719256,.039181273,**,1.473897858549494,.2218361,4519,283,32,.3921320600925446
scope_ge_5,province_year_fe,base_mid_inc_share,es_m3,-3,.021669989,.020997996,1.0320028,.30295503,,1.473897858549494,.2218361,4519,283,32,.3921320600925446
scope_ge_5,province_year_fe,base_mid_inc_share,es_m2,-2,.01754985,.021618847,.81178474,.41759983,,1.473897858549494,.2218361,4519,283,32,.3921320600925446
scope_ge_5,province_year_fe,base_mid_inc_share,es_0,0,-.0079420228,.020025274,-.39659995,.69196242,,1.473897858549494,.2218361,4519,283,32,.3921320600925446
scope_ge_5,province_year_fe,base_mid_inc_share,es_p1,1,.0061170249,.02258921,.27079409,.78674752,,1.473897858549494,.2218361,4519,283,32,.3921320600925446
scope_ge_5,province_year_fe,base_mid_inc_share,es_p2,2,-.0062809978,.02302134,-.2728337,.78518075,,1.473897858549494,.2218361,4519,283,32,.3921320600925446
scope_ge_5,province_year_fe,base_mid_inc_share,es_p3,3,.01821601,.024743862,.73618293,.46223128,,1.473897858549494,.2218361,4519,283,32,.3921320600925446
scope_ge_5,province_year_fe,base_mid_inc_share,es_p4,4,.0081145577,.025267104,.32115108,.74833375,,1.473897858549494,.2218361,4519,283,32,.3921320600925446
scope_ge_5,provyr_baseyr_fe,base_mid_inc_share,es_m4,-4,.015100757,.028867012,.52311468,.60130525,,.1021913171008152,.95871615,4519,283,32,.3921320600925446
scope_ge_5,provyr_baseyr_fe,base_mid_inc_share,es_m3,-3,.012753349,.026612192,.47922954,.63214672,,.1021913171008152,.95871615,4519,283,32,.3921320600925446
scope_ge_5,provyr_baseyr_fe,base_mid_inc_share,es_m2,-2,.012013895,.023632396,.50836557,.61159444,,.1021913171008152,.95871615,4519,283,32,.3921320600925446
scope_ge_5,provyr_baseyr_fe,base_mid_inc_share,es_0,0,-.0075550606,.020583512,-.3670443,.71386123,,.1021913171008152,.95871615,4519,283,32,.3921320600925446
scope_ge_5,provyr_baseyr_fe,base_mid_inc_share,es_p1,1,.016013429,.024290876,.65923637,.51028198,,.1021913171008152,.95871615,4519,283,32,.3921320600925446
scope_ge_5,provyr_baseyr_fe,base_mid_inc_share,es_p2,2,.0079302499,.024875034,.31880358,.75011146,,.1021913171008152,.95871615,4519,283,32,.3921320600925446
scope_ge_5,provyr_baseyr_fe,base_mid_inc_share,es_p3,3,.028567204,.025239876,1.1318282,.25866818,,.1021913171008152,.95871615,4519,283,32,.3921320600925446
scope_ge_5,provyr_baseyr_fe,base_mid_inc_share,es_p4,4,.031493813,.025608968,1.2297963,.2197984,,.1021913171008152,.95871615,4519,283,32,.3921320600925446
