sample,scope,outcome,xvar,coef,se,t,p,sig,N,N_city,r2,mean_y
matched_2008_2024,all_pub,hhi,ln1p_idc_stock_l1,.0063817529183618,.0042387233,1.5055838,.13326246,,4946,291,.4820556010642177,.031659666
matched_2008_2024,all_pub,hhi,ln1p_idc_stock,.0067419580470608,.0043985113,1.5327817,.1264198,,4946,291,.4821695948530672,.031659666
matched_2008_2024,all_pub,hhi,ln1p_idc_new_l1,.0042757091215623,.0020555884,2.0800416,.038399752,**,4946,291,.4809555413090357,.031659666
matched_2008_2024,all_pub,hhi,ln1p_idc_new,.0037468408951509,.001802646,2.0785229,.038540337,**,4946,291,.4808785078449702,.031659666
matched_2008_2024,all_pub,top1_share,ln1p_idc_stock_l1,.0066021197368534,.0048115007,1.3721539,.17107596,,4946,291,.5571977148990519,.10056837
matched_2008_2024,all_pub,top1_share,ln1p_idc_stock,.0068117043153216,.0050862795,1.3392313,.18154408,,4946,291,.5572197238519021,.10056837
matched_2008_2024,all_pub,top1_share,ln1p_idc_new_l1,.0030384203808273,.0031235463,.97274703,.33148971,,4946,291,.5565534573351447,.10056837
matched_2008_2024,all_pub,top1_share,ln1p_idc_new,.0018284218327851,.0031546431,.57959706,.56263638,,4946,291,.5565046627557863,.10056837
matched_2008_2024,all_pub,top5_share,ln1p_idc_stock_l1,.0138953140199229,.0061999168,2.2412097,.025769047,**,4946,291,.6840194830835069,.22917482
matched_2008_2024,all_pub,top5_share,ln1p_idc_stock,.0147394884754314,.0065516662,2.2497313,.025215862,**,4946,291,.6841428960237934,.22917482
matched_2008_2024,all_pub,top5_share,ln1p_idc_new_l1,.0083040653279554,.0051415153,1.6151007,.10737628,,4946,291,.6828832656417769,.22917482
matched_2008_2024,all_pub,top5_share,ln1p_idc_new,.0066728281085808,.0055543277,1.2013745,.23058616,,4946,291,.6827939397629397,.22917482
matched_2008_2024,all_pub,top10_share,ln1p_idc_stock_l1,.0203881235188508,.0066104336,3.084234,.0022374897,***,4946,291,.7462229535366989,.30513534
matched_2008_2024,all_pub,top10_share,ln1p_idc_stock,.021214737838393,.0069526089,3.0513349,.0024891382,***,4946,291,.7463313089415209,.30513534
matched_2008_2024,all_pub,top10_share,ln1p_idc_new_l1,.0147811821644974,.0055485815,2.6639569,.0081547452,***,4946,291,.7445630597600276,.30513534
matched_2008_2024,all_pub,top10_share,ln1p_idc_new,.0118916696829926,.0059579122,1.9959458,.046874817,**,4946,291,.7443501130110433,.30513534
matched_2008_2024,all_pub,ln_effective_applicants,ln1p_idc_stock_l1,-.0372396720317276,.045909125,-.81116056,.41793868,,4946,291,.7707172189670815,4.225132
matched_2008_2024,all_pub,ln_effective_applicants,ln1p_idc_stock,-.0409499672847131,.048346639,-.84700751,.39768937,,4946,291,.7707453128920498,4.225132
matched_2008_2024,all_pub,ln_effective_applicants,ln1p_idc_new_l1,-.0146693872073131,.044216894,-.33175981,.74031025,,4946,291,.7705652896556994,4.225132
matched_2008_2024,all_pub,ln_effective_applicants,ln1p_idc_new,.0052208995035592,.047321402,.1103285,.91222519,,4946,291,.7705541707081938,4.225132
matched_2008_2024,all_pub,ln1p_active_applicants,ln1p_idc_stock_l1,-.0048770637182722,.028298832,-.17234151,.86328924,,4946,291,.9477153270265118,6.2584877
matched_2008_2024,all_pub,ln1p_active_applicants,ln1p_idc_stock,-.0034376270918707,.028781002,-.11944084,.90500879,,4946,291,.9477144716799931,6.2584877
matched_2008_2024,all_pub,ln1p_active_applicants,ln1p_idc_new_l1,-.0042195094938356,.022086926,-.19104105,.84862709,,4946,291,.9477142924520908,6.2584877
matched_2008_2024,all_pub,ln1p_active_applicants,ln1p_idc_new,-.0146075033776459,.019685317,-.74205071,.45865718,,4946,291,.9477209199221439,6.2584877
matched_2008_2024,all_pub,ln1p_new_applicants,ln1p_idc_stock_l1,-.0387800532025351,.029681759,-1.3065281,.19240823,,4946,291,.9249988467181725,5.6396217
matched_2008_2024,all_pub,ln1p_new_applicants,ln1p_idc_stock,-.0362584571958714,.030156616,-1.2023385,.23021325,,4946,291,.9249812032024253,5.6396217
matched_2008_2024,all_pub,ln1p_new_applicants,ln1p_idc_new_l1,-.0090472255299781,.02542649,-.3558189,.7222349,,4946,291,.9248871510721993,5.6396217
matched_2008_2024,all_pub,ln1p_new_applicants,ln1p_idc_new,-.0230735391157571,.022209518,-1.0389032,.29971516,,4946,291,.9249039488042454,5.6396217
matched_2008_2024,all_pub,new_applicant_share,ln1p_idc_stock_l1,.0079745454264516,.0046697939,1.7076869,.08876466,*,4946,291,.6653512903220802,.3766683
matched_2008_2024,all_pub,new_applicant_share,ln1p_idc_stock,.0078713143048274,.0048857355,1.6110808,.10824995,,4946,291,.6653220202359078,.3766683
matched_2008_2024,all_pub,new_applicant_share,ln1p_idc_new_l1,.018746971765007,.0040615783,4.6156864,5.8915116e-06,***,4946,291,.6662524976240867,.3766683
matched_2008_2024,all_pub,new_applicant_share,ln1p_idc_new,.0140156515474314,.0041353409,3.3892374,.00079798163,***,4946,291,.6656156889740961,.3766683
matched_2008_2024,all_pub,ln1p_total_patents,ln1p_idc_stock_l1,-.0115916758513136,.032772452,-.3537018,.72381938,,4946,291,.9436021815388537,7.5743499
matched_2008_2024,all_pub,ln1p_total_patents,ln1p_idc_stock,-.0159033477719224,.033392515,-.47625488,.63425142,,4946,291,.9436072922236864,7.5743499
matched_2008_2024,all_pub,ln1p_total_patents,ln1p_idc_new_l1,-.036240844697581,.021743307,-1.6667587,.096641995,*,4946,291,.9436261775466852,7.5743499
matched_2008_2024,all_pub,ln1p_total_patents,ln1p_idc_new,-.0514049685977095,.0206939,-2.4840639,.01355387,**,4946,291,.9436558315085235,7.5743499
matched_2008_2024,inv_app_pub,hhi,ln1p_idc_stock_l1,.0122054810652296,.0041665649,2.9293871,.0036659993,***,4931,291,.4779678058830006,.062532432
matched_2008_2024,inv_app_pub,hhi,ln1p_idc_stock,.0131006069723231,.0043020342,3.0452123,.0025387483,***,4931,291,.4782644178267289,.062532432
matched_2008_2024,inv_app_pub,hhi,ln1p_idc_new_l1,.0058169938799815,.0026881669,2.1639259,.031286336,**,4931,291,.475677741532368,.062532432
matched_2008_2024,inv_app_pub,hhi,ln1p_idc_new,.0064888957332035,.0029998689,2.1630597,.031353544,**,4931,291,.4757438569823577,.062532432
matched_2008_2024,inv_app_pub,top1_share,ln1p_idc_stock_l1,.005593551120632,.0053742854,1.040799,.29883575,,4931,291,.5276966822662674,.15430002
matched_2008_2024,inv_app_pub,top1_share,ln1p_idc_stock,.0067583005965567,.0055906735,1.2088526,.22770414,,4931,291,.5278240160074645,.15430002
matched_2008_2024,inv_app_pub,top1_share,ln1p_idc_new_l1,-.0000401950638989,.0045485576,-.0088368813,.99295533,,4931,291,.5273881113711256,.15430002
matched_2008_2024,inv_app_pub,top1_share,ln1p_idc_new,.0011604996117678,.0048560486,.23898022,.81128973,,4931,291,.5273946387006089,.15430002
matched_2008_2024,inv_app_pub,top5_share,ln1p_idc_stock_l1,.0172875970708267,.007439299,2.3238208,.020826211,**,4931,291,.6705278642422448,.34599635
matched_2008_2024,inv_app_pub,top5_share,ln1p_idc_stock,.0204359024691859,.0079544103,2.5691285,.010695584,**,4931,291,.6710213349719821,.34599635
matched_2008_2024,inv_app_pub,top5_share,ln1p_idc_new_l1,.0073960055175425,.0074697044,.99013364,.32293421,,4931,291,.6692549896490438,.34599635
matched_2008_2024,inv_app_pub,top5_share,ln1p_idc_new,.0094517784490071,.0082647102,1.1436309,.25371987,,4931,291,.6693329396874288,.34599635
matched_2008_2024,inv_app_pub,top10_share,ln1p_idc_stock_l1,.029193032029392,.0079365121,3.6783199,.00027976895,***,4931,291,.7373652077849788,.45290428
matched_2008_2024,inv_app_pub,top10_share,ln1p_idc_stock,.0325946323539608,.0084561221,3.8545601,.00014281127,***,4931,291,.7380318716545384,.45290428
matched_2008_2024,inv_app_pub,top10_share,ln1p_idc_new_l1,.0167731729344461,.0079936218,2.0983198,.036741853,**,4931,291,.7346670465522502,.45290428
matched_2008_2024,inv_app_pub,top10_share,ln1p_idc_new,.0166950443819655,.0086059002,1.9399532,.053354718,*,4931,291,.7346541221662672,.45290428
matched_2008_2024,inv_app_pub,ln_effective_applicants,ln1p_idc_stock_l1,-.0378096733783192,.043421477,-.87075973,.38460559,,4931,291,.7115424095991032,3.3719387
matched_2008_2024,inv_app_pub,ln_effective_applicants,ln1p_idc_stock,-.0534385443089153,.046290353,-1.1544207,.24927813,,4931,291,.7117344152661297,3.3719387
matched_2008_2024,inv_app_pub,ln_effective_applicants,ln1p_idc_new_l1,-.0072157436208083,.04758475,-.15163983,.87957644,,4931,291,.7113403649562664,3.3719387
matched_2008_2024,inv_app_pub,ln_effective_applicants,ln1p_idc_new,-.0070935851387124,.050076433,-.14165516,.88745075,,4931,291,.711340184605332,3.3719387
matched_2008_2024,inv_app_pub,ln1p_active_applicants,ln1p_idc_stock_l1,.0481519792053307,.028513735,1.6887293,.092346214,*,4931,291,.9466227668199724,5.1076374
matched_2008_2024,inv_app_pub,ln1p_active_applicants,ln1p_idc_stock,.044133477443534,.029368341,1.502757,.13398987,,4931,291,.9465931349120331,5.1076374
matched_2008_2024,inv_app_pub,ln1p_active_applicants,ln1p_idc_new_l1,.0228744545608785,.024228474,.94411451,.34589702,,4931,291,.9464822406411837,5.1076374
matched_2008_2024,inv_app_pub,ln1p_active_applicants,ln1p_idc_new,.0119960644461963,.021312501,.56286514,.57396162,,4931,291,.9464692217829835,5.1076374
matched_2008_2024,inv_app_pub,ln1p_new_applicants,ln1p_idc_stock_l1,.0394834781171692,.028130554,1.4035798,.16151386,,4931,291,.9313362950331736,4.6010342
matched_2008_2024,inv_app_pub,ln1p_new_applicants,ln1p_idc_stock,.034247730689479,.028963387,1.1824491,.23799613,,4931,291,.9313034320868784,4.6010342
matched_2008_2024,inv_app_pub,ln1p_new_applicants,ln1p_idc_new_l1,.0296303690017664,.026434844,1.1208831,.26326498,,4931,291,.9312494484421061,4.6010342
matched_2008_2024,inv_app_pub,ln1p_new_applicants,ln1p_idc_new,.0145386103354351,.022896355,.6349749,.52594543,,4931,291,.9312235111571209,4.6010342
matched_2008_2024,inv_app_pub,new_applicant_share,ln1p_idc_stock_l1,.0256234992380553,.0060852217,4.2107749,.00003399562,***,4931,291,.6880691006173132,.4225311
matched_2008_2024,inv_app_pub,new_applicant_share,ln1p_idc_stock,.0231649807779532,.0063800295,3.6308579,.00033386689,***,4931,291,.6874558476191506,.4225311
matched_2008_2024,inv_app_pub,new_applicant_share,ln1p_idc_new_l1,.0284582831926035,.0061264816,4.6451268,5.1610600e-06,***,4931,291,.6869435412507832,.4225311
matched_2008_2024,inv_app_pub,new_applicant_share,ln1p_idc_new,.0209225730719588,.0064918445,3.2229011,.0014136758,***,4931,291,.6860984036679618,.4225311
matched_2008_2024,inv_app_pub,ln1p_total_patents,ln1p_idc_stock_l1,.0563936015829407,.033636265,1.6765714,.09470392,*,4931,291,.9406435417216431,6.1864171
matched_2008_2024,inv_app_pub,ln1p_total_patents,ln1p_idc_stock,.0477597069401497,.034944683,1.3667231,.17277074,,4931,291,.9406015177719393,6.1864171
matched_2008_2024,inv_app_pub,ln1p_total_patents,ln1p_idc_new_l1,-.0231728927827657,.026248412,-.88283026,.37805921,,4931,291,.9405177680989799,6.1864171
matched_2008_2024,inv_app_pub,ln1p_total_patents,ln1p_idc_new,-.0327369581692391,.026100021,-1.2542886,.21074715,,4931,291,.9405289567248014,6.1864171
matched_2008_2024,inv_grant_pub,hhi,ln1p_idc_stock_l1,.0268908325427429,.0066766851,4.0275722,.000072027236,***,4913,291,.5448351286548868,.10738035
matched_2008_2024,inv_grant_pub,hhi,ln1p_idc_stock,.0282748308873911,.0072031808,3.9253256,.00010825178,***,4913,291,.5452286016455279,.10738035
matched_2008_2024,inv_grant_pub,hhi,ln1p_idc_new_l1,.0166008516419205,.0052458346,3.1645777,.001718187,***,4913,291,.5402767796841665,.10738035
matched_2008_2024,inv_grant_pub,hhi,ln1p_idc_new,.0128855027545117,.0050237393,2.5649228,.01082312,**,4913,291,.539839190115222,.10738035
matched_2008_2024,inv_grant_pub,top1_share,ln1p_idc_stock_l1,.0157219744014162,.0079550324,1.9763557,.049061876,**,4913,291,.5289701425185145,.20538928
matched_2008_2024,inv_grant_pub,top1_share,ln1p_idc_stock,.0175519027776934,.0084027452,2.0888298,.037594821,**,4913,291,.5292798160598491,.20538928
matched_2008_2024,inv_grant_pub,top1_share,ln1p_idc_new_l1,.0065722200778716,.0069943746,.93964368,.34818232,,4913,291,.5275987292086946,.20538928
matched_2008_2024,inv_grant_pub,top1_share,ln1p_idc_new,.0039373667854948,.0065145046,.60440004,.54605025,,4913,291,.5275136323033918,.20538928
matched_2008_2024,inv_grant_pub,top5_share,ln1p_idc_stock_l1,.0385684108396627,.010505216,3.6713581,.00028715143,***,4913,291,.6937890599727945,.45672107
matched_2008_2024,inv_grant_pub,top5_share,ln1p_idc_stock,.0405741662520024,.011057002,3.6695452,.0002891036,***,4913,291,.6941111323351878,.45672107
matched_2008_2024,inv_grant_pub,top5_share,ln1p_idc_new_l1,.0221013649349138,.0095481966,2.3147161,.021326825,**,4913,291,.6899954734484353,.45672107
matched_2008_2024,inv_grant_pub,top5_share,ln1p_idc_new,.0182665805170172,.0092116864,1.9829789,.048313007,**,4913,291,.6897509362981709,.45672107
matched_2008_2024,inv_grant_pub,top10_share,ln1p_idc_stock_l1,.0357348884920028,.010326289,3.4605742,.00062006182,***,4913,291,.7646494806487101,.58416486
matched_2008_2024,inv_grant_pub,top10_share,ln1p_idc_stock,.0367539818635721,.010824815,3.395345,.00078105944,***,4913,291,.7647337487741602,.58416486
matched_2008_2024,inv_grant_pub,top10_share,ln1p_idc_new_l1,.0266658433847342,.0091571994,2.9120085,.0038700195,***,4913,291,.7620798693479822,.58416486
matched_2008_2024,inv_grant_pub,top10_share,ln1p_idc_new,.0212244093272688,.0087670535,2.4209285,.016094889,**,4913,291,.7617058397006623,.58416486
matched_2008_2024,inv_grant_pub,ln_effective_applicants,ln1p_idc_stock_l1,-.0941053441157038,.049634948,-1.8959492,.058960713,*,4913,291,.7285447099595317,2.8045943
matched_2008_2024,inv_grant_pub,ln_effective_applicants,ln1p_idc_stock,-.1074798194436809,.051529493,-2.0857923,.037871379,**,4913,291,.7288811294673618,2.8045943
matched_2008_2024,inv_grant_pub,ln_effective_applicants,ln1p_idc_new_l1,-.0581841894103643,.051025052,-1.1403064,.25509956,,4913,291,.7275076946128887,2.8045943
matched_2008_2024,inv_grant_pub,ln_effective_applicants,ln1p_idc_new,-.0551693100914224,.046640027,-1.1828748,.23782763,,4913,291,.7274795432863869,2.8045943
matched_2008_2024,inv_grant_pub,ln1p_active_applicants,ln1p_idc_stock_l1,.0929747239673759,.035248503,2.6376929,.0087976186,***,4913,291,.9443260068517761,4.1589837
matched_2008_2024,inv_grant_pub,ln1p_active_applicants,ln1p_idc_stock,.099645088536675,.036687262,2.7160678,.007002864,***,4913,291,.9443874533671753,4.1589837
matched_2008_2024,inv_grant_pub,ln1p_active_applicants,ln1p_idc_new_l1,.0435338432621813,.025623294,1.6989948,.09039259,*,4913,291,.9438354324627859,4.1589837
matched_2008_2024,inv_grant_pub,ln1p_active_applicants,ln1p_idc_new,.055506713307172,.022648126,2.4508302,.01484319,**,4913,291,.9438718287643101,4.1589837
matched_2008_2024,inv_grant_pub,ln1p_new_applicants,ln1p_idc_stock_l1,.1029399330975372,.035127714,2.9304478,.0036538695,***,4913,291,.9242211455710884,3.6843269
matched_2008_2024,inv_grant_pub,ln1p_new_applicants,ln1p_idc_stock,.1097879818624394,.03663696,2.9966455,.0029656834,***,4913,291,.9242985432069765,3.6843269
matched_2008_2024,inv_grant_pub,ln1p_new_applicants,ln1p_idc_new_l1,.0601501902351287,.027706452,2.1709814,.030743521,**,4913,291,.9235840179605116,3.6843269
matched_2008_2024,inv_grant_pub,ln1p_new_applicants,ln1p_idc_new,.0695778025146678,.025025975,2.7802234,.0057874746,***,4913,291,.9236258115508068,3.6843269
matched_2008_2024,inv_grant_pub,new_applicant_share,ln1p_idc_stock_l1,.0365471817135909,.0072775497,5.0219078,8.9520142e-07,***,4913,291,.6719225546718199,.44470653
matched_2008_2024,inv_grant_pub,new_applicant_share,ln1p_idc_stock,.0368224387880401,.0074108858,4.9686961,1.1538834e-06,***,4913,291,.6718517723438782,.44470653
matched_2008_2024,inv_grant_pub,new_applicant_share,ln1p_idc_new_l1,.0356297070985061,.0073963138,4.817225,2.3494624e-06,***,4913,291,.6698288202499103,.44470653
matched_2008_2024,inv_grant_pub,new_applicant_share,ln1p_idc_new,.0347090878208251,.0075032832,4.6258531,5.6286767e-06,***,4913,291,.6697043376835075,.44470653
matched_2008_2024,inv_grant_pub,ln1p_total_patents,ln1p_idc_stock_l1,.1126217410111945,.038575493,2.9195154,.0037806511,***,4913,291,.9499814866302468,4.9040599
matched_2008_2024,inv_grant_pub,ln1p_total_patents,ln1p_idc_stock,.1203033217947628,.040406894,2.9772968,.0031534003,***,4913,291,.9500364263745503,4.9040599
matched_2008_2024,inv_grant_pub,ln1p_total_patents,ln1p_idc_new_l1,.0294782538149025,.027857017,1.0581985,.2908456,,4913,291,.9494721820756168,4.9040599
matched_2008_2024,inv_grant_pub,ln1p_total_patents,ln1p_idc_new,.0332253309799514,.027665587,1.2009624,.23074575,,4913,291,.9494767298562723,4.9040599
matched_2012_2022,all_pub,hhi,ln1p_idc_stock_l1,.0097726899057617,.0045938496,2.1273422,.034235377,**,3201,291,.6152770239130068,.02751416
matched_2012_2022,all_pub,hhi,ln1p_idc_stock,.0098881211851647,.0048385672,2.0436051,.041895982,**,3201,291,.6151893147257934,.02751416
matched_2012_2022,all_pub,hhi,ln1p_idc_new_l1,.0033573072296702,.0017222458,1.9493775,.052214146,*,3201,291,.6125392050570505,.02751416
matched_2012_2022,all_pub,hhi,ln1p_idc_new,.0014922443275189,.0015333304,.97320467,.33126265,,3201,291,.6123006521178558,.02751416
matched_2012_2022,all_pub,top1_share,ln1p_idc_stock_l1,.0091417355377832,.0056588445,1.6154774,.10729471,,3201,291,.7034457517699044,.095659666
matched_2012_2022,all_pub,top1_share,ln1p_idc_stock,.0087826917313155,.0058877808,1.4916811,.13686974,,3201,291,.7033230309795042,.095659666
matched_2012_2022,all_pub,top1_share,ln1p_idc_new_l1,.0019243970567066,.0027176107,.70812094,.47943893,,3201,291,.7024961565099084,.095659666
matched_2012_2022,all_pub,top1_share,ln1p_idc_new,-.0008342271174256,.0026245394,-.31785658,.75082248,,3201,291,.7024667130658657,.095659666
matched_2012_2022,all_pub,top5_share,ln1p_idc_stock_l1,.0177164031291364,.0064649591,2.7403736,.0065176156,***,3201,291,.8068145497800472,.21532622
matched_2012_2022,all_pub,top5_share,ln1p_idc_stock,.0186035161205966,.006637122,2.8029492,.0054050847,***,3201,291,.8068919640411382,.21532622
matched_2012_2022,all_pub,top5_share,ln1p_idc_new_l1,.0064573342050596,.0037033686,1.743638,.082281925,*,3201,291,.8053145058605118,.21532622
matched_2012_2022,all_pub,top5_share,ln1p_idc_new,.0027237058827761,.003633644,.74957973,.45411551,,3201,291,.8051617357229743,.21532622
matched_2012_2022,all_pub,top10_share,ln1p_idc_stock_l1,.0217470340499148,.0069365301,3.1351459,.001893894,***,3201,291,.8406692855155797,.28632647
matched_2012_2022,all_pub,top10_share,ln1p_idc_stock,.0228798210254608,.0071118651,3.2171338,.0014413932,***,3201,291,.8407646009212735,.28632647
matched_2012_2022,all_pub,top10_share,ln1p_idc_new_l1,.0100003476971074,.0039922004,2.5049713,.012794652,**,3201,291,.8390953159878691,.28632647
matched_2012_2022,all_pub,top10_share,ln1p_idc_new,.0058451530942651,.0040024444,1.4603958,.14526382,,3201,291,.8388743008881167,.28632647
matched_2012_2022,all_pub,ln_effective_applicants,ln1p_idc_stock_l1,-.0394923455106665,.053080492,-.74400866,.45747364,,3201,291,.8495511817262209,4.3259721
matched_2012_2022,all_pub,ln_effective_applicants,ln1p_idc_stock,-.0437365262329429,.055686403,-.78540766,.43285581,,3201,291,.8495706091643714,4.3259721
matched_2012_2022,all_pub,ln_effective_applicants,ln1p_idc_new_l1,.0031394924430992,.036796372,.085320704,.93206531,,3201,291,.8494329025348447,4.3259721
matched_2012_2022,all_pub,ln_effective_applicants,ln1p_idc_new,.0204429880196083,.034970436,.58457911,.55928522,,3201,291,.8494584608343461,4.3259721
matched_2012_2022,all_pub,ln1p_active_applicants,ln1p_idc_stock_l1,-.0347858638059496,.026645467,-1.3055078,.19275476,,3201,291,.9795185096273924,6.4933968
matched_2012_2022,all_pub,ln1p_active_applicants,ln1p_idc_stock,-.0344018996533411,.027450196,-1.2532479,.21112502,,3201,291,.9795140662633238,6.4933968
matched_2012_2022,all_pub,ln1p_active_applicants,ln1p_idc_new_l1,.0014561011298843,.017282033,.084255196,.93291169,,3201,291,.9794571150385916,6.4933968
matched_2012_2022,all_pub,ln1p_active_applicants,ln1p_idc_new,.002053410432127,.014520059,.14141887,.88763726,,3201,291,.979457201840979,6.4933968
matched_2012_2022,all_pub,ln1p_new_applicants,ln1p_idc_stock_l1,-.0690302725838161,.030052101,-2.29702,.022330068,**,3201,291,.9666833550071517,5.8919516
matched_2012_2022,all_pub,ln1p_new_applicants,ln1p_idc_stock,-.067688341708636,.030977391,-2.1850886,.029682513,**,3201,291,.96666001662069,5.8919516
matched_2012_2022,all_pub,ln1p_new_applicants,ln1p_idc_new_l1,-.0011742479921846,.021451879,-.0547387,.9563843,,3201,291,.9664181044152877,5.8919516
matched_2012_2022,all_pub,ln1p_new_applicants,ln1p_idc_new,-.0002393863478404,.017570399,-.013624411,.98913902,,3201,291,.9664180434360151,5.8919516
matched_2012_2022,all_pub,new_applicant_share,ln1p_idc_stock_l1,-.0000552829579215,.0057441154,-.0096242772,.99232769,,3201,291,.673145232807661,.37257704
matched_2012_2022,all_pub,new_applicant_share,ln1p_idc_stock,-.0001214519780997,.0060570855,-.020051224,.9840163,,3201,291,.6731453056341694,.37257704
matched_2012_2022,all_pub,new_applicant_share,ln1p_idc_new_l1,.0104440461890326,.0041428795,2.5209632,.012239723,**,3201,291,.6737470102503197,.37257704
matched_2012_2022,all_pub,new_applicant_share,ln1p_idc_new,.0086234998448799,.0037677924,2.2887406,.022813432,**,3201,291,.6735521691802857,.37257704
matched_2012_2022,all_pub,ln1p_total_patents,ln1p_idc_stock_l1,-.0345209042154367,.032868382,-1.050277,.29446521,,3201,291,.9754760413781702,7.9155726
matched_2012_2022,all_pub,ln1p_total_patents,ln1p_idc_stock,-.0454580635540951,.033258278,-1.3668195,.17274055,,3201,291,.9755036058808907,7.9155726
matched_2012_2022,all_pub,ln1p_total_patents,ln1p_idc_new_l1,-.0205508029045739,.017206527,-1.194361,.23331277,,3201,291,.9754458448772751,7.9155726
matched_2012_2022,all_pub,ln1p_total_patents,ln1p_idc_new,-.0212310298236373,.016775943,-1.265564,.20668508,,3201,291,.9754465809752425,7.9155726
matched_2012_2022,inv_app_pub,hhi,ln1p_idc_stock_l1,.0097425256295059,.0045629921,2.1351178,.033589333,**,3198,291,.6573446123167942,.053356439
matched_2012_2022,inv_app_pub,hhi,ln1p_idc_stock,.01025579337866,.0047342367,2.1663034,.031102514,**,3198,291,.6574272819008884,.053356439
matched_2012_2022,inv_app_pub,hhi,ln1p_idc_new_l1,.0029101547856222,.0020747357,1.402663,.16178699,,3198,291,.6558436859190202,.053356439
matched_2012_2022,inv_app_pub,hhi,ln1p_idc_new,.0013382023189254,.0021878006,.61166555,.54123825,,3198,291,.6557489267501142,.053356439
matched_2012_2022,inv_app_pub,top1_share,ln1p_idc_stock_l1,.0034850945271007,.0064974017,.53638279,.59210521,,3198,291,.6636462871674832,.14495212
matched_2012_2022,inv_app_pub,top1_share,ln1p_idc_stock,.0049083826551141,.0066466234,.73847759,.46082148,,3198,291,.6637244297760679,.14495212
matched_2012_2022,inv_app_pub,top1_share,ln1p_idc_new_l1,.0001456972465828,.0039910353,.036506128,.97090393,,3198,291,.6635577476631432,.14495212
matched_2012_2022,inv_app_pub,top1_share,ln1p_idc_new,-.00177516252299,.0039137346,-.45357257,.65047574,,3198,291,.6635765396852663,.14495212
matched_2012_2022,inv_app_pub,top5_share,ln1p_idc_stock_l1,.0158961160945824,.0084706564,1.8766098,.06157564,*,3198,291,.7586387412016078,.32208928
matched_2012_2022,inv_app_pub,top5_share,ln1p_idc_stock,.019820256077408,.0087874774,2.2555115,.024846546,**,3198,291,.7590631268748333,.32208928
matched_2012_2022,inv_app_pub,top5_share,ln1p_idc_new_l1,.0037817086894216,.0059342622,.63726687,.52445382,,3198,291,.7577863316290583,.32208928
matched_2012_2022,inv_app_pub,top5_share,ln1p_idc_new,.002542714329509,.0057730838,.44044301,.65994442,,3198,291,.7577631825793594,.32208928
matched_2012_2022,inv_app_pub,top10_share,ln1p_idc_stock_l1,.0220523742928579,.0088025164,2.5052352,.012785319,**,3198,291,.7998689382382488,.42254221
matched_2012_2022,inv_app_pub,top10_share,ln1p_idc_stock,.0269877813188762,.0091074938,2.9632502,.0032964332,***,3198,291,.8004464999808302,.42254221
matched_2012_2022,inv_app_pub,top10_share,ln1p_idc_new_l1,.0076484452666898,.0064156279,1.1921585,.23417372,,3198,291,.7986323368196863,.42254221
matched_2012_2022,inv_app_pub,top10_share,ln1p_idc_new,.0071018240169003,.0061424249,1.1561922,.24855413,,3198,291,.7986125034069507,.42254221
matched_2012_2022,inv_app_pub,ln_effective_applicants,ln1p_idc_stock_l1,-.0378036713032412,.053263728,-.70974511,.47843248,,3198,291,.7850017129653706,3.4981272
matched_2012_2022,inv_app_pub,ln_effective_applicants,ln1p_idc_stock,-.0606500645399228,.0547514,-1.1077354,.26889399,,3198,291,.7851924285509714,3.4981272
matched_2012_2022,inv_app_pub,ln_effective_applicants,ln1p_idc_new_l1,.000953759036048,.041778889,.022828732,.98180258,,3198,291,.7848694518475577,3.4981272
matched_2012_2022,inv_app_pub,ln_effective_applicants,ln1p_idc_new,.0179454096475,.039494853,.45437336,.64990002,,3198,291,.7848939075796574,3.4981272
matched_2012_2022,inv_app_pub,ln1p_active_applicants,ln1p_idc_stock_l1,.0501841758589128,.028528644,1.7590803,.079618432,*,3198,291,.9704262656086334,5.3468623
matched_2012_2022,inv_app_pub,ln1p_active_applicants,ln1p_idc_stock,.0449353740607709,.028856678,1.5571915,.12051563,,3198,291,.9703960379291592,5.3468623
matched_2012_2022,inv_app_pub,ln1p_active_applicants,ln1p_idc_new_l1,.0290663282707313,.020060912,1.4489037,.14844492,,3198,291,.9703351907538039,5.3468623
matched_2012_2022,inv_app_pub,ln1p_active_applicants,ln1p_idc_new,.0255484081211339,.017980453,1.420899,.15642045,,3198,291,.9703269918485539,5.3468623
matched_2012_2022,inv_app_pub,ln1p_new_applicants,ln1p_idc_stock_l1,.0565595035322815,.031221161,1.8115759,.071086146,*,3198,291,.9568608159537478,4.8425179
matched_2012_2022,inv_app_pub,ln1p_new_applicants,ln1p_idc_stock,.0498274431881991,.031676859,1.572992,.11681101,,3198,291,.9568142208973177,4.8425179
matched_2012_2022,inv_app_pub,ln1p_new_applicants,ln1p_idc_new_l1,.0364950089196998,.023971934,1.5224056,.12899712,,3198,291,.956745205455633,4.8425179
matched_2012_2022,inv_app_pub,ln1p_new_applicants,ln1p_idc_new,.0307712915031263,.02109709,1.4585562,.14576951,,3198,291,.9567272374118021,4.8425179
matched_2012_2022,inv_app_pub,new_applicant_share,ln1p_idc_stock_l1,.0184453532685081,.0069439351,2.6563256,.0083370376,***,3198,291,.6767392428914629,.41149214
matched_2012_2022,inv_app_pub,new_applicant_share,ln1p_idc_stock,.0140848664115914,.0073373877,1.9196023,.055889156,*,3198,291,.6761577227773381,.41149214
matched_2012_2022,inv_app_pub,new_applicant_share,ln1p_idc_new_l1,.013913220357171,.0063912049,2.1769323,.030292021,**,3198,291,.6760519881224795,.41149214
matched_2012_2022,inv_app_pub,new_applicant_share,ln1p_idc_new,.0086741849929452,.0058420054,1.4847958,.13868408,,3198,291,.6756748805995609,.41149214
matched_2012_2022,inv_app_pub,ln1p_total_patents,ln1p_idc_stock_l1,.0567491538183006,.035471573,1.5998487,.11072096,,3198,291,.9615050545019973,6.5353384
matched_2012_2022,inv_app_pub,ln1p_total_patents,ln1p_idc_stock,.045479477426204,.035362691,1.2860864,.19943875,,3198,291,.9614643968847336,6.5353384
matched_2012_2022,inv_app_pub,ln1p_total_patents,ln1p_idc_new_l1,-.0085182023468978,.021945441,-.38815361,.69818711,,3198,291,.9614029753183361,6.5353384
matched_2012_2022,inv_app_pub,ln1p_total_patents,ln1p_idc_new,.0022309363299202,.021952383,.10162616,.91912365,,3198,291,.9614011642721944,6.5353384
matched_2012_2022,inv_grant_pub,hhi,ln1p_idc_stock_l1,.0115634579218477,.0061048479,1.8941436,.059200879,*,3193,291,.6649367506769159,.094070747
matched_2012_2022,inv_grant_pub,hhi,ln1p_idc_stock,.0112198250892754,.0064609689,1.7365546,.083527751,*,3193,291,.6648328455094157,.094070747
matched_2012_2022,inv_grant_pub,hhi,ln1p_idc_new_l1,.0029711438193729,.0036029366,.82464504,.4102509,,3193,291,.664019269080371,.094070747
matched_2012_2022,inv_grant_pub,hhi,ln1p_idc_new,-.0012675491975528,.0032949701,-.38469216,.70074749,,3193,291,.6639756862344023,.094070747
matched_2012_2022,inv_grant_pub,top1_share,ln1p_idc_stock_l1,.0090109593917486,.0086295223,1.0442014,.29726186,,3193,291,.6584269585642131,.19785003
matched_2012_2022,inv_grant_pub,top1_share,ln1p_idc_stock,.0098219194130274,.0088362163,1.1115526,.26725119,,3193,291,.6584736769690901,.19785003
matched_2012_2022,inv_grant_pub,top1_share,ln1p_idc_new_l1,-.00047532051208,.0058526411,-.081214704,.93532723,,3193,291,.6580596426971247,.19785003
matched_2012_2022,inv_grant_pub,top1_share,ln1p_idc_new,-.0046653479820179,.0051378501,-.90803504,.36461365,,3193,291,.6581400387007726,.19785003
matched_2012_2022,inv_grant_pub,top5_share,ln1p_idc_stock_l1,.0242498359464966,.01105183,2.1941919,.02901477,**,3193,291,.7763780751138372,.43521211
matched_2012_2022,inv_grant_pub,top5_share,ln1p_idc_stock,.0263574788888955,.01158902,2.2743492,.023675421,**,3193,291,.7765442918846702,.43521211
matched_2012_2022,inv_grant_pub,top5_share,ln1p_idc_new_l1,.0078713009958359,.0077185621,1.0197885,.30867878,,3193,291,.7751195967259613,.43521211
matched_2012_2022,inv_grant_pub,top5_share,ln1p_idc_new,.002694771920852,.0065296479,.41269791,.68013293,,3193,291,.775013028089252,.43521211
matched_2012_2022,inv_grant_pub,top10_share,ln1p_idc_stock_l1,.0262815958920183,.010969582,2.3958611,.017215164,**,3193,291,.8324234941293809,.56025976
matched_2012_2022,inv_grant_pub,top10_share,ln1p_idc_stock,.0275453030702654,.011403187,2.4155793,.016328391,**,3193,291,.8324826920573545,.56025976
matched_2012_2022,inv_grant_pub,top10_share,ln1p_idc_new_l1,.0115858665294182,.0074026957,1.5650874,.11865292,,3193,291,.8312384166886753,.56025976
matched_2012_2022,inv_grant_pub,top10_share,ln1p_idc_new,.0052474477482091,.0062970831,.833314,.40535346,,3193,291,.8310568954781602,.56025976
matched_2012_2022,inv_grant_pub,ln_effective_applicants,ln1p_idc_stock_l1,-.1017893101889915,.058189098,-1.7492849,.081299648,*,3193,291,.7975137833837309,2.8756924
matched_2012_2022,inv_grant_pub,ln_effective_applicants,ln1p_idc_stock,-.11722732522417,.060037583,-1.9525657,.051832974,*,3193,291,.7977827682308938,2.8756924
matched_2012_2022,inv_grant_pub,ln_effective_applicants,ln1p_idc_new_l1,-.0302631319922267,.044013985,-.68757993,.49226689,,3193,291,.7965477510123373,2.8756924
matched_2012_2022,inv_grant_pub,ln_effective_applicants,ln1p_idc_new,-.0162924308851094,.037009079,-.44022796,.66009992,,3193,291,.7964932584472311,2.8756924
matched_2012_2022,inv_grant_pub,ln1p_active_applicants,ln1p_idc_stock_l1,.093461063124651,.034448143,2.7130945,.00706441,***,3193,291,.9632828417986196,4.3361311
matched_2012_2022,inv_grant_pub,ln1p_active_applicants,ln1p_idc_stock,.1078431876724731,.035336994,3.0518496,.0024850075,***,3193,291,.9633889087252541,4.3361311
matched_2012_2022,inv_grant_pub,ln1p_active_applicants,ln1p_idc_new_l1,.0493776432997591,.02069477,2.3859963,.017674545,**,3193,291,.9629728119870987,4.3361311
matched_2012_2022,inv_grant_pub,ln1p_active_applicants,ln1p_idc_new,.0573735509386896,.018881697,3.0385804,.0025935124,***,3193,291,.9630045200326451,4.3361311
matched_2012_2022,inv_grant_pub,ln1p_new_applicants,ln1p_idc_stock_l1,.1172256690058009,.037122365,3.1578181,.0017571544,***,3193,291,.9452548904250108,3.8331819
matched_2012_2022,inv_grant_pub,ln1p_new_applicants,ln1p_idc_stock,.1342230202262267,.037736796,3.5568209,.00043826737,***,3193,291,.9454242751395012,3.8331819
matched_2012_2022,inv_grant_pub,ln1p_new_applicants,ln1p_idc_new_l1,.0722759466475008,.023709666,3.0483749,.0025130103,***,3193,291,.9447787040146124,3.8331819
matched_2012_2022,inv_grant_pub,ln1p_new_applicants,ln1p_idc_new,.0751608027440128,.022453796,3.3473539,.00092356314,***,3193,291,.9447946625634576,3.8331819
matched_2012_2022,inv_grant_pub,new_applicant_share,ln1p_idc_stock_l1,.0229478377827373,.0092317648,2.4857476,.013491279,**,3193,291,.6941490667382555,.41113114
matched_2012_2022,inv_grant_pub,new_applicant_share,ln1p_idc_stock,.0262102787308021,.0091385087,2.8681135,.0044323299,***,3193,291,.6944453050228996,.41113114
matched_2012_2022,inv_grant_pub,new_applicant_share,ln1p_idc_new_l1,.0225443304490662,.00638725,3.5295832,.00048386113,***,3193,291,.693900702116351,.41113114
matched_2012_2022,inv_grant_pub,new_applicant_share,ln1p_idc_new,.0235337616292177,.0066043418,3.5633774,.00042791074,***,3193,291,.6939816075769283,.41113114
matched_2012_2022,inv_grant_pub,ln1p_total_patents,ln1p_idc_stock_l1,.1369790345082018,.036783449,3.7239313,.00023565085,***,3193,291,.9657784774926254,5.1561012
matched_2012_2022,inv_grant_pub,ln1p_total_patents,ln1p_idc_stock,.1500632277549208,.038027886,3.9461362,.000099704957,***,3193,291,.9658570774834766,5.1561012
matched_2012_2022,inv_grant_pub,ln1p_total_patents,ln1p_idc_new_l1,.0433263232327694,.022439288,1.9308243,.054479424,*,3193,291,.9652574986459811,5.1561012
matched_2012_2022,inv_grant_pub,ln1p_total_patents,ln1p_idc_new,.0399724295486872,.020210546,1.9778006,.048897672,**,3193,291,.9652501543885099,5.1561012
