eventdef,spec,outcome,event,coef,se,t,p,sig,preF,prep,N,N_city,N_treated_city,mean_y
scope_ge_1,province_year_fe,ln1p_new_applicants,es_m4,.0409939758647456,.044761576,.9158296,.36070722,,1.370598946510085,.25247887,3719,233,79,4.33819638026051
scope_ge_1,province_year_fe,ln1p_new_applicants,es_m3,.0072317501393554,.049532544,.14599998,.88404816,,1.370598946510085,.25247887,3719,233,79,4.33819638026051
scope_ge_1,province_year_fe,ln1p_new_applicants,es_m2,-.0485068176338886,.052929673,-.91643906,.36038831,,1.370598946510085,.25247887,3719,233,79,4.33819638026051
scope_ge_1,province_year_fe,ln1p_new_applicants,es_0,-.0626634646811023,.034470517,-1.8178859,.070371337,*,1.370598946510085,.25247887,3719,233,79,4.33819638026051
scope_ge_1,province_year_fe,ln1p_new_applicants,es_p1,-.0661626566621816,.03675843,-1.7999315,.07317058,*,1.370598946510085,.25247887,3719,233,79,4.33819638026051
scope_ge_1,province_year_fe,ln1p_new_applicants,es_p2,-.0573490126552844,.040213153,-1.4261258,.15517624,,1.370598946510085,.25247887,3719,233,79,4.33819638026051
scope_ge_1,province_year_fe,ln1p_new_applicants,es_p3,-.0545300378085619,.041049972,-1.3283818,.18535724,,1.370598946510085,.25247887,3719,233,79,4.33819638026051
scope_ge_1,province_year_fe,ln1p_new_applicants,es_p4,-.0491478998145552,.03938042,-1.2480289,.21327862,,1.370598946510085,.25247887,3719,233,79,4.33819638026051
scope_ge_1,provyr_baseyr_fe,ln1p_new_applicants,es_m4,.0192602995271418,.043013874,.44776946,.65473741,,.9542614668995107,.41511148,3719,233,79,4.33819638026051
scope_ge_1,provyr_baseyr_fe,ln1p_new_applicants,es_m3,-.003351842693847,.046787981,-.071638972,.94295096,,.9542614668995107,.41511148,3719,233,79,4.33819638026051
scope_ge_1,provyr_baseyr_fe,ln1p_new_applicants,es_m2,-.0561191867874356,.051410124,-1.0915979,.27614218,,.9542614668995107,.41511148,3719,233,79,4.33819638026051
scope_ge_1,provyr_baseyr_fe,ln1p_new_applicants,es_0,-.0476238653940192,.036700647,-1.2976301,.19570322,,.9542614668995107,.41511148,3719,233,79,4.33819638026051
scope_ge_1,provyr_baseyr_fe,ln1p_new_applicants,es_p1,-.0509138269663336,.03904153,-1.3040941,.19349387,,.9542614668995107,.41511148,3719,233,79,4.33819638026051
scope_ge_1,provyr_baseyr_fe,ln1p_new_applicants,es_p2,-.034788461058551,.040868163,-.85123622,.39551589,,.9542614668995107,.41511148,3719,233,79,4.33819638026051
scope_ge_1,provyr_baseyr_fe,ln1p_new_applicants,es_p3,-.0315049072956874,.04033076,-.78116322,.43550289,,.9542614668995107,.41511148,3719,233,79,4.33819638026051
scope_ge_1,provyr_baseyr_fe,ln1p_new_applicants,es_p4,-.0246594550765702,.036271039,-.67986625,.49726695,,.9542614668995107,.41511148,3719,233,79,4.33819638026051
scope_ge_1,province_year_fe,new_applicant_share,es_m4,-.0045206135285366,.016134351,-.28018564,.77958477,,.55628776967092,.64441496,3719,233,79,.4555013134560745
scope_ge_1,province_year_fe,new_applicant_share,es_m3,-.009937373240449,.017338844,-.57312775,.56711328,,.55628776967092,.64441496,3719,233,79,.4555013134560745
scope_ge_1,province_year_fe,new_applicant_share,es_m2,-.0172890116611521,.013611888,-1.2701406,.20530692,,.55628776967092,.64441496,3719,233,79,.4555013134560745
scope_ge_1,province_year_fe,new_applicant_share,es_0,-.0127664351786953,.014315412,-.89179653,.37342599,,.55628776967092,.64441496,3719,233,79,.4555013134560745
scope_ge_1,province_year_fe,new_applicant_share,es_p1,-.002622187318089,.013623603,-.19247386,.84753942,,.55628776967092,.64441496,3719,233,79,.4555013134560745
scope_ge_1,province_year_fe,new_applicant_share,es_p2,.0178839925665611,.014723979,1.2146168,.22574708,,.55628776967092,.64441496,3719,233,79,.4555013134560745
scope_ge_1,province_year_fe,new_applicant_share,es_p3,.0093143571546472,.012220614,.76218408,.4467243,,.55628776967092,.64441496,3719,233,79,.4555013134560745
scope_ge_1,province_year_fe,new_applicant_share,es_p4,.0015924785790225,.011514489,.13830215,.89012158,,.55628776967092,.64441496,3719,233,79,.4555013134560745
scope_ge_1,provyr_baseyr_fe,new_applicant_share,es_m4,.0099405383507699,.015536892,.63980222,.52293247,,.8552187934775187,.46506768,3719,233,79,.4555013134560745
scope_ge_1,provyr_baseyr_fe,new_applicant_share,es_m3,.0001524084740434,.017771512,.0085759992,.99316478,,.8552187934775187,.46506768,3719,233,79,.4555013134560745
scope_ge_1,provyr_baseyr_fe,new_applicant_share,es_m2,-.0158503788212256,.01436324,-1.1035379,.27093697,,.8552187934775187,.46506768,3719,233,79,.4555013134560745
scope_ge_1,provyr_baseyr_fe,new_applicant_share,es_0,-.0187799135739331,.015887689,-1.1820419,.23839921,,.8552187934775187,.46506768,3719,233,79,.4555013134560745
scope_ge_1,provyr_baseyr_fe,new_applicant_share,es_p1,-.0117170576631293,.014959103,-.78327274,.43426582,,.8552187934775187,.46506768,3719,233,79,.4555013134560745
scope_ge_1,provyr_baseyr_fe,new_applicant_share,es_p2,.0099399491851626,.015461043,.64290291,.52092195,,.8552187934775187,.46506768,3719,233,79,.4555013134560745
scope_ge_1,provyr_baseyr_fe,new_applicant_share,es_p3,.0014170754244225,.01213247,.11680023,.90711939,,.8552187934775187,.46506768,3719,233,79,.4555013134560745
scope_ge_1,provyr_baseyr_fe,new_applicant_share,es_p4,-.0052042227212583,.010968944,-.47445065,.63562483,,.8552187934775187,.46506768,3719,233,79,.4555013134560745
scope_ge_1,province_year_fe,hhi,es_m4,-.0086407817346197,.010830739,-.79780167,.4258014,,1.387832404330486,.24720523,3719,233,79,.0659890855742629
scope_ge_1,province_year_fe,hhi,es_m3,-.0105913340313122,.011582078,-.91445887,.36142519,,1.387832404330486,.24720523,3719,233,79,.0659890855742629
scope_ge_1,province_year_fe,hhi,es_m2,.00177420081132,.011176924,.15873784,.87401354,,1.387832404330486,.24720523,3719,233,79,.0659890855742629
scope_ge_1,province_year_fe,hhi,es_0,.0025486643532782,.0090482719,.28167415,.77844447,,1.387832404330486,.24720523,3719,233,79,.0659890855742629
scope_ge_1,province_year_fe,hhi,es_p1,.0044987479162224,.0086132856,.52230334,.6019575,,1.387832404330486,.24720523,3719,233,79,.0659890855742629
scope_ge_1,province_year_fe,hhi,es_p2,.0075328848232676,.0087787053,.85808611,.39173055,,1.387832404330486,.24720523,3719,233,79,.0659890855742629
scope_ge_1,province_year_fe,hhi,es_p3,.0083958329153688,.0063906624,1.3137658,.1902227,,1.387832404330486,.24720523,3719,233,79,.0659890855742629
scope_ge_1,province_year_fe,hhi,es_p4,.0129618078042742,.0065445304,1.9805558,.04882247,**,1.387832404330486,.24720523,3719,233,79,.0659890855742629
scope_ge_1,provyr_baseyr_fe,hhi,es_m4,-.0059414655848987,.011439856,-.51936543,.60400105,,1.021779398029555,.38370612,3719,233,79,.0659890855742629
scope_ge_1,provyr_baseyr_fe,hhi,es_m3,-.0073231122461737,.011961157,-.61224109,.54097784,,1.021779398029555,.38370612,3719,233,79,.0659890855742629
scope_ge_1,provyr_baseyr_fe,hhi,es_m2,.0040757265408691,.011891381,.34274629,.73209965,,1.021779398029555,.38370612,3719,233,79,.0659890855742629
scope_ge_1,provyr_baseyr_fe,hhi,es_0,.0021488627271305,.0088132108,.24382292,.80758345,,1.021779398029555,.38370612,3719,233,79,.0659890855742629
scope_ge_1,provyr_baseyr_fe,hhi,es_p1,.0021466891419572,.0078484295,.27351829,.78469819,,1.021779398029555,.38370612,3719,233,79,.0659890855742629
scope_ge_1,provyr_baseyr_fe,hhi,es_p2,.0048283847168664,.0080385972,.60065019,.54865932,,1.021779398029555,.38370612,3719,233,79,.0659890855742629
scope_ge_1,provyr_baseyr_fe,hhi,es_p3,.0060649482262369,.0062653311,.96801716,.33404383,,1.021779398029555,.38370612,3719,233,79,.0659890855742629
scope_ge_1,provyr_baseyr_fe,hhi,es_p4,.0093634391025201,.005766178,1.6238554,.10576457,,1.021779398029555,.38370612,3719,233,79,.0659890855742629
scope_ge_1,province_year_fe,top10_share,es_m4,-.0174393345196739,.0133877,-1.3026386,.19398974,,.6947727209005712,.55607694,3719,233,79,.4725234794578038
scope_ge_1,province_year_fe,top10_share,es_m3,-.0098376098933263,.017100308,-.57528841,.56565374,,.6947727209005712,.55607694,3719,233,79,.4725234794578038
scope_ge_1,province_year_fe,top10_share,es_m2,-.0056601065754708,.016684266,-.33924818,.73472965,,.6947727209005712,.55607694,3719,233,79,.4725234794578038
scope_ge_1,province_year_fe,top10_share,es_0,-.0006361076970702,.014672345,-.043354198,.96545649,,.6947727209005712,.55607694,3719,233,79,.4725234794578038
scope_ge_1,province_year_fe,top10_share,es_p1,-.005798710222028,.014717611,-.39399803,.69394439,,.6947727209005712,.55607694,3719,233,79,.4725234794578038
scope_ge_1,province_year_fe,top10_share,es_p2,-.0019102794049311,.01579277,-.12095911,.90382814,,.6947727209005712,.55607694,3719,233,79,.4725234794578038
scope_ge_1,province_year_fe,top10_share,es_p3,-.0037127636962081,.013861431,-.26784852,.78905392,,.6947727209005712,.55607694,3719,233,79,.4725234794578038
scope_ge_1,province_year_fe,top10_share,es_p4,.01170144844399,.013227945,.88460064,.37728792,,.6947727209005712,.55607694,3719,233,79,.4725234794578038
scope_ge_1,provyr_baseyr_fe,top10_share,es_m4,-.0092456102600077,.01442975,-.64073253,.52232885,,.2343463848335386,.87238371,3719,233,79,.4725234794578038
scope_ge_1,provyr_baseyr_fe,top10_share,es_m3,-.0028971079981895,.016962839,-.17079145,.86453658,,.2343463848335386,.87238371,3719,233,79,.4725234794578038
scope_ge_1,provyr_baseyr_fe,top10_share,es_m2,.0005706642379957,.017055318,.033459608,.97333682,,.2343463848335386,.87238371,3719,233,79,.4725234794578038
scope_ge_1,provyr_baseyr_fe,top10_share,es_0,-.0002996201694059,.014753205,-.020308821,.98381448,,.2343463848335386,.87238371,3719,233,79,.4725234794578038
scope_ge_1,provyr_baseyr_fe,top10_share,es_p1,-.0067719430345679,.015103965,-.44835532,.65431523,,.2343463848335386,.87238371,3719,233,79,.4725234794578038
scope_ge_1,provyr_baseyr_fe,top10_share,es_p2,-.0043654493245008,.016363351,-.2667821,.7898739,,.2343463848335386,.87238371,3719,233,79,.4725234794578038
scope_ge_1,provyr_baseyr_fe,top10_share,es_p3,-.0107507880656645,.014073275,-.76391512,.44569403,,.2343463848335386,.87238371,3719,233,79,.4725234794578038
scope_ge_1,provyr_baseyr_fe,top10_share,es_p4,.0027780644425744,.01261,.22030647,.82582623,,.2343463848335386,.87238371,3719,233,79,.4725234794578038
scope_ge_1,province_year_fe,base_top_share,es_m4,-.0055226441091633,.02041677,-.2704955,.78701955,,1.986005591187331,.11681028,3719,233,79,.1930823432292725
scope_ge_1,province_year_fe,base_top_share,es_m3,.0161909196384724,.019421874,.83364356,.40533933,,1.986005591187331,.11681028,3719,233,79,.1930823432292725
scope_ge_1,province_year_fe,base_top_share,es_m2,.0370488855449013,.018797776,1.9709187,.049922008,**,1.986005591187331,.11681028,3719,233,79,.1930823432292725
scope_ge_1,province_year_fe,base_top_share,es_0,.0266414206712597,.015618698,1.705739,.089395039,*,1.986005591187331,.11681028,3719,233,79,.1930823432292725
scope_ge_1,province_year_fe,base_top_share,es_p1,.0171325602627598,.015431295,1.1102477,.2680417,,1.986005591187331,.11681028,3719,233,79,.1930823432292725
scope_ge_1,province_year_fe,base_top_share,es_p2,.009541364152075,.014830356,.64336717,.5206213,,1.986005591187331,.11681028,3719,233,79,.1930823432292725
scope_ge_1,province_year_fe,base_top_share,es_p3,.0125862321649186,.012286612,1.0243859,.30671993,,1.986005591187331,.11681028,3719,233,79,.1930823432292725
scope_ge_1,province_year_fe,base_top_share,es_p4,.0113519723048347,.011002278,1.0317838,.30324781,,1.986005591187331,.11681028,3719,233,79,.1930823432292725
scope_ge_1,provyr_baseyr_fe,base_top_share,es_m4,.0039294855951513,.020621225,.19055539,.84904057,,.9801850082145949,.40280381,3719,233,79,.1930823432292725
scope_ge_1,provyr_baseyr_fe,base_top_share,es_m3,.0099328952642373,.021311954,.46607155,.64160156,,.9801850082145949,.40280381,3719,233,79,.1930823432292725
scope_ge_1,provyr_baseyr_fe,base_top_share,es_m2,.0259901286442602,.019713683,1.3183801,.18867651,,.9801850082145949,.40280381,3719,233,79,.1930823432292725
scope_ge_1,provyr_baseyr_fe,base_top_share,es_0,.018332298086177,.015383849,1.1916587,.23461266,,.9801850082145949,.40280381,3719,233,79,.1930823432292725
scope_ge_1,provyr_baseyr_fe,base_top_share,es_p1,.0074238917503118,.014941461,.49686515,.61975461,,.9801850082145949,.40280381,3719,233,79,.1930823432292725
scope_ge_1,provyr_baseyr_fe,base_top_share,es_p2,-.0038570784244919,.013812734,-.27924076,.78030884,,.9801850082145949,.40280381,3719,233,79,.1930823432292725
scope_ge_1,provyr_baseyr_fe,base_top_share,es_p3,-.0000312656841071,.01164923,-.0026839271,.99786085,,.9801850082145949,.40280381,3719,233,79,.1930823432292725
scope_ge_1,provyr_baseyr_fe,base_top_share,es_p4,.0001399760415459,.010469703,.013369628,.98934436,,.9801850082145949,.40280381,3719,233,79,.1930823432292725
scope_ge_1,province_year_fe,base_mid_inc_share,es_m4,.0083172572597708,.013535907,.6144588,.5395143,,.2384522300981561,.86948329,3719,233,79,.3825758892680844
scope_ge_1,province_year_fe,base_mid_inc_share,es_m3,.0030568835809232,.016286982,.18768875,.85128468,,.2384522300981561,.86948329,3719,233,79,.3825758892680844
scope_ge_1,province_year_fe,base_mid_inc_share,es_m2,-.0013186607007641,.013733651,-.096016765,.92359012,,.2384522300981561,.86948329,3719,233,79,.3825758892680844
scope_ge_1,province_year_fe,base_mid_inc_share,es_0,.0005297838329566,.015716506,.033708755,.97313839,,.2384522300981561,.86948329,3719,233,79,.3825758892680844
scope_ge_1,province_year_fe,base_mid_inc_share,es_p1,.0013702313672642,.016841656,.081359655,.93522608,,.2384522300981561,.86948329,3719,233,79,.3825758892680844
scope_ge_1,province_year_fe,base_mid_inc_share,es_p2,-.0115353818436403,.017495627,-.65932941,.51033819,,.2384522300981561,.86948329,3719,233,79,.3825758892680844
scope_ge_1,province_year_fe,base_mid_inc_share,es_p3,-.006584700680198,.012322475,-.53436512,.59360063,,.2384522300981561,.86948329,3719,233,79,.3825758892680844
scope_ge_1,province_year_fe,base_mid_inc_share,es_p4,.0003504485353589,.010893946,.032169111,.97436488,,.2384522300981561,.86948329,3719,233,79,.3825758892680844
scope_ge_1,provyr_baseyr_fe,base_mid_inc_share,es_m4,-.0043952455421351,.013330746,-.32970741,.74191856,,.0829898285934713,.96925104,3719,233,79,.3825758892680844
scope_ge_1,provyr_baseyr_fe,base_mid_inc_share,es_m3,-.0086229220849214,.017344618,-.4971526,.61955225,,.0829898285934713,.96925104,3719,233,79,.3825758892680844
scope_ge_1,provyr_baseyr_fe,base_mid_inc_share,es_m2,-.0056810762865597,.01513515,-.37535644,.70773834,,.0829898285934713,.96925104,3719,233,79,.3825758892680844
scope_ge_1,provyr_baseyr_fe,base_mid_inc_share,es_0,.0012604909096378,.015718108,.080193557,.93615246,,.0829898285934713,.96925104,3719,233,79,.3825758892680844
scope_ge_1,provyr_baseyr_fe,base_mid_inc_share,es_p1,.0050204393007877,.017138431,.2929346,.76983398,,.0829898285934713,.96925104,3719,233,79,.3825758892680844
scope_ge_1,provyr_baseyr_fe,base_mid_inc_share,es_p2,-.0054919193885084,.017484577,-.31410077,.75372678,,.0829898285934713,.96925104,3719,233,79,.3825758892680844
scope_ge_1,provyr_baseyr_fe,base_mid_inc_share,es_p3,-.000873126773578,.012062383,-.072384268,.94235849,,.0829898285934713,.96925104,3719,233,79,.3825758892680844
scope_ge_1,provyr_baseyr_fe,base_mid_inc_share,es_p4,.0054766919915707,.01120277,.48886943,.62539595,,.0829898285934713,.96925104,3719,233,79,.3825758892680844
scope_ge_2,province_year_fe,ln1p_new_applicants,es_m4,-.0549986693492785,.048453171,-1.1350892,.25732991,,.6240986272428849,.59996629,4391,275,66,4.477666743832106
scope_ge_2,province_year_fe,ln1p_new_applicants,es_m3,-.0644568117503492,.055438884,-1.1626644,.24597733,,.6240986272428849,.59996629,4391,275,66,4.477666743832106
scope_ge_2,province_year_fe,ln1p_new_applicants,es_m2,-.0699751699775307,.052297071,-1.3380322,.1819953,,.6240986272428849,.59996629,4391,275,66,4.477666743832106
scope_ge_2,province_year_fe,ln1p_new_applicants,es_0,-.0305964451291969,.038501136,-.79468942,.42748198,,.6240986272428849,.59996629,4391,275,66,4.477666743832106
scope_ge_2,province_year_fe,ln1p_new_applicants,es_p1,-.0065752721137713,.045289781,-.14518225,.88467371,,.6240986272428849,.59996629,4391,275,66,4.477666743832106
scope_ge_2,province_year_fe,ln1p_new_applicants,es_p2,-.0099835859220952,.043452412,-.22975907,.81845039,,.6240986272428849,.59996629,4391,275,66,4.477666743832106
scope_ge_2,province_year_fe,ln1p_new_applicants,es_p3,-.0624929561312437,.045094516,-1.3858216,.16692826,,.6240986272428849,.59996629,4391,275,66,4.477666743832106
scope_ge_2,province_year_fe,ln1p_new_applicants,es_p4,-.0188310419983716,.039159216,-.48088405,.6309827,,.6240986272428849,.59996629,4391,275,66,4.477666743832106
scope_ge_2,provyr_baseyr_fe,ln1p_new_applicants,es_m4,-.090724415782324,.047868885,-1.895269,.059109211,*,1.203447797336418,.30886242,4391,275,66,4.477666743832106
scope_ge_2,provyr_baseyr_fe,ln1p_new_applicants,es_m3,-.0812593548559805,.053409766,-1.5214324,.12930451,,1.203447797336418,.30886242,4391,275,66,4.477666743832106
scope_ge_2,provyr_baseyr_fe,ln1p_new_applicants,es_m2,-.0742370893542705,.050974466,-1.4563583,.14643849,,1.203447797336418,.30886242,4391,275,66,4.477666743832106
scope_ge_2,provyr_baseyr_fe,ln1p_new_applicants,es_0,-.01033423301261,.04129377,-.25026131,.80257285,,1.203447797336418,.30886242,4391,275,66,4.477666743832106
scope_ge_2,provyr_baseyr_fe,ln1p_new_applicants,es_p1,.0232080460187729,.047754925,.48598224,.62736815,,1.203447797336418,.30886242,4391,275,66,4.477666743832106
scope_ge_2,provyr_baseyr_fe,ln1p_new_applicants,es_p2,.0163752501631273,.048052706,.34077686,.73353273,,1.203447797336418,.30886242,4391,275,66,4.477666743832106
scope_ge_2,provyr_baseyr_fe,ln1p_new_applicants,es_p3,-.02645204608137,.050257061,-.52633494,.59908128,,1.203447797336418,.30886242,4391,275,66,4.477666743832106
scope_ge_2,provyr_baseyr_fe,ln1p_new_applicants,es_p4,.0203811112731966,.042647425,.47789779,.63310397,,1.203447797336418,.30886242,4391,275,66,4.477666743832106
scope_ge_2,province_year_fe,new_applicant_share,es_m4,-.0253618742380598,.014630451,-1.7334992,.084131919,*,1.332856520859212,.26396951,4391,275,66,.4446461787303855
scope_ge_2,province_year_fe,new_applicant_share,es_m3,-.0240698807374671,.016177971,-1.4878182,.13794877,,1.332856520859212,.26396951,4391,275,66,.4446461787303855
scope_ge_2,province_year_fe,new_applicant_share,es_m2,-.0089074134968906,.012341513,-.72174406,.47106731,,1.332856520859212,.26396951,4391,275,66,.4446461787303855
scope_ge_2,province_year_fe,new_applicant_share,es_0,.0024192579254047,.014198141,.17039259,.86482716,,1.332856520859212,.26396951,4391,275,66,.4446461787303855
scope_ge_2,province_year_fe,new_applicant_share,es_p1,.0342011549984597,.014456273,2.365835,.018685753,**,1.332856520859212,.26396951,4391,275,66,.4446461787303855
scope_ge_2,province_year_fe,new_applicant_share,es_p2,.0309626468821162,.013051396,2.3723629,.018365521,**,1.332856520859212,.26396951,4391,275,66,.4446461787303855
scope_ge_2,province_year_fe,new_applicant_share,es_p3,.0209959941658439,.014061591,1.4931451,.1365498,,1.332856520859212,.26396951,4391,275,66,.4446461787303855
scope_ge_2,province_year_fe,new_applicant_share,es_p4,.0189025125717621,.010948234,1.7265353,.085378282,*,1.332856520859212,.26396951,4391,275,66,.4446461787303855
scope_ge_2,provyr_baseyr_fe,new_applicant_share,es_m4,-.0149108403724447,.014914624,-.99974632,.31831539,,.5845345910612961,.62561166,4391,275,66,.4446461787303855
scope_ge_2,provyr_baseyr_fe,new_applicant_share,es_m3,-.0198090059144927,.017082732,-1.1595924,.24722429,,.5845345910612961,.62561166,4391,275,66,.4446461787303855
scope_ge_2,provyr_baseyr_fe,new_applicant_share,es_m2,-.0068966573861386,.012948485,-.53262275,.59472644,,.5845345910612961,.62561166,4391,275,66,.4446461787303855
scope_ge_2,provyr_baseyr_fe,new_applicant_share,es_0,.0009588391432808,.014520257,.066034585,.94739842,,.5845345910612961,.62561166,4391,275,66,.4446461787303855
scope_ge_2,provyr_baseyr_fe,new_applicant_share,es_p1,.0373149188292767,.015914194,2.3447571,.019753527,**,.5845345910612961,.62561166,4391,275,66,.4446461787303855
scope_ge_2,provyr_baseyr_fe,new_applicant_share,es_p2,.0296839681857596,.014505362,2.0464134,.04166995,**,.5845345910612961,.62561166,4391,275,66,.4446461787303855
scope_ge_2,provyr_baseyr_fe,new_applicant_share,es_p3,.0193311251517666,.015151301,1.2758722,.20308121,,.5845345910612961,.62561166,4391,275,66,.4446461787303855
scope_ge_2,provyr_baseyr_fe,new_applicant_share,es_p4,.014511573251334,.012329115,1.1770166,.24021029,,.5845345910612961,.62561166,4391,275,66,.4446461787303855
scope_ge_2,province_year_fe,hhi,es_m4,-.0094091819567478,.0083188266,-1.1310709,.25901428,,.6041916993084496,.61278385,4391,275,66,.0624419009083959
scope_ge_2,province_year_fe,hhi,es_m3,-.0072208844641508,.0078589935,-.91880524,.35900554,,.6041916993084496,.61278385,4391,275,66,.0624419009083959
scope_ge_2,province_year_fe,hhi,es_m2,-.0088172817501064,.0070869429,-1.2441587,.21450441,,.6041916993084496,.61278385,4391,275,66,.0624419009083959
scope_ge_2,province_year_fe,hhi,es_0,.0011411281045288,.0055005485,.20745714,.83580697,,.6041916993084496,.61278385,4391,275,66,.0624419009083959
scope_ge_2,province_year_fe,hhi,es_p1,.0040879689881676,.0050316453,.81245172,.41723779,,.6041916993084496,.61278385,4391,275,66,.0624419009083959
scope_ge_2,province_year_fe,hhi,es_p2,.0047242445208275,.0049454803,.95526505,.34028572,,.6041916993084496,.61278385,4391,275,66,.0624419009083959
scope_ge_2,province_year_fe,hhi,es_p3,.0059246361819723,.0048757666,1.2151189,.22536679,,.6041916993084496,.61278385,4391,275,66,.0624419009083959
scope_ge_2,province_year_fe,hhi,es_p4,.0080869516154938,.0048515922,1.6668655,.096683748,*,.6041916993084496,.61278385,4391,275,66,.0624419009083959
scope_ge_2,provyr_baseyr_fe,hhi,es_m4,-.0067218128712971,.0086385375,-.77811927,.43717009,,.8114811760663164,.4884243,4391,275,66,.0624419009083959
scope_ge_2,provyr_baseyr_fe,hhi,es_m3,-.0054009048353789,.0075847567,-.71207362,.47702506,,.8114811760663164,.4884243,4391,275,66,.0624419009083959
scope_ge_2,provyr_baseyr_fe,hhi,es_m2,-.0101691049299601,.0069781099,-1.4572864,.14618243,,.8114811760663164,.4884243,4391,275,66,.0624419009083959
scope_ge_2,provyr_baseyr_fe,hhi,es_0,-.0012500396187985,.0053102029,-.23540337,.81407154,,.8114811760663164,.4884243,4391,275,66,.0624419009083959
scope_ge_2,provyr_baseyr_fe,hhi,es_p1,-.0012352272654043,.0052116252,-.23701383,.81282318,,.8114811760663164,.4884243,4391,275,66,.0624419009083959
scope_ge_2,provyr_baseyr_fe,hhi,es_p2,-.0000874486029358,.0050333254,-.017373923,.98615098,,.8114811760663164,.4884243,4391,275,66,.0624419009083959
scope_ge_2,provyr_baseyr_fe,hhi,es_p3,.001273231150243,.0053759771,.23683715,.81296009,,.8114811760663164,.4884243,4391,275,66,.0624419009083959
scope_ge_2,provyr_baseyr_fe,hhi,es_p4,.0025967978767703,.0056466702,.45988128,.64596617,,.8114811760663164,.4884243,4391,275,66,.0624419009083959
scope_ge_2,province_year_fe,top10_share,es_m4,-.0105622060039006,.015544414,-.67948562,.4974038,,.1764380427928107,.91230476,4391,275,66,.4602449184355901
scope_ge_2,province_year_fe,top10_share,es_m3,-.0069508666749321,.015187373,-.45767403,.64754933,,.1764380427928107,.91230476,4391,275,66,.4602449184355901
scope_ge_2,province_year_fe,top10_share,es_m2,-.0033973532504416,.015623678,-.21744901,.82802027,,.1764380427928107,.91230476,4391,275,66,.4602449184355901
scope_ge_2,province_year_fe,top10_share,es_0,-.0068436063384589,.015466138,-.44248968,.65848398,,.1764380427928107,.91230476,4391,275,66,.4602449184355901
scope_ge_2,province_year_fe,top10_share,es_p1,-.0026720972366151,.016625538,-.16072245,.87243044,,.1764380427928107,.91230476,4391,275,66,.4602449184355901
scope_ge_2,province_year_fe,top10_share,es_p2,.0000719068616058,.016825354,.0042737206,.99659318,,.1764380427928107,.91230476,4391,275,66,.4602449184355901
scope_ge_2,province_year_fe,top10_share,es_p3,.0141262462779478,.015814044,.89327228,.37249526,,.1764380427928107,.91230476,4391,275,66,.4602449184355901
scope_ge_2,province_year_fe,top10_share,es_p4,.0237269502266527,.013863332,1.7114897,.08812236,*,.1764380427928107,.91230476,4391,275,66,.4602449184355901
scope_ge_2,provyr_baseyr_fe,top10_share,es_m4,-.0007834774116661,.01316719,-.059502248,.95259547,,.1618349990309788,.92196512,4391,275,66,.4602449184355901
scope_ge_2,provyr_baseyr_fe,top10_share,es_m3,.0028446610709329,.013526094,.21030912,.8335827,,.1618349990309788,.92196512,4391,275,66,.4602449184355901
scope_ge_2,provyr_baseyr_fe,top10_share,es_m2,-.0033244094556119,.01461303,-.22749624,.82020754,,.1618349990309788,.92196512,4391,275,66,.4602449184355901
scope_ge_2,provyr_baseyr_fe,top10_share,es_0,-.0116279323023315,.018413605,-.63148588,.52824932,,.1618349990309788,.92196512,4391,275,66,.4602449184355901
scope_ge_2,provyr_baseyr_fe,top10_share,es_p1,-.0139777455642699,.018826572,-.74244773,.45845211,,.1618349990309788,.92196512,4391,275,66,.4602449184355901
scope_ge_2,provyr_baseyr_fe,top10_share,es_p2,-.0139594258108643,.018140009,-.76953804,.44223687,,.1618349990309788,.92196512,4391,275,66,.4602449184355901
scope_ge_2,provyr_baseyr_fe,top10_share,es_p3,-.0020652871080046,.015799947,-.13071482,.89609683,,.1618349990309788,.92196512,4391,275,66,.4602449184355901
scope_ge_2,provyr_baseyr_fe,top10_share,es_p4,.0025134468045956,.014030508,.17914155,.85795897,,.1618349990309788,.92196512,4391,275,66,.4602449184355901
scope_ge_2,province_year_fe,base_top_share,es_m4,.0082517157836699,.01750773,.47131845,.63778841,,2.956388690865677,.032887913,4391,275,66,.1939310719051284
scope_ge_2,province_year_fe,base_top_share,es_m3,.0315226067587299,.015618945,2.0182288,.044541758,**,2.956388690865677,.032887913,4391,275,66,.1939310719051284
scope_ge_2,province_year_fe,base_top_share,es_m2,.0357495201460878,.014982084,2.3861513,.017704941,**,2.956388690865677,.032887913,4391,275,66,.1939310719051284
scope_ge_2,province_year_fe,base_top_share,es_0,.0368888744828307,.01376422,2.6800554,.0078067956,***,2.956388690865677,.032887913,4391,275,66,.1939310719051284
scope_ge_2,province_year_fe,base_top_share,es_p1,.0271653728125451,.012728333,2.1342444,.033710498,**,2.956388690865677,.032887913,4391,275,66,.1939310719051284
scope_ge_2,province_year_fe,base_top_share,es_p2,.031572668944491,.011628973,2.7150006,.0070484211,***,2.956388690865677,.032887913,4391,275,66,.1939310719051284
scope_ge_2,province_year_fe,base_top_share,es_p3,.0280128950836074,.011309722,2.4768863,.013857156,**,2.956388690865677,.032887913,4391,275,66,.1939310719051284
scope_ge_2,province_year_fe,base_top_share,es_p4,.0341127231262043,.01038529,3.2847157,.0011536659,***,2.956388690865677,.032887913,4391,275,66,.1939310719051284
scope_ge_2,provyr_baseyr_fe,base_top_share,es_m4,-.0011982068797724,.015173625,-.078966424,.93711698,,1.573408249597025,.19607672,4391,275,66,.1939310719051284
scope_ge_2,provyr_baseyr_fe,base_top_share,es_m3,.0197150034980549,.013489416,1.4615165,.14501962,,1.573408249597025,.19607672,4391,275,66,.1939310719051284
scope_ge_2,provyr_baseyr_fe,base_top_share,es_m2,.0127131811514282,.013805372,.92088652,.35791972,,1.573408249597025,.19607672,4391,275,66,.1939310719051284
scope_ge_2,provyr_baseyr_fe,base_top_share,es_0,.0141740231789311,.013168394,1.0763669,.28271002,,1.573408249597025,.19607672,4391,275,66,.1939310719051284
scope_ge_2,provyr_baseyr_fe,base_top_share,es_p1,.0016520684450125,.012285086,.13447757,.89312369,,1.573408249597025,.19607672,4391,275,66,.1939310719051284
scope_ge_2,provyr_baseyr_fe,base_top_share,es_p2,.0070924570857782,.010833401,.65468425,.51322025,,1.573408249597025,.19607672,4391,275,66,.1939310719051284
scope_ge_2,provyr_baseyr_fe,base_top_share,es_p3,.0011802442114252,.010888462,.10839403,.91376245,,1.573408249597025,.19607672,4391,275,66,.1939310719051284
scope_ge_2,provyr_baseyr_fe,base_top_share,es_p4,.0072661963494407,.0096723195,.7512362,.45315525,,1.573408249597025,.19607672,4391,275,66,.1939310719051284
scope_ge_2,province_year_fe,base_mid_inc_share,es_m4,.0353407233918825,.013499782,2.6178734,.0093399333,***,2.917780579013403,.034604322,4391,275,66,.3902460174134659
scope_ge_2,province_year_fe,base_mid_inc_share,es_m3,.0128819077257651,.014063916,.91595453,.36049616,,2.917780579013403,.034604322,4391,275,66,.3902460174134659
scope_ge_2,province_year_fe,base_mid_inc_share,es_m2,.0023070146404554,.011894945,.19394916,.84635937,,2.917780579013403,.034604322,4391,275,66,.3902460174134659
scope_ge_2,province_year_fe,base_mid_inc_share,es_0,-.0105094875500387,.015339234,-.68513769,.49383622,,2.917780579013403,.034604322,4391,275,66,.3902460174134659
scope_ge_2,province_year_fe,base_mid_inc_share,es_p1,-.0328634266553725,.014412208,-2.2802494,.02336123,**,2.917780579013403,.034604322,4391,275,66,.3902460174134659
scope_ge_2,province_year_fe,base_mid_inc_share,es_p2,-.0338425866345044,.012605353,-2.6847789,.0077001639,***,2.917780579013403,.034604322,4391,275,66,.3902460174134659
scope_ge_2,province_year_fe,base_mid_inc_share,es_p3,-.0211863793643771,.013533444,-1.5654832,.11862382,,2.917780579013403,.034604322,4391,275,66,.3902460174134659
scope_ge_2,province_year_fe,base_mid_inc_share,es_p4,-.0258074476220481,.013626908,-1.8938594,.05929691,*,2.917780579013403,.034604322,4391,275,66,.3902460174134659
scope_ge_2,provyr_baseyr_fe,base_mid_inc_share,es_m4,.0257720850853735,.015284541,1.6861537,.092904493,*,1.756723082617355,.15573484,4391,275,66,.3902460174134659
scope_ge_2,provyr_baseyr_fe,base_mid_inc_share,es_m3,.0038812939871197,.015010857,.25856578,.79616439,,1.756723082617355,.15573484,4391,275,66,.3902460174134659
scope_ge_2,provyr_baseyr_fe,base_mid_inc_share,es_m2,-.0007258306221667,.012255111,-.059226766,.95281464,,1.756723082617355,.15573484,4391,275,66,.3902460174134659
scope_ge_2,provyr_baseyr_fe,base_mid_inc_share,es_0,-.0098972559733852,.015513392,-.63798141,.52401859,,1.756723082617355,.15573484,4391,275,66,.3902460174134659
scope_ge_2,provyr_baseyr_fe,base_mid_inc_share,es_p1,-.0338739799682165,.015579931,-2.174206,.030545523,**,1.756723082617355,.15573484,4391,275,66,.3902460174134659
scope_ge_2,provyr_baseyr_fe,base_mid_inc_share,es_p2,-.0315855937557881,.014060399,-2.2464223,.025473561,**,1.756723082617355,.15573484,4391,275,66,.3902460174134659
scope_ge_2,provyr_baseyr_fe,base_mid_inc_share,es_p3,-.015567931751263,.014845647,-1.048653,.29526195,,1.756723082617355,.15573484,4391,275,66,.3902460174134659
scope_ge_2,provyr_baseyr_fe,base_mid_inc_share,es_p4,-.0170313592398545,.01413253,-1.2051175,.22919776,,1.756723082617355,.15573484,4391,275,66,.3902460174134659
scope_ge_3,province_year_fe,ln1p_new_applicants,es_m4,-.105904778915085,.062974781,-1.6817014,.093741693,*,1.057535810549141,.36755142,4487,281,46,4.512371263846275
scope_ge_3,province_year_fe,ln1p_new_applicants,es_m3,-.0844313756822548,.058143202,-1.4521281,.1475856,,1.057535810549141,.36755142,4487,281,46,4.512371263846275
scope_ge_3,province_year_fe,ln1p_new_applicants,es_m2,-.0876448891388789,.064209975,-1.3649731,.17335729,,1.057535810549141,.36755142,4487,281,46,4.512371263846275
scope_ge_3,province_year_fe,ln1p_new_applicants,es_0,-.0208972408665744,.047407582,-.44079956,.65969825,,1.057535810549141,.36755142,4487,281,46,4.512371263846275
scope_ge_3,province_year_fe,ln1p_new_applicants,es_p1,.0052075043665048,.049910676,.10433648,.91697705,,1.057535810549141,.36755142,4487,281,46,4.512371263846275
scope_ge_3,province_year_fe,ln1p_new_applicants,es_p2,.0029955477899052,.051495686,.058170851,.95365405,,1.057535810549141,.36755142,4487,281,46,4.512371263846275
scope_ge_3,province_year_fe,ln1p_new_applicants,es_p3,-.0254913206710077,.049925372,-.51058853,.6100415,,1.057535810549141,.36755142,4487,281,46,4.512371263846275
scope_ge_3,province_year_fe,ln1p_new_applicants,es_p4,-.0042590960690503,.043244552,-.098488614,.92161477,,1.057535810549141,.36755142,4487,281,46,4.512371263846275
scope_ge_3,provyr_baseyr_fe,ln1p_new_applicants,es_m4,-.1298525984403063,.063707039,-2.0382771,.042461716,**,1.430826705963166,.23399052,4487,281,46,4.512371263846275
scope_ge_3,provyr_baseyr_fe,ln1p_new_applicants,es_m3,-.0837144917181413,.058376003,-1.4340565,.15267193,,1.430826705963166,.23399052,4487,281,46,4.512371263846275
scope_ge_3,provyr_baseyr_fe,ln1p_new_applicants,es_m2,-.0670867104981015,.060787793,-1.1036214,.27070495,,1.430826705963166,.23399052,4487,281,46,4.512371263846275
scope_ge_3,provyr_baseyr_fe,ln1p_new_applicants,es_0,.0273015078822763,.052023437,.52479249,.60014272,,1.430826705963166,.23399052,4487,281,46,4.512371263846275
scope_ge_3,provyr_baseyr_fe,ln1p_new_applicants,es_p1,.0732991307794853,.052515201,1.3957698,.16388962,,1.430826705963166,.23399052,4487,281,46,4.512371263846275
scope_ge_3,provyr_baseyr_fe,ln1p_new_applicants,es_p2,.0706657325173775,.059122916,1.1952342,.23300688,,1.430826705963166,.23399052,4487,281,46,4.512371263846275
scope_ge_3,provyr_baseyr_fe,ln1p_new_applicants,es_p3,.0584247566425362,.061945174,.94316882,.34640762,,1.430826705963166,.23399052,4487,281,46,4.512371263846275
scope_ge_3,provyr_baseyr_fe,ln1p_new_applicants,es_p4,.0798854308883678,.050860491,1.5706775,.11738689,,1.430826705963166,.23399052,4487,281,46,4.512371263846275
scope_ge_3,province_year_fe,new_applicant_share,es_m4,-.0422444390057906,.015827397,-2.6690707,.0080500934,***,2.962032227484585,.03260535,4487,281,46,.440465187806855
scope_ge_3,province_year_fe,new_applicant_share,es_m3,.0076525574142203,.017342959,.44124866,.65937352,,2.962032227484585,.03260535,4487,281,46,.440465187806855
scope_ge_3,province_year_fe,new_applicant_share,es_m2,-.0033588813957002,.015526571,-.21633117,.82888716,,2.962032227484585,.03260535,4487,281,46,.440465187806855
scope_ge_3,province_year_fe,new_applicant_share,es_0,.0080641474781137,.017301485,.46609569,.64150941,,2.962032227484585,.03260535,4487,281,46,.440465187806855
scope_ge_3,province_year_fe,new_applicant_share,es_p1,.038081016134747,.013635339,2.7928176,.0055852435,***,2.962032227484585,.03260535,4487,281,46,.440465187806855
scope_ge_3,province_year_fe,new_applicant_share,es_p2,.0258397805859812,.017959742,1.4387612,.15133505,,2.962032227484585,.03260535,4487,281,46,.440465187806855
scope_ge_3,province_year_fe,new_applicant_share,es_p3,.0166946320841506,.016377205,1.0193822,.30890149,,2.962032227484585,.03260535,4487,281,46,.440465187806855
scope_ge_3,province_year_fe,new_applicant_share,es_p4,.0252952802481286,.014180557,1.7838002,.07553906,*,2.962032227484585,.03260535,4487,281,46,.440465187806855
scope_ge_3,provyr_baseyr_fe,new_applicant_share,es_m4,-.0296431594832345,.01696118,-1.7477063,.081611075,*,2.012243961648366,.11243007,4487,281,46,.440465187806855
scope_ge_3,provyr_baseyr_fe,new_applicant_share,es_m3,.0175539786408819,.017900094,.98066401,.32760504,,2.012243961648366,.11243007,4487,281,46,.440465187806855
scope_ge_3,provyr_baseyr_fe,new_applicant_share,es_m2,-.001713652937394,.016834069,-.10179672,.91899091,,2.012243961648366,.11243007,4487,281,46,.440465187806855
scope_ge_3,provyr_baseyr_fe,new_applicant_share,es_0,.0084885244929597,.017601456,.48226261,.62999618,,2.012243961648366,.11243007,4487,281,46,.440465187806855
scope_ge_3,provyr_baseyr_fe,new_applicant_share,es_p1,.0377047643899149,.014969684,2.5187414,.012334897,**,2.012243961648366,.11243007,4487,281,46,.440465187806855
scope_ge_3,provyr_baseyr_fe,new_applicant_share,es_p2,.0199087240543201,.020621255,.96544677,.33515418,,2.012243961648366,.11243007,4487,281,46,.440465187806855
scope_ge_3,provyr_baseyr_fe,new_applicant_share,es_p3,.012052790534515,.017616749,.68416655,.49443585,,2.012243961648366,.11243007,4487,281,46,.440465187806855
scope_ge_3,provyr_baseyr_fe,new_applicant_share,es_p4,.0166490675795377,.015991371,1.0411282,.29871416,,2.012243961648366,.11243007,4487,281,46,.440465187806855
scope_ge_3,province_year_fe,hhi,es_m4,-.0020767047161147,.0077161179,-.26913854,.78802127,,.1351165930861389,.93904614,4487,281,46,.0619416523242837
scope_ge_3,province_year_fe,hhi,es_m3,-.0029998477007604,.0060436232,-.49636579,.62002581,,.1351165930861389,.93904614,4487,281,46,.0619416523242837
scope_ge_3,province_year_fe,hhi,es_m2,-.0013243382271109,.0062981592,-.21027385,.8336069,,.1351165930861389,.93904614,4487,281,46,.0619416523242837
scope_ge_3,province_year_fe,hhi,es_0,.0039135668333248,.0069442755,.56356734,.57349968,,.1351165930861389,.93904614,4487,281,46,.0619416523242837
scope_ge_3,province_year_fe,hhi,es_p1,-.0030528362823723,.0060869008,-.50154197,.61638385,,.1351165930861389,.93904614,4487,281,46,.0619416523242837
scope_ge_3,province_year_fe,hhi,es_p2,.0016060211914138,.005624684,.28553089,.77544856,,.1351165930861389,.93904614,4487,281,46,.0619416523242837
scope_ge_3,province_year_fe,hhi,es_p3,-.0002901240565293,.0048024175,-.06041209,.9518705,,.1351165930861389,.93904614,4487,281,46,.0619416523242837
scope_ge_3,province_year_fe,hhi,es_p4,.0033583214811362,.0051158019,.65646046,.51206702,,.1351165930861389,.93904614,4487,281,46,.0619416523242837
scope_ge_3,provyr_baseyr_fe,hhi,es_m4,.0009327500241397,.0067513003,.13815857,.89021438,,.1434590332518439,.93380612,4487,281,46,.0619416523242837
scope_ge_3,provyr_baseyr_fe,hhi,es_m3,-.0023584629682195,.0055245725,-.42690417,.66977721,,.1434590332518439,.93380612,4487,281,46,.0619416523242837
scope_ge_3,provyr_baseyr_fe,hhi,es_m2,-.0013358165775127,.0061496878,-.21721697,.82819748,,.1434590332518439,.93380612,4487,281,46,.0619416523242837
scope_ge_3,provyr_baseyr_fe,hhi,es_0,.0002240735505444,.0071675614,.031262174,.97508276,,.1434590332518439,.93380612,4487,281,46,.0619416523242837
scope_ge_3,provyr_baseyr_fe,hhi,es_p1,-.0100642442003403,.0063385451,-1.5877845,.11346363,,.1434590332518439,.93380612,4487,281,46,.0619416523242837
scope_ge_3,provyr_baseyr_fe,hhi,es_p2,-.0040696601461872,.0060207513,-.6759389,.49963734,,.1434590332518439,.93380612,4487,281,46,.0619416523242837
scope_ge_3,provyr_baseyr_fe,hhi,es_p3,-.0072030952301012,.0049721822,-1.4486789,.14854622,,.1434590332518439,.93380612,4487,281,46,.0619416523242837
scope_ge_3,provyr_baseyr_fe,hhi,es_p4,-.0031040340408764,.0056976909,-.54478812,.58633292,,.1434590332518439,.93380612,4487,281,46,.0619416523242837
scope_ge_3,province_year_fe,top10_share,es_m4,.0092797030948306,.019405194,.47820717,.63287592,,.6709541229929726,.57049197,4487,281,46,.4589453879845334
scope_ge_3,province_year_fe,top10_share,es_m3,-.0039338190790874,.017772108,-.22134793,.82498288,,.6709541229929726,.57049197,4487,281,46,.4589453879845334
scope_ge_3,province_year_fe,top10_share,es_m2,.0050421674086915,.020317422,.24816965,.80418503,,.6709541229929726,.57049197,4487,281,46,.4589453879845334
scope_ge_3,province_year_fe,top10_share,es_0,-.0038124643768971,.019522414,-.19528654,.84531027,,.6709541229929726,.57049197,4487,281,46,.4589453879845334
scope_ge_3,province_year_fe,top10_share,es_p1,-.0051938342559301,.020604651,-.25207096,.80117112,,.6709541229929726,.57049197,4487,281,46,.4589453879845334
scope_ge_3,province_year_fe,top10_share,es_p2,.0040755499862709,.021499654,.18956351,.84978855,,.6709541229929726,.57049197,4487,281,46,.4589453879845334
scope_ge_3,province_year_fe,top10_share,es_p3,.0215177564562851,.019339245,1.1126472,.26681432,,.6709541229929726,.57049197,4487,281,46,.4589453879845334
scope_ge_3,province_year_fe,top10_share,es_p4,.0252209538883811,.018667318,1.3510754,.177762,,.6709541229929726,.57049197,4487,281,46,.4589453879845334
scope_ge_3,provyr_baseyr_fe,top10_share,es_m4,.0164758468726363,.016004268,1.0294658,.30414927,,.469041611851138,.7041049,4487,281,46,.4589453879845334
scope_ge_3,provyr_baseyr_fe,top10_share,es_m3,.0030415977548227,.015467937,.19663888,.84425282,,.469041611851138,.7041049,4487,281,46,.4589453879845334
scope_ge_3,provyr_baseyr_fe,top10_share,es_m2,.0015288966539032,.018202817,.08399231,.93312258,,.469041611851138,.7041049,4487,281,46,.4589453879845334
scope_ge_3,provyr_baseyr_fe,top10_share,es_0,-.0170161914263422,.023931388,-.71104074,.47765085,,.469041611851138,.7041049,4487,281,46,.4589453879845334
scope_ge_3,provyr_baseyr_fe,top10_share,es_p1,-.028268848599698,.022394298,-1.2623235,.20788276,,.469041611851138,.7041049,4487,281,46,.4589453879845334
scope_ge_3,provyr_baseyr_fe,top10_share,es_p2,-.0243280198786384,.022860987,-1.0641719,.28816769,,.469041611851138,.7041049,4487,281,46,.4589453879845334
scope_ge_3,provyr_baseyr_fe,top10_share,es_p3,-.011038594510896,.019557843,-.56440759,.57292861,,.469041611851138,.7041049,4487,281,46,.4589453879845334
scope_ge_3,provyr_baseyr_fe,top10_share,es_p4,-.0113418261980553,.019639175,-.5775103,.5640589,,.469041611851138,.7041049,4487,281,46,.4589453879845334
scope_ge_3,province_year_fe,base_top_share,es_m4,.0336721111044849,.018375857,1.8324103,.067952238,*,2.560473149844203,.05525532,4487,281,46,.1958330482243027
scope_ge_3,province_year_fe,base_top_share,es_m3,.0284639560385375,.021298403,1.3364363,.18249172,,2.560473149844203,.05525532,4487,281,46,.1958330482243027
scope_ge_3,province_year_fe,base_top_share,es_m2,.0377121703749704,.017427266,2.1639752,.031311762,**,2.560473149844203,.05525532,4487,281,46,.1958330482243027
scope_ge_3,province_year_fe,base_top_share,es_0,.0434584271641347,.015884649,2.7358758,.0066189421,***,2.560473149844203,.05525532,4487,281,46,.1958330482243027
scope_ge_3,province_year_fe,base_top_share,es_p1,.0332714508539853,.015780965,2.1083281,.035891004,**,2.560473149844203,.05525532,4487,281,46,.1958330482243027
scope_ge_3,province_year_fe,base_top_share,es_p2,.0289166321622496,.014676145,1.9703152,.049787384,**,2.560473149844203,.05525532,4487,281,46,.1958330482243027
scope_ge_3,province_year_fe,base_top_share,es_p3,.0239316951518414,.012233313,1.9562726,.051427029,*,2.560473149844203,.05525532,4487,281,46,.1958330482243027
scope_ge_3,province_year_fe,base_top_share,es_p4,.028053371594182,.011864656,2.364449,.018739335,**,2.560473149844203,.05525532,4487,281,46,.1958330482243027
scope_ge_3,provyr_baseyr_fe,base_top_share,es_m4,.0235255686122826,.014231571,1.653055,.099440441,*,.9770147388462295,.40396586,4487,281,46,.1958330482243027
scope_ge_3,provyr_baseyr_fe,base_top_share,es_m3,.0077534083767775,.015633607,.49594492,.62032235,,.9770147388462295,.40396586,4487,281,46,.1958330482243027
scope_ge_3,provyr_baseyr_fe,base_top_share,es_m2,.0075852743764856,.016348826,.46396446,.64303368,,.9770147388462295,.40396586,4487,281,46,.1958330482243027
scope_ge_3,provyr_baseyr_fe,base_top_share,es_0,.0090878119553629,.015297267,.59408075,.55293775,,.9770147388462295,.40396586,4487,281,46,.1958330482243027
scope_ge_3,provyr_baseyr_fe,base_top_share,es_p1,-.0025403664508059,.014405551,-.17634636,.86014932,,.9770147388462295,.40396586,4487,281,46,.1958330482243027
scope_ge_3,provyr_baseyr_fe,base_top_share,es_p2,-.0099860520887765,.01321548,-.75563288,.45050451,,.9770147388462295,.40396586,4487,281,46,.1958330482243027
scope_ge_3,provyr_baseyr_fe,base_top_share,es_p3,-.013388161522958,.01152799,-1.1613613,.24648409,,.9770147388462295,.40396586,4487,281,46,.1958330482243027
scope_ge_3,provyr_baseyr_fe,base_top_share,es_p4,-.008329791510006,.011936956,-.69781542,.4858717,,.9770147388462295,.40396586,4487,281,46,.1958330482243027
scope_ge_3,province_year_fe,base_mid_inc_share,es_m4,.0256821598872128,.014147297,1.8153405,.0705413,*,2.643336752034702,.049576558,4487,281,46,.3920251739209425
scope_ge_3,province_year_fe,base_mid_inc_share,es_m3,-.0129764069984853,.014473407,-.89656895,.37071913,,2.643336752034702,.049576558,4487,281,46,.3920251739209425
scope_ge_3,province_year_fe,base_mid_inc_share,es_m2,-.0004331061628402,.014984201,-.028904188,.97696161,,2.643336752034702,.049576558,4487,281,46,.3920251739209425
scope_ge_3,province_year_fe,base_mid_inc_share,es_0,-.0191142597185996,.016642269,-1.1485369,.25172722,,2.643336752034702,.049576558,4487,281,46,.3920251739209425
scope_ge_3,province_year_fe,base_mid_inc_share,es_p1,-.0388818316059236,.01432588,-2.7140975,.0070579988,***,2.643336752034702,.049576558,4487,281,46,.3920251739209425
scope_ge_3,province_year_fe,base_mid_inc_share,es_p2,-.0219711813391767,.017543791,-1.2523623,.21148291,,2.643336752034702,.049576558,4487,281,46,.3920251739209425
scope_ge_3,province_year_fe,base_mid_inc_share,es_p3,-.0083192375842113,.016566772,-.50216407,.61594683,,2.643336752034702,.049576558,4487,281,46,.3920251739209425
scope_ge_3,province_year_fe,base_mid_inc_share,es_p4,-.0215541233346964,.016937364,-1.2725784,.20422339,,2.643336752034702,.049576558,4487,281,46,.3920251739209425
scope_ge_3,provyr_baseyr_fe,base_mid_inc_share,es_m4,.0057602034022678,.0160277,.35939053,.71957386,,1.996558206674965,.11471298,4487,281,46,.3920251739209425
scope_ge_3,provyr_baseyr_fe,base_mid_inc_share,es_m3,-.0244631551299339,.013607677,-1.7977465,.073294438,*,1.996558206674965,.11471298,4487,281,46,.3920251739209425
scope_ge_3,provyr_baseyr_fe,base_mid_inc_share,es_m2,-.0046869288012678,.014590941,-.32122183,.74828196,,1.996558206674965,.11471298,4487,281,46,.3920251739209425
scope_ge_3,provyr_baseyr_fe,base_mid_inc_share,es_0,-.0159612200232251,.016553178,-.96423906,.33575812,,1.996558206674965,.11471298,4487,281,46,.3920251739209425
scope_ge_3,provyr_baseyr_fe,base_mid_inc_share,es_p1,-.0335271620347453,.017095767,-1.9611381,.050853848,*,1.996558206674965,.11471298,4487,281,46,.3920251739209425
scope_ge_3,provyr_baseyr_fe,base_mid_inc_share,es_p2,-.0082404130620457,.021784497,-.37826961,.70551693,,1.996558206674965,.11471298,4487,281,46,.3920251739209425
scope_ge_3,provyr_baseyr_fe,base_mid_inc_share,es_p3,.0029428762495837,.018875843,.15590701,.87621868,,1.996558206674965,.11471298,4487,281,46,.3920251739209425
scope_ge_3,provyr_baseyr_fe,base_mid_inc_share,es_p4,-.0067844355413773,.020304142,-.33414048,.73852366,,1.996558206674965,.11471298,4487,281,46,.3920251739209425
scope_ge_5,province_year_fe,ln1p_new_applicants,es_m4,-.0699594214329257,.09327101,-.7500661,.45384023,,2.924928502009706,.034227531,4519,283,32,4.528354417739315
scope_ge_5,province_year_fe,ln1p_new_applicants,es_m3,-.1272031762391459,.06668862,-1.9074196,.05748209,*,2.924928502009706,.034227531,4519,283,32,4.528354417739315
scope_ge_5,province_year_fe,ln1p_new_applicants,es_m2,-.0124831540161472,.06064735,-.20583181,.83707082,,2.924928502009706,.034227531,4519,283,32,4.528354417739315
scope_ge_5,province_year_fe,ln1p_new_applicants,es_0,-.0109191065281089,.075093165,-.14540747,.88449305,,2.924928502009706,.034227531,4519,283,32,4.528354417739315
scope_ge_5,province_year_fe,ln1p_new_applicants,es_p1,-.0244985943945995,.072483554,-.33798829,.73562348,,2.924928502009706,.034227531,4519,283,32,4.528354417739315
scope_ge_5,province_year_fe,ln1p_new_applicants,es_p2,.031059064429395,.070645146,.43964896,.66052812,,2.924928502009706,.034227531,4519,283,32,4.528354417739315
scope_ge_5,province_year_fe,ln1p_new_applicants,es_p3,.0153908224873293,.068628684,.22426224,.82271564,,2.924928502009706,.034227531,4519,283,32,4.528354417739315
scope_ge_5,province_year_fe,ln1p_new_applicants,es_p4,.0346904057357499,.070876002,.48945203,.62490219,,2.924928502009706,.034227531,4519,283,32,4.528354417739315
scope_ge_5,provyr_baseyr_fe,ln1p_new_applicants,es_m4,-.050936354210776,.086266547,-.59045315,.55535978,,1.593675228796297,.19109987,4519,283,32,4.528354417739315
scope_ge_5,provyr_baseyr_fe,ln1p_new_applicants,es_m3,-.0825390622506114,.062228695,-1.3263828,.18578614,,1.593675228796297,.19109987,4519,283,32,4.528354417739315
scope_ge_5,provyr_baseyr_fe,ln1p_new_applicants,es_m2,.0413029128385627,.066219389,.62372839,.53331012,,1.593675228796297,.19109987,4519,283,32,4.528354417739315
scope_ge_5,provyr_baseyr_fe,ln1p_new_applicants,es_0,.0514508433351343,.07597208,.67723352,.49881297,,1.593675228796297,.19109987,4519,283,32,4.528354417739315
scope_ge_5,provyr_baseyr_fe,ln1p_new_applicants,es_p1,.0419017688635929,.079925396,.52426106,.60050881,,1.593675228796297,.19109987,4519,283,32,4.528354417739315
scope_ge_5,provyr_baseyr_fe,ln1p_new_applicants,es_p2,.1115266497456503,.0833425,1.3381726,.18191817,,1.593675228796297,.19109987,4519,283,32,4.528354417739315
scope_ge_5,provyr_baseyr_fe,ln1p_new_applicants,es_p3,.1144006030098804,.077851214,1.4694774,.14281806,,1.593675228796297,.19109987,4519,283,32,4.528354417739315
scope_ge_5,provyr_baseyr_fe,ln1p_new_applicants,es_p4,.1589506497579905,.072929852,2.1795006,.030121844,**,1.593675228796297,.19109987,4519,283,32,4.528354417739315
scope_ge_5,province_year_fe,new_applicant_share,es_m4,.0112796744461499,.021798646,.51744837,.60524881,,1.167122500191855,.32258719,4519,283,32,.4389042909489195
scope_ge_5,province_year_fe,new_applicant_share,es_m3,.0058402377227212,.020859176,.27998409,.77969497,,1.167122500191855,.32258719,4519,283,32,.4389042909489195
scope_ge_5,province_year_fe,new_applicant_share,es_m2,.0294999810299321,.020417411,1.4448444,.14961183,,1.167122500191855,.32258719,4519,283,32,.4389042909489195
scope_ge_5,province_year_fe,new_applicant_share,es_0,.0310031518730426,.0216827,1.4298565,.15386513,,1.167122500191855,.32258719,4519,283,32,.4389042909489195
scope_ge_5,province_year_fe,new_applicant_share,es_p1,.0135022371375293,.024825418,.54388762,.58694857,,1.167122500191855,.32258719,4519,283,32,.4389042909489195
scope_ge_5,province_year_fe,new_applicant_share,es_p2,.0312675103316265,.023536317,1.3284793,.18509386,,1.167122500191855,.32258719,4519,283,32,.4389042909489195
scope_ge_5,province_year_fe,new_applicant_share,es_p3,.0286578749098795,.020093603,1.4262187,.15491129,,1.167122500191855,.32258719,4519,283,32,.4389042909489195
scope_ge_5,province_year_fe,new_applicant_share,es_p4,.0140823851536585,.017523481,.8036294,.42228791,,1.167122500191855,.32258719,4519,283,32,.4389042909489195
scope_ge_5,provyr_baseyr_fe,new_applicant_share,es_m4,.0163228511954987,.023462497,.69569969,.48718983,,.8241894984377259,.48144016,4519,283,32,.4389042909489195
scope_ge_5,provyr_baseyr_fe,new_applicant_share,es_m3,.0073797478781703,.022318831,.33065119,.74115354,,.8241894984377259,.48144016,4519,283,32,.4389042909489195
scope_ge_5,provyr_baseyr_fe,new_applicant_share,es_m2,.0249364539814723,.020213373,1.2336612,.21835639,,.8241894984377259,.48144016,4519,283,32,.4389042909489195
scope_ge_5,provyr_baseyr_fe,new_applicant_share,es_0,.0241464007281092,.025069166,.96319121,.33627677,,.8241894984377259,.48144016,4519,283,32,.4389042909489195
scope_ge_5,provyr_baseyr_fe,new_applicant_share,es_p1,-.0010583971840882,.028071513,-.037703604,.96995068,,.8241894984377259,.48144016,4519,283,32,.4389042909489195
scope_ge_5,provyr_baseyr_fe,new_applicant_share,es_p2,.0173184193268482,.028032973,.61778748,.53721404,,.8241894984377259,.48144016,4519,283,32,.4389042909489195
scope_ge_5,provyr_baseyr_fe,new_applicant_share,es_p3,.0134964482285612,.022623161,.59657657,.5512687,,.8241894984377259,.48144016,4519,283,32,.4389042909489195
scope_ge_5,provyr_baseyr_fe,new_applicant_share,es_p4,.0030269662633976,.018045662,.16773927,.86690861,,.8241894984377259,.48144016,4519,283,32,.4389042909489195
scope_ge_5,province_year_fe,hhi,es_m4,.0043992730531506,.005931621,.74166459,.45890781,,1.216978905046171,.30380392,4519,283,32,.0617767894316008
scope_ge_5,province_year_fe,hhi,es_m3,.0041815629953172,.0075708088,.5523271,.58116174,,1.216978905046171,.30380392,4519,283,32,.0617767894316008
scope_ge_5,province_year_fe,hhi,es_m2,-.0023329003652634,.008159535,-.28591093,.77515626,,1.216978905046171,.30380392,4519,283,32,.0617767894316008
scope_ge_5,province_year_fe,hhi,es_0,.0037124323095925,.0078520598,.47279727,.63672352,,1.216978905046171,.30380392,4519,283,32,.0617767894316008
scope_ge_5,province_year_fe,hhi,es_p1,.011201624644531,.0076584024,1.4626582,.14467452,,1.216978905046171,.30380392,4519,283,32,.0617767894316008
scope_ge_5,province_year_fe,hhi,es_p2,-.0003723498921434,.0067571932,-.055104226,.95609444,,1.216978905046171,.30380392,4519,283,32,.0617767894316008
scope_ge_5,province_year_fe,hhi,es_p3,.0025974361686037,.0059877476,.43379185,.66477126,,1.216978905046171,.30380392,4519,283,32,.0617767894316008
scope_ge_5,province_year_fe,hhi,es_p4,.0067009196629757,.0064331768,1.0416191,.29848048,,1.216978905046171,.30380392,4519,283,32,.0617767894316008
scope_ge_5,provyr_baseyr_fe,hhi,es_m4,.0007089456419454,.0055590309,.12753044,.89861149,,1.039005953481211,.37565827,4519,283,32,.0617767894316008
scope_ge_5,provyr_baseyr_fe,hhi,es_m3,.0005788178100394,.0072992807,.079297923,.93685192,,1.039005953481211,.37565827,4519,283,32,.0617767894316008
scope_ge_5,provyr_baseyr_fe,hhi,es_m2,-.006108831034933,.0080279959,-.76094103,.44732812,,1.039005953481211,.37565827,4519,283,32,.0617767894316008
scope_ge_5,provyr_baseyr_fe,hhi,es_0,-.0025325756027291,.0069571859,-.364023,.71611363,,1.039005953481211,.37565827,4519,283,32,.0617767894316008
scope_ge_5,provyr_baseyr_fe,hhi,es_p1,.0043003240977443,.0067396429,.63806409,.52394974,,1.039005953481211,.37565827,4519,283,32,.0617767894316008
scope_ge_5,provyr_baseyr_fe,hhi,es_p2,-.006575533508823,.0067586494,-.97290641,.33143359,,1.039005953481211,.37565827,4519,283,32,.0617767894316008
scope_ge_5,provyr_baseyr_fe,hhi,es_p3,-.004806366689319,.006723159,-.71489704,.47526404,,1.039005953481211,.37565827,4519,283,32,.0617767894316008
scope_ge_5,provyr_baseyr_fe,hhi,es_p4,-.0021184465170404,.0061110402,-.34665889,.72910613,,1.039005953481211,.37565827,4519,283,32,.0617767894316008
scope_ge_5,province_year_fe,top10_share,es_m4,-.0034631612658246,.021449285,-.16145812,.87184823,,1.025484123588154,.38168076,4519,283,32,.4586391209463579
scope_ge_5,province_year_fe,top10_share,es_m3,-.0025023971142371,.024702154,-.10130279,.9193821,,1.025484123588154,.38168076,4519,283,32,.4586391209463579
scope_ge_5,province_year_fe,top10_share,es_m2,-.031420863432228,.029114174,-1.0792291,.28140783,,1.025484123588154,.38168076,4519,283,32,.4586391209463579
scope_ge_5,province_year_fe,top10_share,es_0,.0130017982935725,.032869056,.39556348,.69272614,,1.025484123588154,.38168076,4519,283,32,.4586391209463579
scope_ge_5,province_year_fe,top10_share,es_p1,.0330262800371248,.031869322,1.0363033,.3009485,,1.025484123588154,.38168076,4519,283,32,.4586391209463579
scope_ge_5,province_year_fe,top10_share,es_p2,.0224071326641881,.033029404,.6783995,.49807471,,1.025484123588154,.38168076,4519,283,32,.4586391209463579
scope_ge_5,province_year_fe,top10_share,es_p3,.0286571249948921,.023220111,1.2341511,.2181741,,1.025484123588154,.38168076,4519,283,32,.4586391209463579
scope_ge_5,province_year_fe,top10_share,es_p4,.0506451286429817,.021244498,2.3839176,.017791077,**,1.025484123588154,.38168076,4519,283,32,.4586391209463579
scope_ge_5,provyr_baseyr_fe,top10_share,es_m4,-.0095323328598157,.018822595,-.50643033,.61295033,,1.368184121916713,.2527265,4519,283,32,.4586391209463579
scope_ge_5,provyr_baseyr_fe,top10_share,es_m3,-.0136021955608566,.024531148,-.55448669,.57968527,,1.368184121916713,.2527265,4519,283,32,.4586391209463579
scope_ge_5,provyr_baseyr_fe,top10_share,es_m2,-.0494517304354461,.031862311,-1.5520447,.12177303,,1.368184121916713,.2527265,4519,283,32,.4586391209463579
scope_ge_5,provyr_baseyr_fe,top10_share,es_0,-.0092862791360276,.033107173,-.28049144,.77930617,,1.368184121916713,.2527265,4519,283,32,.4586391209463579
scope_ge_5,provyr_baseyr_fe,top10_share,es_p1,.0059044638903271,.030568451,.19315548,.84697622,,1.368184121916713,.2527265,4519,283,32,.4586391209463579
scope_ge_5,provyr_baseyr_fe,top10_share,es_p2,-.0130233291466009,.032889381,-.39597368,.69242388,,1.368184121916713,.2527265,4519,283,32,.4586391209463579
scope_ge_5,provyr_baseyr_fe,top10_share,es_p3,-.0099480555205043,.021342024,-.46612522,.64148569,,1.368184121916713,.2527265,4519,283,32,.4586391209463579
scope_ge_5,provyr_baseyr_fe,top10_share,es_p4,.0039425693845513,.018686928,.21098007,.8330552,,1.368184121916713,.2527265,4519,283,32,.4586391209463579
scope_ge_5,province_year_fe,base_top_share,es_m4,.0326482431082275,.021380108,1.5270383,.12787229,,1.626969569787314,.18329468,4519,283,32,.1971186924101573
scope_ge_5,province_year_fe,base_top_share,es_m3,.0364987221427239,.022579525,1.6164522,.10711467,,1.626969569787314,.18329468,4519,283,32,.1971186924101573
scope_ge_5,province_year_fe,base_top_share,es_m2,.017965053857983,.021779658,.82485473,.41015124,,1.626969569787314,.18329468,4519,283,32,.1971186924101573
scope_ge_5,province_year_fe,base_top_share,es_0,.0416134807393676,.017953752,2.3178155,.021175088,**,1.626969569787314,.18329468,4519,283,32,.1971186924101573
scope_ge_5,province_year_fe,base_top_share,es_p1,.0444820123983767,.017710513,2.5116165,.01257695,**,1.626969569787314,.18329468,4519,283,32,.1971186924101573
scope_ge_5,province_year_fe,base_top_share,es_p2,.0396892867599354,.016914522,2.346462,.019644869,**,1.626969569787314,.18329468,4519,283,32,.1971186924101573
scope_ge_5,province_year_fe,base_top_share,es_p3,.0172567700639885,.01573533,1.0966895,.27371278,,1.626969569787314,.18329468,4519,283,32,.1971186924101573
scope_ge_5,province_year_fe,base_top_share,es_p4,.0235133118224744,.015268241,1.5400144,.12467816,,1.626969569787314,.18329468,4519,283,32,.1971186924101573
scope_ge_5,provyr_baseyr_fe,base_top_share,es_m4,-.0076175656946924,.018860344,-.40389326,.68659735,,1.1594096920873,.32558385,4519,283,32,.1971186924101573
scope_ge_5,provyr_baseyr_fe,base_top_share,es_m3,.0018169481354764,.020719612,.087692186,.93018359,,1.1594096920873,.32558385,4519,283,32,.1971186924101573
scope_ge_5,provyr_baseyr_fe,base_top_share,es_m2,-.015220941239732,.021119086,-.72071975,.471679,,1.1594096920873,.32558385,4519,283,32,.1971186924101573
scope_ge_5,provyr_baseyr_fe,base_top_share,es_0,.0050662026978096,.015138727,.33465183,.73813653,,1.1594096920873,.32558385,4519,283,32,.1971186924101573
scope_ge_5,provyr_baseyr_fe,base_top_share,es_p1,.0070918802013539,.015170095,.46749085,.64050978,,1.1594096920873,.32558385,4519,283,32,.1971186924101573
scope_ge_5,provyr_baseyr_fe,base_top_share,es_p2,-.0024512606062946,.015915254,-.15401956,.8777045,,1.1594096920873,.32558385,4519,283,32,.1971186924101573
scope_ge_5,provyr_baseyr_fe,base_top_share,es_p3,-.0191066520702191,.013933969,-1.3712283,.17139398,,1.1594096920873,.32558385,4519,283,32,.1971186924101573
scope_ge_5,provyr_baseyr_fe,base_top_share,es_p4,-.0096366490685042,.012856155,-.74957472,.45413572,,1.1594096920873,.32558385,4519,283,32,.1971186924101573
scope_ge_5,province_year_fe,base_mid_inc_share,es_m4,-.0046679830267203,.015462792,-.30188489,.76296234,,.1065417179423052,.9562223,4519,283,32,.3921320600925446
scope_ge_5,province_year_fe,base_mid_inc_share,es_m3,-.0066902565279165,.018717276,-.35743749,.72103167,,.1065417179423052,.9562223,4519,283,32,.3921320600925446
scope_ge_5,province_year_fe,base_mid_inc_share,es_m2,-.0110211033145367,.02045507,-.53879571,.59045291,,.1065417179423052,.9562223,4519,283,32,.3921320600925446
scope_ge_5,province_year_fe,base_mid_inc_share,es_0,-.0362046538932464,.020849001,-1.7365175,.08356443,*,.1065417179423052,.9562223,4519,283,32,.3921320600925446
scope_ge_5,province_year_fe,base_mid_inc_share,es_p1,-.0218944045574255,.023742503,-.9221608,.35723299,,.1065417179423052,.9562223,4519,283,32,.3921320600925446
scope_ge_5,province_year_fe,base_mid_inc_share,es_p2,-.0344159318710932,.024180645,-1.4232843,.15575913,,.1065417179423052,.9562223,4519,283,32,.3921320600925446
scope_ge_5,province_year_fe,base_mid_inc_share,es_p3,-.0098265048173444,.023250483,-.4226366,.6728825,,.1065417179423052,.9562223,4519,283,32,.3921320600925446
scope_ge_5,province_year_fe,base_mid_inc_share,es_p4,-.0016397316939625,.016844753,-.097343765,.92252254,,.1065417179423052,.9562223,4519,283,32,.3921320600925446
scope_ge_5,provyr_baseyr_fe,base_mid_inc_share,es_m4,-.0060668620829454,.017391847,-.34883368,.72747445,,.0564980276840413,.9823193,4519,283,32,.3921320600925446
scope_ge_5,provyr_baseyr_fe,base_mid_inc_share,es_m3,-.0061783663725051,.019260295,-.32078257,.74861276,,.0564980276840413,.9823193,4519,283,32,.3921320600925446
scope_ge_5,provyr_baseyr_fe,base_mid_inc_share,es_m2,-.0066624618418039,.01889737,-.35256028,.7246815,,.0564980276840413,.9823193,4519,283,32,.3921320600925446
scope_ge_5,provyr_baseyr_fe,base_mid_inc_share,es_0,-.0261601719429776,.024804693,-1.0546461,.29248995,,.0564980276840413,.9823193,4519,283,32,.3921320600925446
scope_ge_5,provyr_baseyr_fe,base_mid_inc_share,es_p1,-.0029264961620014,.027947526,-.10471396,.91667724,,.0564980276840413,.9823193,4519,283,32,.3921320600925446
scope_ge_5,provyr_baseyr_fe,base_mid_inc_share,es_p2,-.0116445915827498,.028938703,-.40238816,.68770325,,.0564980276840413,.9823193,4519,283,32,.3921320600925446
scope_ge_5,provyr_baseyr_fe,base_mid_inc_share,es_p3,.0087338591687116,.024770573,.35259011,.72465914,,.0564980276840413,.9823193,4519,283,32,.3921320600925446
scope_ge_5,provyr_baseyr_fe,base_mid_inc_share,es_p4,.0096017010486494,.018098731,.53051794,.59617037,,.0564980276840413,.9823193,4519,283,32,.3921320600925446
