spec,outcome,xvar,coef,se,t,p,sig,N,N_city,r2,mean_y
city_year_fe,ln1p_total_patents,ln1p_idc_stock_l1,.042663419095503,.031301592,1.3629792,.17394641,,4647,291,.9544918041663373,6.2192569
province_year_fe,ln1p_total_patents,ln1p_idc_stock_l1,.0246753656332107,.0285307,.86487067,.38782462,,4647,291,.9761659158145128,6.2192569
provyr_baseyr_fe,ln1p_total_patents,ln1p_idc_stock_l1,.100926856914294,.031934187,3.1604643,.0017418035,***,4647,291,.9779333974479034,6.2192569
city_trend,ln1p_total_patents,ln1p_idc_stock_l1,.0989207440834246,.051255375,1.9299585,.054587122,*,4647,291,.9694943780644243,6.2192569
city_year_fe,ln1p_total_patents,ln1p_idc_stock,.0352609335772769,.032602035,1.0815563,.2803483,,4647,291,.954466514606497,6.2192569
province_year_fe,ln1p_total_patents,ln1p_idc_stock,.0170550844857846,.028930783,.58951342,.55597591,,4647,291,.9761568235773024,6.2192569
provyr_baseyr_fe,ln1p_total_patents,ln1p_idc_stock,.0934992050562106,.031343393,2.9830596,.0030963826,***,4647,291,.9779013452344689,6.2192569
city_trend,ln1p_total_patents,ln1p_idc_stock,.0576510889563116,.053949077,1.0686204,.28612942,,4647,291,.9694431420221697,6.2192569
city_year_fe,ln1p_new_applicants,ln1p_idc_stock_l1,.0143132685635442,.026577879,.53854066,.59061694,,4647,291,.9476797893872483,4.6149664
province_year_fe,ln1p_new_applicants,ln1p_idc_stock_l1,.0049988824112691,.022439307,.22277348,.82386863,,4647,291,.9700257138565039,4.6149664
provyr_baseyr_fe,ln1p_new_applicants,ln1p_idc_stock_l1,.0688255661798991,.024741294,2.7818093,.0057600131,***,4647,291,.9723372306316376,4.6149664
city_trend,ln1p_new_applicants,ln1p_idc_stock_l1,.0817962131606486,.041095134,1.9904112,.047484189,**,4647,291,.9663899199491582,4.6149664
city_year_fe,ln1p_new_applicants,ln1p_idc_stock,.0139798980893404,.027502958,.50830525,.61162573,,4647,291,.9476788298918686,4.6149664
province_year_fe,ln1p_new_applicants,ln1p_idc_stock,-.0033157564003003,.023306023,-.14227036,.88696527,,4647,291,.9700249928719243,4.6149664
provyr_baseyr_fe,ln1p_new_applicants,ln1p_idc_stock,.058724543867327,.025611613,2.2928874,.0225702,**,4647,291,.9722855030120141,4.6149664
city_trend,ln1p_new_applicants,ln1p_idc_stock,.0682600358454981,.044855513,1.5217758,.12915486,,4647,291,.9663621100846332,4.6149664
city_year_fe,new_applicant_share,ln1p_idc_stock_l1,.0154488627749412,.0059442082,2.5989773,.0098283933,***,4647,291,.7025795794886477,.43233556
province_year_fe,new_applicant_share,ln1p_idc_stock_l1,.0209164592988464,.0065966072,3.1707907,.0016830775,***,4647,291,.7559486749795327,.43233556
provyr_baseyr_fe,new_applicant_share,ln1p_idc_stock_l1,.0047207341960179,.0067072632,.70382422,.48210698,,4647,291,.7699676885094549,.43233556
city_trend,new_applicant_share,ln1p_idc_stock_l1,.0158190852334275,.010916506,1.4490978,.14839073,,4647,291,.7533611015348305,.43233556
city_year_fe,new_applicant_share,ln1p_idc_stock,.0148373193700457,.0061212163,2.4239168,.01596573,**,4647,291,.7024827999434283,.43233556
province_year_fe,new_applicant_share,ln1p_idc_stock,.0175893250866218,.0069851452,2.5181043,.01233732,**,4647,291,.755567158677716,.43233556
provyr_baseyr_fe,new_applicant_share,ln1p_idc_stock,.0004947392865349,.007186668,.068841264,.94516343,,4647,291,.7699166970658834,.43233556
city_trend,new_applicant_share,ln1p_idc_stock,.0117904237763808,.011603687,1.0160929,.31043211,,4647,291,.7532713267238127,.43233556
city_year_fe,hhi,ln1p_idc_stock_l1,.0151367880011912,.0040929555,3.6982536,.00025960777,***,4647,291,.5788267608013211,.06067162
province_year_fe,hhi,ln1p_idc_stock_l1,.0105316303649081,.0037993097,2.7719853,.0059320382,***,4647,291,.6925561534615305,.06067162
provyr_baseyr_fe,hhi,ln1p_idc_stock_l1,.0028403252361661,.00423432,.67078662,.50289035,,4647,291,.7338384796148703,.06067162
city_trend,hhi,ln1p_idc_stock_l1,-.0013456416581816,.0049362523,-.27260393,.78535169,,4647,291,.7599394657461089,.06067162
city_year_fe,hhi,ln1p_idc_stock,.0158919196319712,.0042589772,3.7313936,.00022908967,***,4647,291,.5792408326089153,.06067162
province_year_fe,hhi,ln1p_idc_stock,.0112145568540835,.0038455557,2.9162383,.0038194291,***,4647,291,.6927629027709508,.06067162
provyr_baseyr_fe,hhi,ln1p_idc_stock,.0038420021877535,.0041663977,.92214,.35722208,,4647,291,.7339139728050733,.06067162
city_trend,hhi,ln1p_idc_stock,.0006387318876606,.0045639104,.13995276,.88879448,,4647,291,.7599338313936415,.06067162
city_year_fe,top10_share,ln1p_idc_stock_l1,.0324839399554129,.0081240283,3.9985015,.0000809419,***,4647,291,.7555171814087818,.45441911
province_year_fe,top10_share,ln1p_idc_stock_l1,.0286148318301971,.0093294391,3.0671546,.0023650494,***,4647,291,.8342957404352106,.45441911
provyr_baseyr_fe,top10_share,ln1p_idc_stock_l1,-.0023709712101054,.0084079718,-.28199086,.77815163,,4647,291,.8620966505323991,.45441911
city_trend,top10_share,ln1p_idc_stock_l1,-.0157548930715417,.012482639,-1.2621443,.20791094,,4647,291,.8581538796921333,.45441911
city_year_fe,top10_share,ln1p_idc_stock,.0350198384801767,.0085840337,4.079648,.000058342641,***,4647,291,.756071910365827,.45441911
province_year_fe,top10_share,ln1p_idc_stock,.0310176636504379,.009645503,3.2157643,.0014480479,***,4647,291,.8346398619826458,.45441911
provyr_baseyr_fe,top10_share,ln1p_idc_stock,.0005825278541484,.0086355712,.067456782,.94626456,,4647,291,.8620864633262124,.45441911
city_trend,top10_share,ln1p_idc_stock,-.0088492675010231,.012954077,-.68312603,.49507257,,4647,291,.8580373812334509,.45441911
city_year_fe,roll_top_share,ln1p_idc_stock_l1,-.0243578782746148,.0068351896,-3.5635993,.00042756411,***,4647,291,.6159473647120147,.25762016
province_year_fe,roll_top_share,ln1p_idc_stock_l1,-.0219615706094944,.0081852209,-2.6830761,.0077136769,***,4647,291,.695067076303411,.25762016
provyr_baseyr_fe,roll_top_share,ln1p_idc_stock_l1,-.0119225875622856,.008979762,-1.3277175,.18531558,,4647,291,.7105622992157181,.25762016
city_trend,roll_top_share,ln1p_idc_stock_l1,-.0115452998375715,.011009296,-1.0486865,.29519561,,4647,291,.7032417066560954,.25762016
city_year_fe,roll_top_share,ln1p_idc_stock,-.0227395667651038,.0072255526,-3.1471043,.0018205927,***,4647,291,.6154885528275109,.25762016
province_year_fe,roll_top_share,ln1p_idc_stock,-.017889608283898,.0086182719,-2.0757766,.038795665,**,4647,291,.6944703241701633,.25762016
provyr_baseyr_fe,roll_top_share,ln1p_idc_stock,-.0066683091025144,.0092760799,-.71887147,.47279894,,4647,291,.7102829092046895,.25762016
city_trend,roll_top_share,ln1p_idc_stock,-.0070173356650285,.011985984,-.5854618,.55869251,,4647,291,.7031564569089257,.25762016
city_year_fe,roll_mid_inc_share,ln1p_idc_stock_l1,.0089090154996737,.005431104,1.6403692,.10201258,,4647,291,.6728340407946778,.31004429
province_year_fe,roll_mid_inc_share,ln1p_idc_stock_l1,.0010451113106482,.005484269,.19056529,.8489995,,4647,291,.7453269589653149,.31004429
provyr_baseyr_fe,roll_mid_inc_share,ln1p_idc_stock_l1,.0072018533662679,.0064602024,1.1148031,.26585782,,4647,291,.7555459829767663,.31004429
city_trend,roll_mid_inc_share,ln1p_idc_stock_l1,-.0042737853958553,.0086682634,-.49303824,.62235868,,4647,291,.751474094513032,.31004429
city_year_fe,roll_mid_inc_share,ln1p_idc_stock,.0079022473950581,.0055871424,1.4143629,.15832809,,4647,291,.6727042811318554,.31004429
province_year_fe,roll_mid_inc_share,ln1p_idc_stock,.0003002831972762,.0056298883,.053337328,.95749986,,4647,291,.7453220791971963,.31004429
provyr_baseyr_fe,roll_mid_inc_share,ln1p_idc_stock,.0061735698159795,.0066532637,.92790097,.35423055,,4647,291,.7554936627709864,.31004429
city_trend,roll_mid_inc_share,ln1p_idc_stock,-.0047730881113521,.00883999,-.53994274,.58965093,,4647,291,.7514810182292443,.31004429
city_year_fe,base_top_share,ln1p_idc_stock_l1,.0370099823842999,.0079025887,4.6832733,4.3433424e-06,***,4647,291,.7021124080739918,.19880301
province_year_fe,base_top_share,ln1p_idc_stock_l1,.0254459531863919,.0090203574,2.8209474,.0051186746,***,4647,291,.7904370261529136,.19880301
provyr_baseyr_fe,base_top_share,ln1p_idc_stock_l1,-.0057231523424544,.0087146526,-.65672749,.51187694,,4647,291,.8381489366138725,.19880301
city_trend,base_top_share,ln1p_idc_stock_l1,-.0257859413431268,.011823967,-2.1808197,.030000176,**,4647,291,.8171812414524047,.19880301
city_year_fe,base_top_share,ln1p_idc_stock,.0389931991651661,.0081129288,4.8063035,2.4714141e-06,***,4647,291,.7026129414026063,.19880301
province_year_fe,base_top_share,ln1p_idc_stock,.0261371051405383,.008903564,2.9355779,.0035957263,***,4647,291,.7905254001961307,.19880301
provyr_baseyr_fe,base_top_share,ln1p_idc_stock,-.0034613321897455,.0086433552,-.40046161,.68911141,,4647,291,.8381056146652694,.19880301
city_trend,base_top_share,ln1p_idc_stock,-.0197368532037263,.011202519,-1.7618228,.079152852,*,4647,291,.8169815790421341,.19880301
city_year_fe,base_mid_inc_share,ln1p_idc_stock_l1,-.0187530975196855,.0062671197,-2.9922993,.003006933,***,4647,291,.7751258996740424,.39628655
province_year_fe,base_mid_inc_share,ln1p_idc_stock_l1,-.0190504082515768,.0071824403,-2.6523588,.0084332367,***,4647,291,.8132284913237792,.39628655
provyr_baseyr_fe,base_mid_inc_share,ln1p_idc_stock_l1,.0028838075920809,.0080213184,.3595179,.71946931,,4647,291,.8262073076977142,.39628655
city_trend,base_mid_inc_share,ln1p_idc_stock_l1,-.0057409280473885,.010792573,-.53193325,.5951795,,4647,291,.8356141710981856,.39628655
city_year_fe,base_mid_inc_share,ln1p_idc_stock,-.0187711933770519,.0062814509,-2.9883533,.0030448413,***,4647,291,.7751049714798269,.39628655
province_year_fe,base_mid_inc_share,ln1p_idc_stock,-.0173115307551787,.0072049168,-2.4027386,.016901165,**,4647,291,.8130459758584188,.39628655
provyr_baseyr_fe,base_mid_inc_share,ln1p_idc_stock,.0045547594486994,.0082044033,.55516034,.57921296,,4647,291,.8262349991680105,.39628655
city_trend,base_mid_inc_share,ln1p_idc_stock,-.005725848464439,.011444244,-.50032562,.61722529,,4647,291,.8356146461075211,.39628655
