estimator,eventdef,spec,outcome,term,rel,coef,se,t,p,sig,N,N_city,N_treated_city,pre_p
bjs,scope_ge_2,bjs_provyr_baseyr,ln1p_new_applicants,pre3,-3,-.007145403,.039504498,-.18087567,.85646516,,4647,291,82,.7042422604171976
bjs,scope_ge_2,bjs_provyr_baseyr,ln1p_new_applicants,pre2,-2,.027699957,.046002224,.60214388,.54707837,,4647,291,82,.7042422604171976
bjs,scope_ge_2,bjs_provyr_baseyr,ln1p_new_applicants,pre1,-1,.05509989,.052985191,1.0399112,.29838121,,4647,291,82,.7042422604171976
bjs,scope_ge_2,bjs_provyr_baseyr,ln1p_new_applicants,tau0,0,.25207883,.04038991,6.2411337,4.3441031e-10,***,4647,291,82,.7042422604171976
bjs,scope_ge_2,bjs_provyr_baseyr,ln1p_new_applicants,tau1,1,.32304725,.044120103,7.3219967,2.4430810e-13,***,4647,291,82,.7042422604171976
bjs,scope_ge_2,bjs_provyr_baseyr,ln1p_new_applicants,tau2,2,.33759341,.050872866,6.6360211,3.2226367e-11,***,4647,291,82,.7042422604171976
bjs,scope_ge_2,bjs_provyr_baseyr,ln1p_new_applicants,tau3,3,.3025862,.053520899,5.6536083,1.5711409e-08,***,4647,291,82,.7042422604171976
bjs,scope_ge_2,bjs_provyr_baseyr,ln1p_new_applicants,tau4,4,.35513568,.055912726,6.3516073,2.1307638e-10,***,4647,291,82,.7042422604171976
csdid,scope_ge_2,csdid_reg_notyet,ln1p_new_applicants,Tm3,-3,.0035173865,.034499954,.10195337,.91879368,,4647,291,82,
csdid,scope_ge_2,csdid_reg_notyet,ln1p_new_applicants,Tm2,-2,-.017556587,.046947647,-.37396097,.70843333,,4647,291,82,
csdid,scope_ge_2,csdid_reg_notyet,ln1p_new_applicants,Tm1,-1,.05027727,.039844245,1.2618452,.20700449,,4647,291,82,
csdid,scope_ge_2,csdid_reg_notyet,ln1p_new_applicants,Tp0,0,.22088309,.065392449,3.3778069,.00073066342,***,4647,291,82,
csdid,scope_ge_2,csdid_reg_notyet,ln1p_new_applicants,Tp1,1,.29092532,.072308615,4.0233841,.000057367863,***,4647,291,82,
csdid,scope_ge_2,csdid_reg_notyet,ln1p_new_applicants,Tp2,2,.31774044,.078352608,4.055263,.00005007787,***,4647,291,82,
csdid,scope_ge_2,csdid_reg_notyet,ln1p_new_applicants,Tp3,3,.28699759,.081011809,3.5426633,.00039610811,***,4647,291,82,
csdid,scope_ge_2,csdid_reg_notyet,ln1p_new_applicants,Tp4,4,.33776712,.086971864,3.8836367,.00010290563,***,4647,291,82,
bjs,scope_ge_2,bjs_provyr_baseyr,ln1p_new_patents,pre3,-3,-.011092884,.066719495,-.16626149,.86795115,,4647,291,82,.6166477173877429
bjs,scope_ge_2,bjs_provyr_baseyr,ln1p_new_patents,pre2,-2,.0025983732,.067715228,.03837207,.96939105,,4647,291,82,.6166477173877429
bjs,scope_ge_2,bjs_provyr_baseyr,ln1p_new_patents,pre1,-1,.075991109,.081725471,.92983389,.35245711,,4647,291,82,.6166477173877429
bjs,scope_ge_2,bjs_provyr_baseyr,ln1p_new_patents,tau0,0,.067219928,.05567218,1.2074239,.22726892,,4647,291,82,.6166477173877429
bjs,scope_ge_2,bjs_provyr_baseyr,ln1p_new_patents,tau1,1,.23355316,.066782534,3.4972191,.00047013571,***,4647,291,82,.6166477173877429
bjs,scope_ge_2,bjs_provyr_baseyr,ln1p_new_patents,tau2,2,.34308586,.070430614,4.8712606,1.1088857e-06,***,4647,291,82,.6166477173877429
bjs,scope_ge_2,bjs_provyr_baseyr,ln1p_new_patents,tau3,3,.25731665,.076763183,3.3520839,.00080205692,***,4647,291,82,.6166477173877429
bjs,scope_ge_2,bjs_provyr_baseyr,ln1p_new_patents,tau4,4,.33996803,.078261733,4.3439879,.000013991935,***,4647,291,82,.6166477173877429
csdid,scope_ge_2,csdid_reg_notyet,ln1p_new_patents,Tm3,-3,.018324833,.057937279,.31628743,.75178432,,4647,291,82,
csdid,scope_ge_2,csdid_reg_notyet,ln1p_new_patents,Tm2,-2,-.058386374,.062016647,-.94146287,.3464677,,4647,291,82,
csdid,scope_ge_2,csdid_reg_notyet,ln1p_new_patents,Tm1,-1,.047917869,.055687446,.86047882,.38952515,,4647,291,82,
csdid,scope_ge_2,csdid_reg_notyet,ln1p_new_patents,Tp0,0,.062133472,.054591466,1.1381536,.25505635,,4647,291,82,
csdid,scope_ge_2,csdid_reg_notyet,ln1p_new_patents,Tp1,1,.2285527,.075437047,3.0297143,.0024478508,***,4647,291,82,
csdid,scope_ge_2,csdid_reg_notyet,ln1p_new_patents,Tp2,2,.34612098,.091656759,3.7762735,.0001591922,***,4647,291,82,
csdid,scope_ge_2,csdid_reg_notyet,ln1p_new_patents,Tp3,3,.26578954,.099366814,2.6748321,.0074766683,***,4647,291,82,
csdid,scope_ge_2,csdid_reg_notyet,ln1p_new_patents,Tp4,4,.34249395,.10661463,3.2124481,.0013160893,***,4647,291,82,
bjs,scope_ge_2,bjs_provyr_baseyr,ln1p_total_patents,pre3,-3,.024513664,.05065437,.48393977,.62842864,,4647,291,82,.2327056886478394
bjs,scope_ge_2,bjs_provyr_baseyr,ln1p_total_patents,pre2,-2,.014131228,.058450859,.24176255,.80896413,,4647,291,82,.2327056886478394
bjs,scope_ge_2,bjs_provyr_baseyr,ln1p_total_patents,pre1,-1,.078070343,.067738518,1.1525251,.24910536,,4647,291,82,.2327056886478394
bjs,scope_ge_2,bjs_provyr_baseyr,ln1p_total_patents,tau0,0,.091629498,.045651965,2.0071316,.044735666,**,4647,291,82,.2327056886478394
bjs,scope_ge_2,bjs_provyr_baseyr,ln1p_total_patents,tau1,1,.15272813,.053802203,2.8386965,.0045298217,***,4647,291,82,.2327056886478394
bjs,scope_ge_2,bjs_provyr_baseyr,ln1p_total_patents,tau2,2,.14638405,.059236016,2.4712002,.013466044,**,4647,291,82,.2327056886478394
bjs,scope_ge_2,bjs_provyr_baseyr,ln1p_total_patents,tau3,3,.075536914,.062721625,1.2043202,.22846586,,4647,291,82,.2327056886478394
bjs,scope_ge_2,bjs_provyr_baseyr,ln1p_total_patents,tau4,4,.12996495,.06752789,1.9246113,.054278005,*,4647,291,82,.2327056886478394
csdid,scope_ge_2,csdid_reg_notyet,ln1p_total_patents,Tm3,-3,.052163452,.036450241,1.4310865,.1524054,,4647,291,82,
csdid,scope_ge_2,csdid_reg_notyet,ln1p_total_patents,Tm2,-2,-.075464107,.045180615,-1.6702762,.094864726,*,4647,291,82,
csdid,scope_ge_2,csdid_reg_notyet,ln1p_total_patents,Tm1,-1,.04224816,.033498283,1.2612038,.20723546,,4647,291,82,
csdid,scope_ge_2,csdid_reg_notyet,ln1p_total_patents,Tp0,0,.077888682,.035497252,2.1942172,.028219793,**,4647,291,82,
csdid,scope_ge_2,csdid_reg_notyet,ln1p_total_patents,Tp1,1,.14220299,.045806039,3.1044593,.0019062719,***,4647,291,82,
csdid,scope_ge_2,csdid_reg_notyet,ln1p_total_patents,Tp2,2,.14430346,.056446545,2.5564623,.010574256,**,4647,291,82,
csdid,scope_ge_2,csdid_reg_notyet,ln1p_total_patents,Tp3,3,.07765729,.065897226,1.1784607,.23861301,,4647,291,82,
csdid,scope_ge_2,csdid_reg_notyet,ln1p_total_patents,Tp4,4,.12779692,.071003802,1.7998604,.071882695,*,4647,291,82,
bjs,scope_ge_2,bjs_provyr_baseyr,new_applicant_share,pre3,-3,-.018134734,.016849989,-1.076246,.28181726,,4647,291,82,.7615836421305027
bjs,scope_ge_2,bjs_provyr_baseyr,new_applicant_share,pre2,-2,-.0098960716,.014830776,-.66726595,.50460231,,4647,291,82,.7615836421305027
bjs,scope_ge_2,bjs_provyr_baseyr,new_applicant_share,pre1,-1,-.0097391121,.017544243,-.55511725,.57881445,,4647,291,82,.7615836421305027
bjs,scope_ge_2,bjs_provyr_baseyr,new_applicant_share,tau0,0,-.013547215,.012963763,-1.0450064,.29602003,,4647,291,82,.7615836421305027
bjs,scope_ge_2,bjs_provyr_baseyr,new_applicant_share,tau1,1,.049925398,.015625639,3.1950948,.0013978492,***,4647,291,82,.7615836421305027
bjs,scope_ge_2,bjs_provyr_baseyr,new_applicant_share,tau2,2,.076557152,.015615658,4.9025888,9.4581725e-07,***,4647,291,82,.7615836421305027
bjs,scope_ge_2,bjs_provyr_baseyr,new_applicant_share,tau3,3,.066876478,.016538968,4.04357,.000052643412,***,4647,291,82,.7615836421305027
bjs,scope_ge_2,bjs_provyr_baseyr,new_applicant_share,tau4,4,.067851461,.014593669,4.6493764,3.3293993e-06,***,4647,291,82,.7615836421305027
csdid,scope_ge_2,csdid_reg_notyet,new_applicant_share,Tm3,-3,-.016045313,.017300565,-.9274444,.35369584,,4647,291,82,
csdid,scope_ge_2,csdid_reg_notyet,new_applicant_share,Tm2,-2,.0046297465,.016208164,.28564289,.77515167,,4647,291,82,
csdid,scope_ge_2,csdid_reg_notyet,new_applicant_share,Tm1,-1,-.0016471571,.013555846,-.12150899,.90328789,,4647,291,82,
csdid,scope_ge_2,csdid_reg_notyet,new_applicant_share,Tp0,0,-.0035397266,.013698338,-.25840557,.79609394,,4647,291,82,
csdid,scope_ge_2,csdid_reg_notyet,new_applicant_share,Tp1,1,.059178222,.021719396,2.7246716,.0064365468,***,4647,291,82,
csdid,scope_ge_2,csdid_reg_notyet,new_applicant_share,Tp2,2,.086844608,.027075469,3.2075014,.0013389339,***,4647,291,82,
csdid,scope_ge_2,csdid_reg_notyet,new_applicant_share,Tp3,3,.077834278,.026842933,2.8996189,.0037361663,***,4647,291,82,
csdid,scope_ge_2,csdid_reg_notyet,new_applicant_share,Tp4,4,.07788112,.02804986,2.7765243,.005494351,***,4647,291,82,
