spec,outcome,event,coef,se,t,p,sig,preF,prep,N,N_city,mean_y
city_year_fe,ln1p_new_applicants,es_m4,.0076548960787233,.04059767,.18855506,.85065633,,1.481498404564331,.22118227,2855,179,4.106901412409615
city_year_fe,ln1p_new_applicants,es_m3,-.0278249330987178,.037444584,-.74309635,.45840299,,1.481498404564331,.22118227,2855,179,4.106901412409615
city_year_fe,ln1p_new_applicants,es_m2,-.0739969601524795,.043961875,-1.6832075,.094087981,*,1.481498404564331,.22118227,2855,179,4.106901412409615
city_year_fe,ln1p_new_applicants,es_0,-.0134551895279777,.043346945,-.31040689,.75661474,,1.481498404564331,.22118227,2855,179,4.106901412409615
city_year_fe,ln1p_new_applicants,es_p1,.0059152042037552,.045440044,.13017602,.89657414,,1.481498404564331,.22118227,2855,179,4.106901412409615
city_year_fe,ln1p_new_applicants,es_p2,.0500185076789257,.049181476,1.0170193,.31052464,,1.481498404564331,.22118227,2855,179,4.106901412409615
city_year_fe,ln1p_new_applicants,es_p3,.0779016613176373,.051822208,1.5032486,.13454708,,1.481498404564331,.22118227,2855,179,4.106901412409615
city_year_fe,ln1p_new_applicants,es_p4,.0351752380160118,.050944723,.69045889,.49080497,,1.481498404564331,.22118227,2855,179,4.106901412409615
province_year_fe,ln1p_new_applicants,es_m4,-.0247974384124321,.040038902,-.61933362,.53648847,,2.528727676248278,.058864452,2855,179,4.106901412409615
province_year_fe,ln1p_new_applicants,es_m3,-.0506859438262124,.0436364,-1.161552,.24697272,,2.528727676248278,.058864452,2855,179,4.106901412409615
province_year_fe,ln1p_new_applicants,es_m2,-.1114159500216724,.044955954,-2.4783359,.014131331,**,2.528727676248278,.058864452,2855,179,4.106901412409615
province_year_fe,ln1p_new_applicants,es_0,-.0413154095068735,.035833903,-1.1529698,.25046873,,2.528727676248278,.058864452,2855,179,4.106901412409615
province_year_fe,ln1p_new_applicants,es_p1,-.0924265166983312,.039262816,-2.3540471,.019660858,**,2.528727676248278,.058864452,2855,179,4.106901412409615
province_year_fe,ln1p_new_applicants,es_p2,-.1058840267176524,.040429179,-2.6190002,.0095793903,***,2.528727676248278,.058864452,2855,179,4.106901412409615
province_year_fe,ln1p_new_applicants,es_p3,-.0527534411590529,.044409253,-1.187893,.23645818,,2.528727676248278,.058864452,2855,179,4.106901412409615
province_year_fe,ln1p_new_applicants,es_p4,-.0793243712746902,.038087547,-2.0826852,.038709424,**,2.528727676248278,.058864452,2855,179,4.106901412409615
provyr_baseyr_fe,ln1p_new_applicants,es_m4,-.0235407630982477,.038614679,-.60963249,.54288268,,2.926725292187867,.035198867,2855,179,4.106901412409615
provyr_baseyr_fe,ln1p_new_applicants,es_m3,-.0357235043798285,.039344884,-.90795809,.36512798,,2.926725292187867,.035198867,2855,179,4.106901412409615
provyr_baseyr_fe,ln1p_new_applicants,es_m2,-.1032654925608245,.039766748,-2.5967801,.010196927,**,2.926725292187867,.035198867,2855,179,4.106901412409615
provyr_baseyr_fe,ln1p_new_applicants,es_0,-.0320482624864861,.037061825,-.86472434,.38835394,,2.926725292187867,.035198867,2855,179,4.106901412409615
provyr_baseyr_fe,ln1p_new_applicants,es_p1,-.0915352194234448,.038881686,-2.3541987,.019653087,**,2.926725292187867,.035198867,2855,179,4.106901412409615
provyr_baseyr_fe,ln1p_new_applicants,es_p2,-.1007220059505588,.040448111,-2.4901536,.013685607,**,2.926725292187867,.035198867,2855,179,4.106901412409615
provyr_baseyr_fe,ln1p_new_applicants,es_p3,-.0455798114188086,.044461086,-1.0251619,.30667797,,2.926725292187867,.035198867,2855,179,4.106901412409615
provyr_baseyr_fe,ln1p_new_applicants,es_p4,-.0559938013083796,.035439547,-1.5799807,.11588663,,2.926725292187867,.035198867,2855,179,4.106901412409615
city_year_fe,new_applicant_share,es_m4,.0059535616144327,.015588908,.38191012,.70298356,,2.180739646325328,.09194541,2855,179,.4727124830661
city_year_fe,new_applicant_share,es_m3,-.0105400870104415,.012324797,-.85519356,.39359364,,2.180739646325328,.09194541,2855,179,.4727124830661
city_year_fe,new_applicant_share,es_m2,-.0259881678968321,.012791128,-2.0317338,.043667298,**,2.180739646325328,.09194541,2855,179,.4727124830661
city_year_fe,new_applicant_share,es_0,.0075957785397608,.012391471,.61298436,.54066908,,2.180739646325328,.09194541,2855,179,.4727124830661
city_year_fe,new_applicant_share,es_p1,.0106340760312139,.012103524,.87859339,.38080624,,2.180739646325328,.09194541,2855,179,.4727124830661
city_year_fe,new_applicant_share,es_p2,.0202280495478239,.012487539,1.6198589,.10703291,,2.180739646325328,.09194541,2855,179,.4727124830661
city_year_fe,new_applicant_share,es_p3,.0102268011134797,.012187957,.8390907,.40254387,,2.180739646325328,.09194541,2855,179,.4727124830661
city_year_fe,new_applicant_share,es_p4,.0086651837764638,.011950176,.72510928,.46933714,,2.180739646325328,.09194541,2855,179,.4727124830661
province_year_fe,new_applicant_share,es_m4,-.0031085029692684,.015875831,-.19580095,.8449893,,1.406619664186603,.24244194,2855,179,.4727124830661
province_year_fe,new_applicant_share,es_m3,-.0112637562773777,.016508371,-.68230575,.49593255,,1.406619664186603,.24244194,2855,179,.4727124830661
province_year_fe,new_applicant_share,es_m2,-.0266991411425588,.013281583,-2.0102379,.045915812,**,1.406619664186603,.24244194,2855,179,.4727124830661
province_year_fe,new_applicant_share,es_0,-.0098623051022933,.01344964,-.73327655,.46435443,,1.406619664186603,.24244194,2855,179,.4727124830661
province_year_fe,new_applicant_share,es_p1,-.0160924668941886,.012551391,-1.2821262,.20146573,,1.406619664186603,.24244194,2855,179,.4727124830661
province_year_fe,new_applicant_share,es_p2,-.0090803497313495,.014089465,-.64447796,.52009523,,1.406619664186603,.24244194,2855,179,.4727124830661
province_year_fe,new_applicant_share,es_p3,-.0045849904851379,.012747732,-.35967109,.7195195,,1.406619664186603,.24244194,2855,179,.4727124830661
province_year_fe,new_applicant_share,es_p4,-.0111680625207714,.012474809,-.89524919,.37186289,,1.406619664186603,.24244194,2855,179,.4727124830661
provyr_baseyr_fe,new_applicant_share,es_m4,.0039999352724334,.016219342,.24661513,.80549026,,1.837811296221369,.1419687,2855,179,.4727124830661
provyr_baseyr_fe,new_applicant_share,es_m3,-.0081191064914335,.016201219,-.50114173,.61689055,,1.837811296221369,.1419687,2855,179,.4727124830661
provyr_baseyr_fe,new_applicant_share,es_m2,-.0270411878537973,.012450146,-2.1719575,.031181546,**,1.837811296221369,.1419687,2855,179,.4727124830661
provyr_baseyr_fe,new_applicant_share,es_0,-.0143977079702134,.013655917,-1.0543201,.29316539,,1.837811296221369,.1419687,2855,179,.4727124830661
provyr_baseyr_fe,new_applicant_share,es_p1,-.0263932441883511,.012336212,-2.1394935,.033758081,**,1.837811296221369,.1419687,2855,179,.4727124830661
provyr_baseyr_fe,new_applicant_share,es_p2,-.0164579301878574,.013398682,-1.2283245,.22094679,,1.837811296221369,.1419687,2855,179,.4727124830661
provyr_baseyr_fe,new_applicant_share,es_p3,-.0112085051397439,.012152543,-.92231762,.35761136,,1.837811296221369,.1419687,2855,179,.4727124830661
provyr_baseyr_fe,new_applicant_share,es_p4,-.0136885943069322,.01180311,-1.1597446,.24770606,,1.837811296221369,.1419687,2855,179,.4727124830661
city_year_fe,hhi,es_m4,-.011175940738684,.0083655166,-1.3359535,.18326998,,1.666996710516616,.17580803,2855,179,.0717806843489644
city_year_fe,hhi,es_m3,-.0079490022845388,.0087175407,-.91184002,.36308619,,1.666996710516616,.17580803,2855,179,.0717806843489644
city_year_fe,hhi,es_m2,-.0002119385675546,.0084391227,-.025113814,.97999233,,1.666996710516616,.17580803,2855,179,.0717806843489644
city_year_fe,hhi,es_0,-.0044397151237382,.0068621021,-.64699054,.51847154,,1.666996710516616,.17580803,2855,179,.0717806843489644
city_year_fe,hhi,es_p1,.0004801732536195,.0063517881,.075596549,.939825,,1.666996710516616,.17580803,2855,179,.0717806843489644
city_year_fe,hhi,es_p2,-.000077260720873,.0066245869,-.011662723,.99070776,,1.666996710516616,.17580803,2855,179,.0717806843489644
city_year_fe,hhi,es_p3,.0042483939641285,.0061852462,.68685931,.49306524,,1.666996710516616,.17580803,2855,179,.0717806843489644
city_year_fe,hhi,es_p4,.0111472766864605,.0070578959,1.5794051,.11601858,,1.666996710516616,.17580803,2855,179,.0717806843489644
province_year_fe,hhi,es_m4,-.0081479776459341,.0088594686,-.91969144,.35897869,,1.546174026161782,.20423639,2855,179,.0717806843489644
province_year_fe,hhi,es_m3,-.0110348095155893,.010020124,-1.1012647,.27226838,,1.546174026161782,.20423639,2855,179,.0717806843489644
province_year_fe,hhi,es_m2,.0001245586641255,.0099177491,.012559166,.98999357,,1.546174026161782,.20423639,2855,179,.0717806843489644
province_year_fe,hhi,es_0,-.002007835896424,.0088910367,-.22582698,.82159507,,1.546174026161782,.20423639,2855,179,.0717806843489644
province_year_fe,hhi,es_p1,.0049392441806209,.0096484078,.51192325,.60933924,,1.546174026161782,.20423639,2855,179,.0717806843489644
province_year_fe,hhi,es_p2,.0065253706143715,.0097098444,.67203653,.50243175,,1.546174026161782,.20423639,2855,179,.0717806843489644
province_year_fe,hhi,es_p3,.0110151766344629,.0084717497,1.3002245,.19520506,,1.546174026161782,.20423639,2855,179,.0717806843489644
province_year_fe,hhi,es_p4,.0203496148742773,.0097319633,2.0910082,.037947208,**,1.546174026161782,.20423639,2855,179,.0717806843489644
provyr_baseyr_fe,hhi,es_m4,-.0073106112089122,.009767672,-.74844968,.45517674,,1.124826975692222,.34043682,2855,179,.0717806843489644
provyr_baseyr_fe,hhi,es_m3,-.0092529392044938,.010564194,-.87587738,.3822771,,1.124826975692222,.34043682,2855,179,.0717806843489644
provyr_baseyr_fe,hhi,es_m2,.0002071143180325,.010465622,.019789968,.98423308,,1.124826975692222,.34043682,2855,179,.0717806843489644
provyr_baseyr_fe,hhi,es_0,-.0036160033186385,.0091973981,-.39315504,.69467545,,1.124826975692222,.34043682,2855,179,.0717806843489644
provyr_baseyr_fe,hhi,es_p1,.0022494258522136,.0091059273,.24702874,.80517066,,1.124826975692222,.34043682,2855,179,.0717806843489644
provyr_baseyr_fe,hhi,es_p2,.0033196651814253,.0095070982,.34917757,.72736871,,1.124826975692222,.34043682,2855,179,.0717806843489644
provyr_baseyr_fe,hhi,es_p3,.0082789824842137,.0085865194,.96418381,.33626187,,1.124826975692222,.34043682,2855,179,.0717806843489644
provyr_baseyr_fe,hhi,es_p4,.0157242412552312,.0096508311,1.6293148,.10501485,,1.124826975692222,.34043682,2855,179,.0717806843489644
city_year_fe,top10_share,es_m4,-.011358578560623,.013724362,-.82762158,.40899304,,.9363767312808808,.42432448,2855,179,.4959449697761117
city_year_fe,top10_share,es_m3,-.0063215889044122,.014178063,-.44587114,.65623218,,.9363767312808808,.42432448,2855,179,.4959449697761117
city_year_fe,top10_share,es_m2,.006390743805727,.015682517,.40750751,.68412495,,.9363767312808808,.42432448,2855,179,.4959449697761117
city_year_fe,top10_share,es_0,-.0071095987611685,.015429904,-.46076754,.64552784,,.9363767312808808,.42432448,2855,179,.4959449697761117
city_year_fe,top10_share,es_p1,-.0105839940016391,.014974691,-.70679212,.48061988,,.9363767312808808,.42432448,2855,179,.4959449697761117
city_year_fe,top10_share,es_p2,-.0101095713052687,.016295539,-.62038893,.53579527,,.9363767312808808,.42432448,2855,179,.4959449697761117
city_year_fe,top10_share,es_p3,-.0135279579138291,.014244957,-.94966644,.34356937,,.9363767312808808,.42432448,2855,179,.4959449697761117
city_year_fe,top10_share,es_p4,.0056149492139403,.013647175,.41143674,.68124729,,.9363767312808808,.42432448,2855,179,.4959449697761117
province_year_fe,top10_share,es_m4,-.0086127380980043,.012381339,-.69562256,.48757243,,1.607420579048336,.18932222,2855,179,.4959449697761117
province_year_fe,top10_share,es_m3,.0094046436485415,.01490151,.6311202,.52877152,,1.607420579048336,.18932222,2855,179,.4959449697761117
province_year_fe,top10_share,es_m2,.0161646271457302,.015221379,1.0619687,.28968862,,1.607420579048336,.18932222,2855,179,.4959449697761117
province_year_fe,top10_share,es_0,-.0016706962255672,.013446654,-.12424624,.9012605,,1.607420579048336,.18932222,2855,179,.4959449697761117
province_year_fe,top10_share,es_p1,.0017028671160626,.01360419,.12517226,.90052843,,1.607420579048336,.18932222,2855,179,.4959449697761117
province_year_fe,top10_share,es_p2,.014129841315012,.01503389,.93986601,.34855998,,1.607420579048336,.18932222,2855,179,.4959449697761117
province_year_fe,top10_share,es_p3,.0073960099795007,.015136665,.48861557,.62571532,,1.607420579048336,.18932222,2855,179,.4959449697761117
province_year_fe,top10_share,es_p4,.0225077860056091,.015178479,1.4828749,.13987601,,1.607420579048336,.18932222,2855,179,.4959449697761117
provyr_baseyr_fe,top10_share,es_m4,-.0055028507036219,.013319884,-.41313052,.68000823,,1.072549720293495,.36211693,2855,179,.4959449697761117
provyr_baseyr_fe,top10_share,es_m3,.0098257195467556,.014881362,.66027021,.50993395,,1.072549720293495,.36211693,2855,179,.4959449697761117
provyr_baseyr_fe,top10_share,es_m2,.0143375060642338,.014409709,.99498928,.32109213,,1.072549720293495,.36211693,2855,179,.4959449697761117
provyr_baseyr_fe,top10_share,es_0,-.0071844445828917,.013850743,-.51870465,.60461098,,1.072549720293495,.36211693,2855,179,.4959449697761117
provyr_baseyr_fe,top10_share,es_p1,-.0026582575771416,.013010627,-.20431435,.8383413,,1.072549720293495,.36211693,2855,179,.4959449697761117
provyr_baseyr_fe,top10_share,es_p2,.0082022535110508,.01507633,.54404843,.58708894,,1.072549720293495,.36211693,2855,179,.4959449697761117
provyr_baseyr_fe,top10_share,es_p3,-.0012481811228254,.015649937,-.079756305,.9365207,,1.072549720293495,.36211693,2855,179,.4959449697761117
provyr_baseyr_fe,top10_share,es_p4,.0114785937695575,.015512986,.7399345,.46031454,,1.072549720293495,.36211693,2855,179,.4959449697761117
city_year_fe,base_top_share,es_m4,.0068712016857073,.017851319,.38491285,.7007615,,.3568617639604711,.78423166,2855,179,.1901461423308682
city_year_fe,base_top_share,es_m3,.0141553533211204,.015907459,.88985634,.37474412,,.3568617639604711,.78423166,2855,179,.1901461423308682
city_year_fe,base_top_share,es_m2,.0142771529760277,.01575242,.90634662,.36597767,,.3568617639604711,.78423166,2855,179,.1901461423308682
city_year_fe,base_top_share,es_0,.0147205114743497,.012641389,1.1644695,.24579212,,.3568617639604711,.78423166,2855,179,.1901461423308682
city_year_fe,base_top_share,es_p1,.0140007904205568,.012060504,1.1608794,.24724546,,.3568617639604711,.78423166,2855,179,.1901461423308682
city_year_fe,base_top_share,es_p2,.00978063497649,.011383722,.85917729,.39139828,,.3568617639604711,.78423166,2855,179,.1901461423308682
city_year_fe,base_top_share,es_p3,.0125360068462117,.010181043,1.2313087,.21983179,,.3568617639604711,.78423166,2855,179,.1901461423308682
city_year_fe,base_top_share,es_p4,.0148277451302396,.0099635189,1.4882035,.13846667,,.3568617639604711,.78423166,2855,179,.1901461423308682
province_year_fe,base_top_share,es_m4,-.0077288909541314,.019131096,-.40399626,.6867004,,.6975737991131704,.55468124,2855,179,.1901461423308682
province_year_fe,base_top_share,es_m3,.0081478738635541,.018971717,.42947477,.66809714,,.6975737991131704,.55468124,2855,179,.1901461423308682
province_year_fe,base_top_share,es_m2,.0129792877922746,.016751064,.77483362,.43946606,,.6975737991131704,.55468124,2855,179,.1901461423308682
province_year_fe,base_top_share,es_0,.0107935277888113,.01383529,.78014469,.43634185,,.6975737991131704,.55468124,2855,179,.1901461423308682
province_year_fe,base_top_share,es_p1,.0179965426559447,.013749952,1.308844,.19227447,,.6975737991131704,.55468124,2855,179,.1901461423308682
province_year_fe,base_top_share,es_p2,.0109736050938668,.01409736,.77841562,.43735754,,.6975737991131704,.55468124,2855,179,.1901461423308682
province_year_fe,base_top_share,es_p3,.0089348436492235,.012030501,.74268258,.45865285,,.6975737991131704,.55468124,2855,179,.1901461423308682
province_year_fe,base_top_share,es_p4,.015319477495711,.01087513,1.4086707,.16067694,,.6975737991131704,.55468124,2855,179,.1901461423308682
provyr_baseyr_fe,base_top_share,es_m4,-.0027796010691888,.018978516,-.1464604,.88372368,,.3258384197444074,.80667871,2855,179,.1901461423308682
provyr_baseyr_fe,base_top_share,es_m3,.0047244841752717,.02001147,.23608881,.81363517,,.3258384197444074,.80667871,2855,179,.1901461423308682
provyr_baseyr_fe,base_top_share,es_m2,.0087070021111687,.016500639,.52767664,.59838092,,.3258384197444074,.80667871,2855,179,.1901461423308682
provyr_baseyr_fe,base_top_share,es_0,.0053991156733572,.014568483,.37060246,.71137428,,.3258384197444074,.80667871,2855,179,.1901461423308682
provyr_baseyr_fe,base_top_share,es_p1,.0100535217846929,.013551955,.74185026,.45915577,,.3258384197444074,.80667871,2855,179,.1901461423308682
provyr_baseyr_fe,base_top_share,es_p2,-.0007323590131355,.014633667,-.050046172,.96014172,,.3258384197444074,.80667871,2855,179,.1901461423308682
provyr_baseyr_fe,base_top_share,es_p3,-.0003806815522771,.012664379,-.030059235,.97605348,,.3258384197444074,.80667871,2855,179,.1901461423308682
provyr_baseyr_fe,base_top_share,es_p4,.0053468474626296,.010897545,.49064699,.62428045,,.3258384197444074,.80667871,2855,179,.1901461423308682
city_year_fe,base_mid_inc_share,es_m4,-.0082531618999341,.010499956,-.78601867,.43290162,,1.210296602308875,.30747086,2855,179,.3726418262394285
city_year_fe,base_mid_inc_share,es_m3,-.0065518466885324,.011963858,-.54763663,.58462751,,1.210296602308875,.30747086,2855,179,.3726418262394285
city_year_fe,base_mid_inc_share,es_m2,.0130016768288424,.012099331,1.0745782,.2840181,,1.210296602308875,.30747086,2855,179,.3726418262394285
city_year_fe,base_mid_inc_share,es_0,-.0068361663265909,.012297398,-.55590343,.57897496,,1.210296602308875,.30747086,2855,179,.3726418262394285
city_year_fe,base_mid_inc_share,es_p1,-.0084995448359189,.011776374,-.72174555,.47139797,,1.210296602308875,.30747086,2855,179,.3726418262394285
city_year_fe,base_mid_inc_share,es_p2,-.0138243104526363,.012296521,-1.1242456,.26242265,,1.210296602308875,.30747086,2855,179,.3726418262394285
city_year_fe,base_mid_inc_share,es_p3,-.0066614349527245,.012412678,-.53666377,.59217,,1.210296602308875,.30747086,2855,179,.3726418262394285
city_year_fe,base_mid_inc_share,es_p4,-.0057682386962272,.010914868,-.52847534,.59782773,,1.210296602308875,.30747086,2855,179,.3726418262394285
province_year_fe,base_mid_inc_share,es_m4,.0096311110291966,.012006683,.80214584,.42353824,,1.229473321157757,.30048093,2855,179,.3726418262394285
province_year_fe,base_mid_inc_share,es_m3,.0048928630382615,.014211405,.3442913,.73103362,,1.229473321157757,.30048093,2855,179,.3726418262394285
province_year_fe,base_mid_inc_share,es_m2,.0229354081457846,.012987589,1.7659481,.079118878,*,1.229473321157757,.30048093,2855,179,.3726418262394285
province_year_fe,base_mid_inc_share,es_0,.0082894008529265,.014632784,.56649512,.57177079,,1.229473321157757,.30048093,2855,179,.3726418262394285
province_year_fe,base_mid_inc_share,es_p1,.0083110386610663,.016530683,.50276434,.61575145,,1.229473321157757,.30048093,2855,179,.3726418262394285
province_year_fe,base_mid_inc_share,es_p2,.0083959387279618,.01703226,.49294332,.62266022,,1.229473321157757,.30048093,2855,179,.3726418262394285
province_year_fe,base_mid_inc_share,es_p3,.005746968416349,.01364802,.4210844,.67420143,,1.229473321157757,.30048093,2855,179,.3726418262394285
province_year_fe,base_mid_inc_share,es_p4,.0062812130141868,.01183389,.53078175,.59623164,,1.229473321157757,.30048093,2855,179,.3726418262394285
provyr_baseyr_fe,base_mid_inc_share,es_m4,.0043378069979897,.013263904,.32703847,.74402303,,1.306722529576902,.2737619,2855,179,.3726418262394285
provyr_baseyr_fe,base_mid_inc_share,es_m3,.0006943228084408,.015025837,.046208594,.9631958,,1.306722529576902,.2737619,2855,179,.3726418262394285
provyr_baseyr_fe,base_mid_inc_share,es_m2,.0239870060140906,.014162347,1.693717,.092068218,*,1.306722529576902,.2737619,2855,179,.3726418262394285
provyr_baseyr_fe,base_mid_inc_share,es_0,.0105862949491813,.014714227,.71945983,.47280118,,1.306722529576902,.2737619,2855,179,.3726418262394285
provyr_baseyr_fe,base_mid_inc_share,es_p1,.0179250043586748,.016746361,1.0703821,.2858966,,1.306722529576902,.2737619,2855,179,.3726418262394285
provyr_baseyr_fe,base_mid_inc_share,es_p2,.0187396675137149,.016678067,1.1236115,.26269102,,1.306722529576902,.2737619,2855,179,.3726418262394285
provyr_baseyr_fe,base_mid_inc_share,es_p3,.0130572780475499,.012992399,1.0049937,.31626415,,1.306722529576902,.2737619,2855,179,.3726418262394285
provyr_baseyr_fe,base_mid_inc_share,es_p4,.0097717883088595,.011948926,.81779635,.41456681,,1.306722529576902,.2737619,2855,179,.3726418262394285
