family,outcome_type,sample,spec,outcome,coef,se,stat,p,sig,N,N_city,mean_y,converged
top_mobility,share_rate_ols,all,city_year,top10_turnover_prev_pat_share,0.0502618171166981,0.011934509,4.2114692,3.389734e-05,***,4359,291,0.44964841,1
top_mobility,share_rate_ols,all,provyr_base,top10_turnover_prev_pat_share,0.0355193256828612,0.015267002,2.3265421,0.020690735,**,4289,286,0.44964841,1
top_mobility,share_rate_ols,all,provyr_base_policy,top10_turnover_prev_pat_share,0.0348357992321279,0.015509184,2.24614,0.025460988,**,4289,286,0.44964841,1
top_mobility,share_rate_ols,min20,city_year,top10_turnover_prev_pat_share,0.0531334297038016,0.012041719,4.412446,1.4444586e-05,***,4216,290,0.43734244,1
top_mobility,share_rate_ols,min20,provyr_base,top10_turnover_prev_pat_share,0.0361992625315423,0.015402179,2.3502688,0.019441716,**,4142,286,0.43734244,1
top_mobility,share_rate_ols,min20,provyr_base_policy,top10_turnover_prev_pat_share,0.0352892058637302,0.015588094,2.2638564,0.024334682,**,4142,286,0.43734244,1
top_mobility,share_rate_ols,min50,city_year,top10_turnover_prev_pat_share,0.0524973847003702,0.012246351,4.286778,2.4781095e-05,***,3977,288,0.41816509,1
top_mobility,share_rate_ols,min50,provyr_base,top10_turnover_prev_pat_share,0.0348116327878914,0.015334807,2.2701056,0.023953183,**,3895,284,0.41816509,1
top_mobility,share_rate_ols,min50,provyr_base_policy,top10_turnover_prev_pat_share,0.0337600329280495,0.015527883,2.1741557,0.030522041,**,3895,284,0.41816509,1
top_mobility,share_rate_ols,all,city_year,top20_turnover_prev_pat_share,0.0331079687568732,0.010582644,3.1285157,0.0019357005,***,4359,291,0.4682647,1
top_mobility,share_rate_ols,all,provyr_base,top20_turnover_prev_pat_share,0.0272441106246486,0.013719574,1.9857841,0.048015315,**,4289,286,0.4682647,1
top_mobility,share_rate_ols,all,provyr_base_policy,top20_turnover_prev_pat_share,0.0283689722737722,0.013997518,2.0267143,0.043622538,**,4289,286,0.4682647,1
top_mobility,share_rate_ols,min20,city_year,top20_turnover_prev_pat_share,0.0358564200003186,0.010635708,3.3713241,0.00084997021,***,4216,290,0.45663685,1
top_mobility,share_rate_ols,min20,provyr_base,top20_turnover_prev_pat_share,0.0279609922242825,0.013826475,2.0222793,0.044081431,**,4142,286,0.45663685,1
top_mobility,share_rate_ols,min20,provyr_base_policy,top20_turnover_prev_pat_share,0.0281567596575218,0.014073294,2.0007229,0.046370566,**,4142,286,0.45663685,1
top_mobility,share_rate_ols,min50,city_year,top20_turnover_prev_pat_share,0.032937963320173,0.010918048,3.0168362,0.0027831912,***,3977,288,0.43794194,1
top_mobility,share_rate_ols,min50,provyr_base,top20_turnover_prev_pat_share,0.0273017950564899,0.013650808,2.0000131,0.046454333,**,3895,284,0.43794194,1
top_mobility,share_rate_ols,min50,provyr_base_policy,top20_turnover_prev_pat_share,0.0274421850381428,0.013914112,1.9722556,0.049553879,**,3895,284,0.43794194,1
top_mobility,share_rate_ols,all,city_year,top10_turnover_prev_share,0.0103662488230139,0.010232032,1.0131173,0.31184867,,4359,291,0.59589702,1
top_mobility,share_rate_ols,all,provyr_base,top10_turnover_prev_share,0.0134656582166997,0.012350394,1.0903019,0.27650115,,4289,286,0.59589702,1
top_mobility,share_rate_ols,all,provyr_base_policy,top10_turnover_prev_share,0.0177188075708038,0.013425267,1.3198104,0.18795747,,4289,286,0.59589702,1
top_mobility,share_rate_ols,min20,city_year,top10_turnover_prev_share,0.0156906805935087,0.010129125,1.5490658,0.12246026,,4216,290,0.58734405,1
top_mobility,share_rate_ols,min20,provyr_base,top10_turnover_prev_share,0.0137739430416336,0.012460385,1.1054188,0.26991045,,4142,286,0.58734405,1
top_mobility,share_rate_ols,min20,provyr_base_policy,top10_turnover_prev_share,0.0173339445194818,0.013587128,1.2757622,0.20307839,,4142,286,0.58734405,1
top_mobility,share_rate_ols,min50,city_year,top10_turnover_prev_share,0.0203294068517779,0.010418269,1.9513229,0.051991351,*,3977,288,0.57315862,1
top_mobility,share_rate_ols,min50,provyr_base,top10_turnover_prev_share,0.0141343540408835,0.012487397,1.1318896,0.25863904,,3895,284,0.57315862,1
top_mobility,share_rate_ols,min50,provyr_base_policy,top10_turnover_prev_share,0.016571266272667,0.013710964,1.2086142,0.22781996,,3895,284,0.57315862,1
top_mobility,share_rate_ols,all,city_year,top10_turnover_base_share,0.00645478576045,0.0077972999,0.82782322,0.40845132,,4647,291,0.74142355,1
top_mobility,share_rate_ols,all,provyr_base,top10_turnover_base_share,0.0106061656326044,0.0098306872,1.0788834,0.28155196,,4573,286,0.74142355,1
top_mobility,share_rate_ols,all,provyr_base_policy,top10_turnover_base_share,0.0196323354663571,0.010614847,1.8495166,0.065418482,*,4573,286,0.74142355,1
top_mobility,share_rate_ols,min20,city_year,top10_turnover_base_share,0.0171438113556591,0.0071124756,2.4103858,0.016560115,**,4452,290,0.74824774,1
top_mobility,share_rate_ols,min20,provyr_base,top10_turnover_base_share,0.0074388169067286,0.0097050788,0.76648706,0.44402099,,4371,286,0.74824774,1
top_mobility,share_rate_ols,min20,provyr_base_policy,top10_turnover_base_share,0.0150608188298854,0.010399084,1.4482833,0.14863707,,4371,286,0.74824774,1
top_mobility,share_rate_ols,min50,city_year,top10_turnover_base_share,0.0180617208239692,0.0075599123,2.3891442,0.017533513,**,4156,288,0.74977148,1
top_mobility,share_rate_ols,min50,provyr_base,top10_turnover_base_share,0.0090308026289579,0.0099961506,0.90342802,0.36706713,,4065,284,0.74977148,1
top_mobility,share_rate_ols,min50,provyr_base_policy,top10_turnover_base_share,0.0171342047024769,0.010788346,1.5882143,0.11335447,,4065,284,0.74977148,1
sustained_entry,count_ppml,all,city_year,surv2_applicants,0.0319589240445469,0.047930468,0.66677678,0.5049147,,4059,291,80.763245,1
sustained_entry,count_ppml,all,provyr_base,surv2_applicants,0.0816652152752924,0.048631296,1.6792729,0.093098871,*,3992,286,80.763245,1
sustained_entry,count_ppml,all,provyr_base_policy,surv2_applicants,0.0546042864577416,0.048457403,1.1268513,0.25980535,,3992,286,80.763245,1
sustained_entry,count_ppml,min20,city_year,surv2_applicants,0.0360178013938629,0.048119422,0.74850863,0.45415342,,3874,290,84.565308,1
sustained_entry,count_ppml,min20,provyr_base,surv2_applicants,0.0820708807219554,0.048738625,1.6838982,0.092201352,*,3801,286,84.565308,1
sustained_entry,count_ppml,min20,provyr_base_policy,surv2_applicants,0.0549562652338221,0.048564371,1.131617,0.25779551,,3801,286,84.565308,1
sustained_entry,count_ppml,min50,city_year,surv2_applicants,0.0447292094691276,0.048617799,0.92001718,0.35756376,,3583,286,91.075829,1
sustained_entry,count_ppml,min50,provyr_base,surv2_applicants,0.0824731408573533,0.048902258,1.6864893,0.091701575,*,3497,281,91.075829,1
sustained_entry,count_ppml,min50,provyr_base_policy,surv2_applicants,0.054445300637064,0.048620626,1.1197984,0.26279965,,3497,281,91.075829,1
sustained_entry,count_ppml,all,city_year,surv3_applicants,0.0153458157952424,0.045502275,0.33725381,0.73592556,,3768,291,88.343155,1
sustained_entry,count_ppml,all,provyr_base,surv3_applicants,0.0582011623166302,0.04609381,1.2626675,0.20670867,,3706,286,88.343155,1
sustained_entry,count_ppml,all,provyr_base_policy,surv3_applicants,0.0298674504757892,0.044965349,0.66423261,0.50654149,,3706,286,88.343155,1
sustained_entry,count_ppml,min20,city_year,surv3_applicants,0.0192404846422477,0.045680389,0.42119789,0.67361057,,3584,289,92.781593,1
sustained_entry,count_ppml,min20,provyr_base,surv3_applicants,0.0588599062970276,0.046206266,1.2738513,0.20271614,,3515,285,92.781593,1
sustained_entry,count_ppml,min20,provyr_base_policy,surv3_applicants,0.0304637529981425,0.045074239,0.67585731,0.49913123,,3515,285,92.781593,1
sustained_entry,count_ppml,min50,city_year,surv3_applicants,0.0272148124995605,0.046128143,0.58998287,0.55520213,,3298,285,100.40006,1
sustained_entry,count_ppml,min50,provyr_base,surv3_applicants,0.0591618492762613,0.046384733,1.2754595,0.20214665,,3217,280,100.40006,1
sustained_entry,count_ppml,min50,provyr_base_policy,surv3_applicants,0.0299815411031794,0.04514955,0.66404963,0.50665855,,3217,280,100.40006,1
sustained_entry,share_rate_ols,all,city_year,surv2_entry_pat_share_new,-0.002934751095259,0.0067645488,-0.43384284,0.66472512,,4059,291,0.31781909,1
sustained_entry,share_rate_ols,all,provyr_base,surv2_entry_pat_share_new,-0.0141630818598967,0.0084448652,-1.6771234,0.094614729,*,3992,286,0.31781909,1
sustained_entry,share_rate_ols,all,provyr_base_policy,surv2_entry_pat_share_new,-0.0165289333359934,0.0092074815,-1.7951633,0.073687091,*,3992,286,0.31781909,1
sustained_entry,share_rate_ols,min20,city_year,surv2_entry_pat_share_new,-0.0002287332515872,0.0066568786,-0.034360435,0.97261345,,3874,290,0.32299295,1
sustained_entry,share_rate_ols,min20,provyr_base,surv2_entry_pat_share_new,-0.0135699789461015,0.0083851963,-1.6183257,0.10669854,,3801,286,0.32299295,1
sustained_entry,share_rate_ols,min20,provyr_base_policy,surv2_entry_pat_share_new,-0.0158989761281612,0.009092343,-1.7486115,0.081434838,*,3801,286,0.32299295,1
sustained_entry,share_rate_ols,min50,city_year,surv2_entry_pat_share_new,0.0014043209892368,0.0069500487,0.20205916,0.8400141,,3585,287,0.3267934,1
sustained_entry,share_rate_ols,min50,provyr_base,surv2_entry_pat_share_new,-0.0149170534992718,0.0083547262,-1.785463,0.07526084,*,3501,283,0.3267934,1
sustained_entry,share_rate_ols,min50,provyr_base_policy,surv2_entry_pat_share_new,-0.0180015992645246,0.009225362,-1.9513164,0.0520094,*,3501,283,0.3267934,1
sustained_entry,share_rate_ols,all,city_year,surv3_entry_pat_share_new,-0.0034504849835146,0.0073413067,-0.47000965,0.63870138,,3768,291,0.36469838,1
sustained_entry,share_rate_ols,all,provyr_base,surv3_entry_pat_share_new,-0.0196374428378943,0.0098738121,-1.9888411,0.047674775,**,3706,286,0.36469838,1
sustained_entry,share_rate_ols,all,provyr_base_policy,surv3_entry_pat_share_new,-0.0210177393850029,0.010172709,-2.0660906,0.039723396,**,3706,286,0.36469838,1
sustained_entry,share_rate_ols,min20,city_year,surv3_entry_pat_share_new,5.25122230152e-06,0.0072287475,0.00072643603,0.99942088,,3584,289,0.37002397,1
sustained_entry,share_rate_ols,min20,provyr_base,surv3_entry_pat_share_new,-0.0182358130809583,0.0098876134,-1.8443089,0.066179529,*,3515,285,0.37002397,1
sustained_entry,share_rate_ols,min20,provyr_base_policy,surv3_entry_pat_share_new,-0.0195233943323995,0.010134656,-1.9263994,0.055052362,*,3515,285,0.37002397,1
sustained_entry,share_rate_ols,min50,city_year,surv3_entry_pat_share_new,0.0006424116821737,0.0075209327,0.085416496,0.93199027,,3300,286,0.3734411,1
sustained_entry,share_rate_ols,min50,provyr_base,surv3_entry_pat_share_new,-0.0184858322129715,0.0099832704,-1.851681,0.06512057,*,3221,282,0.3734411,1
sustained_entry,share_rate_ols,min50,provyr_base_policy,surv3_entry_pat_share_new,-0.020459968806032,0.010384415,-1.9702572,0.049790557,**,3221,282,0.3734411,1
quality_entry,count_ppml,all,city_year,qgrant_new_n,0.0021254622343685,0.047208376,0.045022987,0.96408898,,4633,291,142.72285,1
quality_entry,count_ppml,all,provyr_base,qgrant_new_n,0.0285608762259027,0.044897515,0.63613486,0.52468854,,4559,286,142.72285,1
quality_entry,count_ppml,all,provyr_base_policy,qgrant_new_n,0.027096028779071,0.042920347,0.63130963,0.52783811,,4559,286,142.72285,1
quality_entry,count_ppml,min20,city_year,qgrant_new_n,0.0048022301764577,0.047350623,0.10141852,0.91921824,,4448,290,148.51202,1
quality_entry,count_ppml,min20,provyr_base,qgrant_new_n,0.0291609420227941,0.045017045,0.64777553,0.51713014,,4367,286,148.51202,1
quality_entry,count_ppml,min20,provyr_base_policy,qgrant_new_n,0.0279750627908399,0.043025583,0.65019602,0.51556563,,4367,286,148.51202,1
quality_entry,count_ppml,min50,city_year,qgrant_new_n,0.008554266887348,0.047704704,0.17931706,0.85768878,,4155,288,158.46992,1
quality_entry,count_ppml,min50,provyr_base,qgrant_new_n,0.0299642620912872,0.045274321,0.66183794,0.50807512,,4064,284,158.46992,1
quality_entry,count_ppml,min50,provyr_base_policy,qgrant_new_n,0.0283919291379202,0.043181241,0.65750605,0.51085556,,4064,284,158.46992,1
quality_entry,count_ppml,all,city_year,qgrant_new_pat,0.0341291012421502,0.047209676,0.72292602,0.46972534,,4633,291,229.44939,1
quality_entry,count_ppml,all,provyr_base,qgrant_new_pat,0.046143731712439,0.05900554,0.78202367,0.43420064,,4559,286,229.44939,1
quality_entry,count_ppml,all,provyr_base_policy,qgrant_new_pat,0.0466688064271603,0.058597472,0.79643035,0.42578194,,4559,286,229.44939,1
quality_entry,count_ppml,min20,city_year,qgrant_new_pat,0.0368491736049202,0.047342408,0.77835441,0.43636009,,4448,290,238.7986,1
quality_entry,count_ppml,min20,provyr_base,qgrant_new_pat,0.0466708678164084,0.059135064,0.78922492,0.42998055,,4367,286,238.7986,1
quality_entry,count_ppml,min20,provyr_base_policy,qgrant_new_pat,0.0474208619787121,0.05871645,0.80762482,0.41930658,,4367,286,238.7986,1
quality_entry,count_ppml,min50,city_year,qgrant_new_pat,0.0413213772173854,0.047735028,0.86564058,0.38668731,,4155,288,254.95212,1
quality_entry,count_ppml,min50,provyr_base,qgrant_new_pat,0.0467025975349661,0.05934976,0.78690457,0.43133774,,4064,284,254.95212,1
quality_entry,count_ppml,min50,provyr_base_policy,qgrant_new_pat,0.0473155526307663,0.058837865,0.8041684,0.4212997,,4064,284,254.95212,1
quality_entry,count_ppml,all,city_year,qfcited_new_n,0.0023199157584368,0.044363998,0.052292757,0.9582954,,4617,291,109.39918,1
quality_entry,count_ppml,all,provyr_base,qfcited_new_n,0.0211840429003198,0.04654856,0.45509556,0.64904052,,4544,286,109.39918,1
quality_entry,count_ppml,all,provyr_base_policy,qfcited_new_n,0.0193325895736647,0.044558637,0.4338685,0.66438395,,4544,286,109.39918,1
quality_entry,count_ppml,min20,city_year,qfcited_new_n,0.0048095167912308,0.044501297,0.10807588,0.91393548,,4433,290,113.8083,1
quality_entry,count_ppml,min20,provyr_base,qfcited_new_n,0.0216966232810159,0.046683121,0.46476376,0.64210063,,4352,286,113.8083,1
quality_entry,count_ppml,min20,provyr_base_policy,qfcited_new_n,0.0200887994562739,0.044683676,0.44957802,0.65301472,,4352,286,113.8083,1
quality_entry,count_ppml,min50,city_year,qfcited_new_n,0.0083721989165054,0.044802982,0.186867,0.85176492,,4144,288,121.28178,1
quality_entry,count_ppml,min50,provyr_base,qfcited_new_n,0.0221503035039056,0.046934277,0.47194299,0.63696748,,4053,284,121.28178,1
quality_entry,count_ppml,min50,provyr_base_policy,qfcited_new_n,0.0203456138269791,0.044844877,0.45368871,0.65005291,,4053,284,121.28178,1
quality_entry,count_ppml,all,city_year,qfcited_new_pat,0.0279193391765061,0.045249946,0.61700267,0.53723294,,4617,291,165.13406,1
quality_entry,count_ppml,all,provyr_base,qfcited_new_pat,0.030262347590543,0.057690844,0.52456069,0.59988862,,4544,286,165.13406,1
quality_entry,count_ppml,all,provyr_base_policy,qfcited_new_pat,0.0277364271035792,0.057444595,0.48283789,0.62921083,,4544,286,165.13406,1
quality_entry,count_ppml,min20,city_year,qfcited_new_pat,0.030573142600588,0.045393787,0.67350942,0.50062329,,4433,290,171.82161,1
quality_entry,count_ppml,min20,provyr_base,qfcited_new_pat,0.0307183638502781,0.057831552,0.53116959,0.59530127,,4352,286,171.82161,1
quality_entry,count_ppml,min20,provyr_base_policy,qfcited_new_pat,0.0283854570415905,0.057576764,0.49300194,0.62201124,,4352,286,171.82161,1
quality_entry,count_ppml,min50,city_year,qfcited_new_pat,0.0348485479201059,0.045773607,0.76132405,0.44646353,,4144,288,183.20145,1
quality_entry,count_ppml,min50,provyr_base,qfcited_new_pat,0.0304529722739315,0.058021877,0.52485329,0.59968519,,4053,284,183.20145,1
quality_entry,count_ppml,min50,provyr_base_policy,qfcited_new_pat,0.0281141935552566,0.057686944,0.487358,0.62600464,,4053,284,183.20145,1
quality_entry,share_rate_ols,all,city_year,qgrant_share_total,0.0371685371111632,0.0058456473,6.3583269,7.9064777e-10,***,4633,291,0.15185118,1
quality_entry,share_rate_ols,all,provyr_base,qgrant_share_total,0.0078689690336965,0.0068587251,1.1472932,0.25222263,,4559,286,0.15185118,1
quality_entry,share_rate_ols,all,provyr_base_policy,qgrant_share_total,0.0044339974772068,0.0072039361,0.61549646,0.5387181,,4559,286,0.15185118,1
quality_entry,share_rate_ols,min20,city_year,qgrant_share_total,0.0343085956520346,0.0055003501,6.2375298,1.5751666e-09,***,4448,290,0.14376627,1
quality_entry,share_rate_ols,min20,provyr_base,qgrant_share_total,0.0086956601594262,0.0067929956,1.2800921,0.20155367,,4367,286,0.14376627,1
quality_entry,share_rate_ols,min20,provyr_base_policy,qgrant_share_total,0.0056702002116021,0.0070291236,0.80667245,0.42052785,,4367,286,0.14376627,1
quality_entry,share_rate_ols,min50,city_year,qgrant_share_total,0.0282420304756154,0.0054751043,5.1582637,4.6552717e-07,***,4155,288,0.13388561,1
quality_entry,share_rate_ols,min50,provyr_base,qgrant_share_total,0.0090236125668453,0.0069301822,1.3020743,0.19394974,,4064,284,0.13388561,1
quality_entry,share_rate_ols,min50,provyr_base_policy,qgrant_share_total,0.0066478065077312,0.0071914936,0.92439854,0.35606638,,4064,284,0.13388561,1
quality_entry,share_rate_ols,all,city_year,qfcited_share_total,0.0376220977903788,0.0056063845,6.7105813,1.0168648e-10,***,4617,291,0.12446348,1
quality_entry,share_rate_ols,all,provyr_base,qfcited_share_total,0.0095613815831013,0.006250245,1.5297611,0.12718502,,4544,286,0.12446348,1
quality_entry,share_rate_ols,all,provyr_base_policy,qfcited_share_total,0.0057469673283032,0.006556761,0.87649482,0.38149926,,4544,286,0.12446348,1
quality_entry,share_rate_ols,min20,city_year,qfcited_share_total,0.0339339693251691,0.0052433461,6.4718156,4.1370435e-10,***,4433,290,0.11640926,1
quality_entry,share_rate_ols,min20,provyr_base,qfcited_share_total,0.0103253010607072,0.0062073241,1.6634061,0.097330354,*,4352,286,0.11640926,1
quality_entry,share_rate_ols,min20,provyr_base_policy,qfcited_share_total,0.0069562320442195,0.0064438637,1.0795126,0.28127202,,4352,286,0.11640926,1
quality_entry,share_rate_ols,min50,city_year,qfcited_share_total,0.0280892439905741,0.0052071679,5.3943419,1.4398115e-07,***,4144,288,0.10693038,1
quality_entry,share_rate_ols,min50,provyr_base,qfcited_share_total,0.0104708475388474,0.0063028932,1.6612765,0.097765312,*,4053,284,0.10693038,1
quality_entry,share_rate_ols,min50,provyr_base_policy,qfcited_share_total,0.0077721702360889,0.0065486808,1.1868299,0.23629004,,4053,284,0.10693038,1
