block,variant,applicant_sample,city_sample,spec,outcome,coef,se,t,p,sig,N,N_city,mean_diff_y,policy_controls
ddd_robustness,broad,all,all,diff_city_year_fe,ln1p_city_new_applicants_field,0.2428982058558785,0.04157174490477125,5.842867707677113,5.130976454005008e-09,***,4647,291,-2.598847632693757,
ddd_robustness,broad,all,all,diff_city_year_fe_policy_x_high,ln1p_city_new_applicants_field,0.12702993638062396,0.04327857836933204,2.935168879545258,0.0033336619729742683,***,4647,291,-2.598847632693757,"broadband_china_pilot,bigdata_comprehensive_pilot,innovative_city_pilot,ip_demo_city"
ddd_robustness,broad,all,all,diff_city_year_fe,ln1p_city_new_patents_field,0.28317860116482585,0.04934944415864894,5.738232841173677,9.566952873308975e-09,***,4647,291,-2.953275174333199,
ddd_robustness,broad,all,all,diff_city_year_fe_policy_x_high,ln1p_city_new_patents_field,0.12492760265248186,0.050368848166942315,2.4802553006259402,0.013128834283076376,**,4647,291,-2.953275174333199,"broadband_china_pilot,bigdata_comprehensive_pilot,innovative_city_pilot,ip_demo_city"
ddd_robustness,broad,all,all,diff_city_year_fe,city_new_share_total_field,0.03249873830657243,0.014028616518809931,2.3166032276238564,0.02052535539417273,**,4119,291,-0.029035153694490435,
ddd_robustness,broad,all,all,diff_city_year_fe_policy_x_high,city_new_share_total_field,0.03002919628042592,0.017018698776273527,1.7644825068700827,0.07765077797715284,*,4119,291,-0.029035153694490435,"broadband_china_pilot,bigdata_comprehensive_pilot,innovative_city_pilot,ip_demo_city"
ddd_robustness,broad,all,all,diff_city_year_fe,field_new_share_total_field,0.030344197694479554,0.015115826009958741,2.007445552395742,0.044702242612499006,**,4119,291,0.11257662371822706,
ddd_robustness,broad,all,all,diff_city_year_fe_policy_x_high,field_new_share_total_field,0.028895586140635005,0.0171354973243872,1.68629982507195,0.09173806473313821,*,4119,291,0.11257662371822706,"broadband_china_pilot,bigdata_comprehensive_pilot,innovative_city_pilot,ip_demo_city"
ddd_robustness,broad,all,min20,diff_city_year_fe,ln1p_city_new_applicants_field,0.1844720921374377,0.043487791741671916,4.241928245822343,2.2160754919638945e-05,***,4453,291,-2.644794754669692,
ddd_robustness,broad,all,min20,diff_city_year_fe_policy_x_high,ln1p_city_new_applicants_field,0.09775482420544032,0.04157540810892119,2.3512655353697953,0.01870967680825194,**,4453,291,-2.644794754669692,"broadband_china_pilot,bigdata_comprehensive_pilot,innovative_city_pilot,ip_demo_city"
ddd_robustness,broad,all,min20,diff_city_year_fe,ln1p_city_new_patents_field,0.21509671066823166,0.05167358293619192,4.162604922012849,3.146374878436412e-05,***,4453,291,-3.0066810417358836,
ddd_robustness,broad,all,min20,diff_city_year_fe_policy_x_high,ln1p_city_new_patents_field,0.09034664937234568,0.048602559101327526,1.858886672695347,0.06304320355425373,*,4453,291,-3.0066810417358836,"broadband_china_pilot,bigdata_comprehensive_pilot,innovative_city_pilot,ip_demo_city"
ddd_robustness,broad,all,min20,diff_city_year_fe,city_new_share_total_field,0.038143516662004315,0.013681136547259668,2.788037129096885,0.005302846583370388,***,4080,291,-0.029184079327292084,
ddd_robustness,broad,all,min20,diff_city_year_fe_policy_x_high,city_new_share_total_field,0.03419031531691562,0.01691799803905721,2.0209433313553538,0.04328563164156887,**,4080,291,-0.029184079327292084,"broadband_china_pilot,bigdata_comprehensive_pilot,innovative_city_pilot,ip_demo_city"
ddd_robustness,broad,all,min20,diff_city_year_fe,field_new_share_total_field,0.03980302719629299,0.014332090507687363,2.7771961930427156,0.005483007160519902,***,4080,291,0.11341369301657639,
ddd_robustness,broad,all,min20,diff_city_year_fe_policy_x_high,field_new_share_total_field,0.034862331707272765,0.016909464094994647,2.061705297780095,0.039235801891066,**,4080,291,0.11341369301657639,"broadband_china_pilot,bigdata_comprehensive_pilot,innovative_city_pilot,ip_demo_city"
ddd_robustness,broad,all,min50,diff_city_year_fe,ln1p_city_new_applicants_field,0.12360988558005098,0.04215851063430337,2.932026860537919,0.00336757619355967,***,4157,289,-2.6691357830886564,
ddd_robustness,broad,all,min50,diff_city_year_fe_policy_x_high,ln1p_city_new_applicants_field,0.06293393013808533,0.04072657041711898,1.5452793960679714,0.12227869697624288,,4157,289,-2.6691357830886564,"broadband_china_pilot,bigdata_comprehensive_pilot,innovative_city_pilot,ip_demo_city"
ddd_robustness,broad,all,min50,diff_city_year_fe,ln1p_city_new_patents_field,0.14901044611639672,0.05056825716155688,2.9467190383946593,0.0032116486858887136,***,4157,289,-3.035270597510959,
ddd_robustness,broad,all,min50,diff_city_year_fe_policy_x_high,ln1p_city_new_patents_field,0.0557751035966737,0.04806457789487186,1.1604201272435286,0.2458777960093345,,4157,289,-3.035270597510959,"broadband_china_pilot,bigdata_comprehensive_pilot,innovative_city_pilot,ip_demo_city"
ddd_robustness,broad,all,min50,diff_city_year_fe,city_new_share_total_field,0.03794381902917435,0.014085871864564415,2.693750120262627,0.007065311174779386,***,3950,289,-0.03092892233693366,
ddd_robustness,broad,all,min50,diff_city_year_fe_policy_x_high,city_new_share_total_field,0.03246679626876997,0.016880254393034727,1.9233594182186433,0.0544349271677714,*,3950,289,-0.03092892233693366,"broadband_china_pilot,bigdata_comprehensive_pilot,innovative_city_pilot,ip_demo_city"
ddd_robustness,broad,all,min50,diff_city_year_fe,field_new_share_total_field,0.04806833356387019,0.014233896014462366,3.3770327895489967,0.0007327231483556031,***,3950,289,0.11162925584715543,
ddd_robustness,broad,all,min50,diff_city_year_fe_policy_x_high,field_new_share_total_field,0.040472649293348505,0.016843486038643024,2.4028665562754927,0.016267122296191535,**,3950,289,0.11162925584715543,"broadband_china_pilot,bigdata_comprehensive_pilot,innovative_city_pilot,ip_demo_city"
ddd_robustness,broad,no_individual,all,diff_city_year_fe,ln1p_city_new_applicants_field,0.382374784114867,0.041970975350581106,9.110457427327164,8.203535247635246e-20,***,4647,291,-2.3402377156875733,
ddd_robustness,broad,no_individual,all,diff_city_year_fe_policy_x_high,ln1p_city_new_applicants_field,0.18918062417974338,0.044256130601658096,4.274676109453083,1.9141535408420092e-05,***,4647,291,-2.3402377156875733,"broadband_china_pilot,bigdata_comprehensive_pilot,innovative_city_pilot,ip_demo_city"
ddd_robustness,broad,no_individual,all,diff_city_year_fe,ln1p_city_new_patents_field,0.41525953619195205,0.05273514043901828,7.874436907438386,3.4228087565230876e-15,***,4647,291,-2.7656711075268725,
ddd_robustness,broad,no_individual,all,diff_city_year_fe_policy_x_high,ln1p_city_new_patents_field,0.1704533133202052,0.053781254643503244,3.169381496398316,0.0015276373847894979,***,4647,291,-2.7656711075268725,"broadband_china_pilot,bigdata_comprehensive_pilot,innovative_city_pilot,ip_demo_city"
ddd_robustness,broad,no_individual,all,diff_city_year_fe,city_new_share_total_field,0.016925844413831315,0.01504307964806531,1.125158199638207,0.26052200262162734,,3741,291,-0.04169066360538665,
ddd_robustness,broad,no_individual,all,diff_city_year_fe_policy_x_high,city_new_share_total_field,0.01068954988388539,0.018770374138997466,0.5694905069407595,0.569023311227798,,3741,291,-0.04169066360538665,"broadband_china_pilot,bigdata_comprehensive_pilot,innovative_city_pilot,ip_demo_city"
ddd_robustness,broad,no_individual,all,diff_city_year_fe,field_new_share_total_field,0.04435477066479767,0.01855447876764244,2.3905155849567126,0.016824735057524104,**,3741,291,0.12111428046570126,
ddd_robustness,broad,no_individual,all,diff_city_year_fe_policy_x_high,field_new_share_total_field,0.01542601807019454,0.023530707676584474,0.6555696616615169,0.5121010511006363,,3741,291,0.12111428046570126,"broadband_china_pilot,bigdata_comprehensive_pilot,innovative_city_pilot,ip_demo_city"
ddd_robustness,broad,no_individual,min20,diff_city_year_fe,ln1p_city_new_applicants_field,0.3208241658761704,0.04074247421075778,7.874439932552229,3.4227259469599047e-15,***,4453,291,-2.4047751337985863,
ddd_robustness,broad,no_individual,min20,diff_city_year_fe_policy_x_high,ln1p_city_new_applicants_field,0.15799969079308063,0.04162731706794822,3.79557708547918,0.00014730041625626007,***,4453,291,-2.4047751337985863,"broadband_china_pilot,bigdata_comprehensive_pilot,innovative_city_pilot,ip_demo_city"
ddd_robustness,broad,no_individual,min20,diff_city_year_fe,ln1p_city_new_patents_field,0.3378207080403381,0.051615558658192444,6.544939487673627,5.951948076243402e-11,***,4453,291,-2.841511029458866,
ddd_robustness,broad,no_individual,min20,diff_city_year_fe_policy_x_high,ln1p_city_new_patents_field,0.13132659660813117,0.05062496471414043,2.5941074201173593,0.009483685109261248,***,4453,291,-2.841511029458866,"broadband_china_pilot,bigdata_comprehensive_pilot,innovative_city_pilot,ip_demo_city"
ddd_robustness,broad,no_individual,min20,diff_city_year_fe,city_new_share_total_field,0.015722403805501935,0.015069484322235769,1.0433272611925248,0.29679674935655365,,3729,291,-0.04304374704830025,
ddd_robustness,broad,no_individual,min20,diff_city_year_fe_policy_x_high,city_new_share_total_field,0.010350276771323167,0.018729659208591844,0.5526142604119135,0.5805275750024372,,3729,291,-0.04304374704830025,"broadband_china_pilot,bigdata_comprehensive_pilot,innovative_city_pilot,ip_demo_city"
ddd_robustness,broad,no_individual,min20,diff_city_year_fe,field_new_share_total_field,0.045038081843068414,0.018579462886922093,2.424078786194099,0.015347275517755011,**,3729,291,0.12028510673822158,
ddd_robustness,broad,no_individual,min20,diff_city_year_fe_policy_x_high,field_new_share_total_field,0.016071648189671196,0.023516170601911933,0.6834296476980195,0.49433539118003944,,3729,291,0.12028510673822158,"broadband_china_pilot,bigdata_comprehensive_pilot,innovative_city_pilot,ip_demo_city"
ddd_robustness,broad,no_individual,min50,diff_city_year_fe,ln1p_city_new_applicants_field,0.25331319328510754,0.03938280347443088,6.432076209342743,1.2587259787623836e-10,***,4157,289,-2.4591265635129025,
ddd_robustness,broad,no_individual,min50,diff_city_year_fe_policy_x_high,ln1p_city_new_applicants_field,0.1247047551314791,0.04043676751491181,3.0839447066457994,0.0020427555759358553,***,4157,289,-2.4591265635129025,"broadband_china_pilot,bigdata_comprehensive_pilot,innovative_city_pilot,ip_demo_city"
ddd_robustness,broad,no_individual,min50,diff_city_year_fe,ln1p_city_new_patents_field,0.25716816443348905,0.05056452210680301,5.085940768713195,3.6580821337552925e-07,***,4157,289,-2.9016845275232668,
ddd_robustness,broad,no_individual,min50,diff_city_year_fe_policy_x_high,ln1p_city_new_patents_field,0.09054728722211826,0.04953381365911188,1.827989418405337,0.06755113975282145,*,4157,289,-2.9016845275232668,"broadband_china_pilot,bigdata_comprehensive_pilot,innovative_city_pilot,ip_demo_city"
ddd_robustness,broad,no_individual,min50,diff_city_year_fe,city_new_share_total_field,0.015609878848726708,0.015194359552275098,1.0273469437801603,0.30425712493003415,,3668,288,-0.04285421191092284,
ddd_robustness,broad,no_individual,min50,diff_city_year_fe_policy_x_high,city_new_share_total_field,0.010544368635054336,0.01877748861620673,0.5615430716306524,0.5744273765723259,,3668,288,-0.04285421191092284,"broadband_china_pilot,bigdata_comprehensive_pilot,innovative_city_pilot,ip_demo_city"
ddd_robustness,broad,no_individual,min50,diff_city_year_fe,field_new_share_total_field,0.048138847708445925,0.018782401565580233,2.5629761742855592,0.010377916991538392,**,3668,288,0.1192718229227576,
ddd_robustness,broad,no_individual,min50,diff_city_year_fe_policy_x_high,field_new_share_total_field,0.018264370058737562,0.023655878459629496,0.7720858935721647,0.44006355652529455,,3668,288,0.1192718229227576,"broadband_china_pilot,bigdata_comprehensive_pilot,innovative_city_pilot,ip_demo_city"
ddd_robustness,broad,no_oneshot,all,diff_city_year_fe,ln1p_city_new_applicants_field,0.2916814494444075,0.041655770451859045,7.0021859223921785,2.519993523271858e-12,***,4647,291,-2.3350117638260035,
ddd_robustness,broad,no_oneshot,all,diff_city_year_fe_policy_x_high,ln1p_city_new_applicants_field,0.14136572945166825,0.04420164887241621,3.198200362608797,0.0013828816154895622,***,4647,291,-2.3350117638260035,"broadband_china_pilot,bigdata_comprehensive_pilot,innovative_city_pilot,ip_demo_city"
ddd_robustness,broad,no_oneshot,all,diff_city_year_fe,ln1p_city_new_patents_field,0.36670005218375157,0.055107027581349555,6.654324652920632,2.8460383148919025e-11,***,4647,291,-2.9035454374243357,
ddd_robustness,broad,no_oneshot,all,diff_city_year_fe_policy_x_high,ln1p_city_new_patents_field,0.15080340456941124,0.05738915332510724,2.6277335669184043,0.008595580997597016,***,4647,291,-2.9035454374243357,"broadband_china_pilot,bigdata_comprehensive_pilot,innovative_city_pilot,ip_demo_city"
ddd_robustness,broad,no_oneshot,all,diff_city_year_fe,city_new_share_total_field,0.02043036242536339,0.014131200687699453,1.445762669208078,0.14824378001225533,,3961,291,-0.047479690082052106,
ddd_robustness,broad,no_oneshot,all,diff_city_year_fe_policy_x_high,city_new_share_total_field,0.021430228843511263,0.01679049750800973,1.2763307837238413,0.20183861260831132,,3961,291,-0.047479690082052106,"broadband_china_pilot,bigdata_comprehensive_pilot,innovative_city_pilot,ip_demo_city"
ddd_robustness,broad,no_oneshot,all,diff_city_year_fe,field_new_share_total_field,0.03163489376863462,0.016263548992846506,1.9451408657820732,0.05175802663392066,*,3961,291,0.1204481674621842,
ddd_robustness,broad,no_oneshot,all,diff_city_year_fe_policy_x_high,field_new_share_total_field,0.025866166906769225,0.018088409467287733,1.42998570181349,0.15272112282508876,,3961,291,0.1204481674621842,"broadband_china_pilot,bigdata_comprehensive_pilot,innovative_city_pilot,ip_demo_city"
ddd_robustness,broad,no_oneshot,min20,diff_city_year_fe,ln1p_city_new_applicants_field,0.23847558126656898,0.041894420603031106,5.6922993046313906,1.2533988599981125e-08,***,4453,291,-2.392869970723297,
ddd_robustness,broad,no_oneshot,min20,diff_city_year_fe_policy_x_high,ln1p_city_new_applicants_field,0.11403435407516839,0.042510029241565855,2.6825282435625053,0.00730679816818943,***,4453,291,-2.392869970723297,"broadband_china_pilot,bigdata_comprehensive_pilot,innovative_city_pilot,ip_demo_city"
ddd_robustness,broad,no_oneshot,min20,diff_city_year_fe,ln1p_city_new_patents_field,0.2931853318705297,0.055669410724896666,5.26654275755447,1.3901687979820713e-07,***,4453,291,-2.9744087395810537,
ddd_robustness,broad,no_oneshot,min20,diff_city_year_fe_policy_x_high,ln1p_city_new_patents_field,0.11311874099312275,0.05499130757772138,2.057029482945965,0.03968338995002532,**,4453,291,-2.9744087395810537,"broadband_china_pilot,bigdata_comprehensive_pilot,innovative_city_pilot,ip_demo_city"
ddd_robustness,broad,no_oneshot,min20,diff_city_year_fe,city_new_share_total_field,0.0250989401731865,0.013970954169690223,1.7965086613510104,0.07241365645863174,*,3940,291,-0.04709397096718314,
ddd_robustness,broad,no_oneshot,min20,diff_city_year_fe_policy_x_high,city_new_share_total_field,0.024867590415000664,0.01673682119543016,1.4858012835669498,0.137331690552954,,3940,291,-0.04709397096718314,"broadband_china_pilot,bigdata_comprehensive_pilot,innovative_city_pilot,ip_demo_city"
ddd_robustness,broad,no_oneshot,min20,diff_city_year_fe,field_new_share_total_field,0.03936289032780281,0.01578773510520789,2.493257586695776,0.01265769826843663,**,3940,291,0.12122131932030926,
ddd_robustness,broad,no_oneshot,min20,diff_city_year_fe_policy_x_high,field_new_share_total_field,0.030362774888738068,0.017940713434788966,1.6923950655084536,0.09057067258009356,*,3940,291,0.12122131932030926,"broadband_china_pilot,bigdata_comprehensive_pilot,innovative_city_pilot,ip_demo_city"
ddd_robustness,broad,no_oneshot,min50,diff_city_year_fe,ln1p_city_new_applicants_field,0.17832703012223208,0.04027431269576935,4.427810636256112,9.519441832358045e-06,***,4157,289,-2.4392340730906468,
ddd_robustness,broad,no_oneshot,min50,diff_city_year_fe_policy_x_high,ln1p_city_new_applicants_field,0.08405636289032606,0.04142133271846539,2.029301265163161,0.042427614536377105,**,4157,289,-2.4392340730906468,"broadband_china_pilot,bigdata_comprehensive_pilot,innovative_city_pilot,ip_demo_city"
ddd_robustness,broad,no_oneshot,min50,diff_city_year_fe,ln1p_city_new_patents_field,0.21950867645180933,0.05390748954674593,4.071951379992611,4.6620912228104535e-05,***,4157,289,-3.025760233175946,
ddd_robustness,broad,no_oneshot,min50,diff_city_year_fe_policy_x_high,ln1p_city_new_patents_field,0.07945333314321537,0.05380552889895885,1.4766759990859009,0.13976250875416163,,4157,289,-3.025760233175946,"broadband_china_pilot,bigdata_comprehensive_pilot,innovative_city_pilot,ip_demo_city"
ddd_robustness,broad,no_oneshot,min50,diff_city_year_fe,city_new_share_total_field,0.025777367814494398,0.01398798207137709,1.8428224802519115,0.06535493345762326,*,3845,288,-0.04730800095671076,
ddd_robustness,broad,no_oneshot,min50,diff_city_year_fe_policy_x_high,city_new_share_total_field,0.02387606198803874,0.016426782619334057,1.4534837735015136,0.14608948174977665,,3845,288,-0.04730800095671076,"broadband_china_pilot,bigdata_comprehensive_pilot,innovative_city_pilot,ip_demo_city"
ddd_robustness,broad,no_oneshot,min50,diff_city_year_fe,field_new_share_total_field,0.04777490477058419,0.015496468228093127,3.082954391115671,0.002049565643520343,***,3845,288,0.11956718782757458,
ddd_robustness,broad,no_oneshot,min50,diff_city_year_fe_policy_x_high,field_new_share_total_field,0.0364834362022569,0.017778927554558784,2.0520605694746754,0.04016377636272818,**,3845,288,0.11956718782757458,"broadband_china_pilot,bigdata_comprehensive_pilot,innovative_city_pilot,ip_demo_city"
ddd_robustness,broad,no_individual_no_oneshot,all,diff_city_year_fe,ln1p_city_new_applicants_field,0.3689196948894118,0.04419175771563235,8.348156171188242,6.933685550982799e-17,***,4647,291,-2.1195658095222822,
ddd_robustness,broad,no_individual_no_oneshot,all,diff_city_year_fe_policy_x_high,ln1p_city_new_applicants_field,0.1728268730626621,0.045227606040980216,3.821269534055498,0.00013276645056469404,***,4647,291,-2.1195658095222822,"broadband_china_pilot,bigdata_comprehensive_pilot,innovative_city_pilot,ip_demo_city"
ddd_robustness,broad,no_individual_no_oneshot,all,diff_city_year_fe,ln1p_city_new_patents_field,0.4434072049102691,0.05885507222036841,7.533882606583836,4.925341069434902e-14,***,4647,291,-2.6942438045129458,
ddd_robustness,broad,no_individual_no_oneshot,all,diff_city_year_fe_policy_x_high,ln1p_city_new_patents_field,0.1707175147918311,0.058739519040977434,2.9063485295604203,0.0036567389338758027,***,4647,291,-2.6942438045129458,"broadband_china_pilot,bigdata_comprehensive_pilot,innovative_city_pilot,ip_demo_city"
ddd_robustness,broad,no_individual_no_oneshot,all,diff_city_year_fe,city_new_share_total_field,0.010360512753054038,0.015512510712771922,0.6678811022205395,0.5042094912613823,,3675,291,-0.04461025638127237,
ddd_robustness,broad,no_individual_no_oneshot,all,diff_city_year_fe_policy_x_high,city_new_share_total_field,0.0046627246846066735,0.018949822895096818,0.24605637268584354,0.8056385944959567,,3675,291,-0.04461025638127237,"broadband_china_pilot,bigdata_comprehensive_pilot,innovative_city_pilot,ip_demo_city"
ddd_robustness,broad,no_individual_no_oneshot,all,diff_city_year_fe,field_new_share_total_field,0.04755666538145372,0.01974819905518166,2.4081520167265835,0.016033503251691165,**,3675,291,0.12842005472927662,
ddd_robustness,broad,no_individual_no_oneshot,all,diff_city_year_fe_policy_x_high,field_new_share_total_field,0.016308793974871054,0.025044509240017818,0.6511923958490572,0.514922298398002,,3675,291,0.12842005472927662,"broadband_china_pilot,bigdata_comprehensive_pilot,innovative_city_pilot,ip_demo_city"
ddd_robustness,broad,no_individual_no_oneshot,min20,diff_city_year_fe,ln1p_city_new_applicants_field,0.31761012383305115,0.04326960809029865,7.3402588525931565,2.1318114719790307e-13,***,4453,291,-2.185567470041614,
ddd_robustness,broad,no_individual_no_oneshot,min20,diff_city_year_fe_policy_x_high,ln1p_city_new_applicants_field,0.14565628257222238,0.04406553820791855,3.305446580158824,0.0009482517822644336,***,4453,291,-2.185567470041614,"broadband_china_pilot,bigdata_comprehensive_pilot,innovative_city_pilot,ip_demo_city"
ddd_robustness,broad,no_individual_no_oneshot,min20,diff_city_year_fe,ln1p_city_new_patents_field,0.36918486205303974,0.05767179200785803,6.4014806753835,1.5387729222150765e-10,***,4453,291,-2.776877759069405,
ddd_robustness,broad,no_individual_no_oneshot,min20,diff_city_year_fe_policy_x_high,ln1p_city_new_patents_field,0.1324485881913794,0.05664263059050252,2.338319862806434,0.019370661382057616,**,4453,291,-2.776877759069405,"broadband_china_pilot,bigdata_comprehensive_pilot,innovative_city_pilot,ip_demo_city"
ddd_robustness,broad,no_individual_no_oneshot,min20,diff_city_year_fe,city_new_share_total_field,0.009003621893070215,0.015543457281001559,0.5792547777691102,0.5624172743540197,,3668,291,-0.04539538566487415,
ddd_robustness,broad,no_individual_no_oneshot,min20,diff_city_year_fe_policy_x_high,city_new_share_total_field,0.003837574401604647,0.018966515264543023,0.20233418464480957,0.8396554771219438,,3668,291,-0.04539538566487415,"broadband_china_pilot,bigdata_comprehensive_pilot,innovative_city_pilot,ip_demo_city"
ddd_robustness,broad,no_individual_no_oneshot,min20,diff_city_year_fe,field_new_share_total_field,0.047472110792355485,0.019791672019016233,2.3985902124258796,0.016458321831841313,**,3668,291,0.1279651359630614,
ddd_robustness,broad,no_individual_no_oneshot,min20,diff_city_year_fe_policy_x_high,field_new_share_total_field,0.0162763207996489,0.025056504057683022,0.6495846652102342,0.5159605411353825,,3668,291,0.1279651359630614,"broadband_china_pilot,bigdata_comprehensive_pilot,innovative_city_pilot,ip_demo_city"
ddd_robustness,broad,no_individual_no_oneshot,min50,diff_city_year_fe,ln1p_city_new_applicants_field,0.26147995563936377,0.04157861730393755,6.288808348963574,3.199121180760686e-10,***,4157,289,-2.249570048247929,
ddd_robustness,broad,no_individual_no_oneshot,min50,diff_city_year_fe_policy_x_high,ln1p_city_new_applicants_field,0.11965778596266782,0.04295382848763648,2.7857304034519124,0.005340726986573115,***,4157,289,-2.249570048247929,"broadband_china_pilot,bigdata_comprehensive_pilot,innovative_city_pilot,ip_demo_city"
ddd_robustness,broad,no_individual_no_oneshot,min50,diff_city_year_fe,ln1p_city_new_patents_field,0.29063507295487,0.05610548916054411,5.180153979644074,2.2170281702731632e-07,***,4157,289,-2.850737069891358,
ddd_robustness,broad,no_individual_no_oneshot,min50,diff_city_year_fe_policy_x_high,ln1p_city_new_patents_field,0.09387348573943241,0.055318109467763395,1.6969756675096994,0.08970126090448477,*,4157,289,-2.850737069891358,"broadband_china_pilot,bigdata_comprehensive_pilot,innovative_city_pilot,ip_demo_city"
ddd_robustness,broad,no_individual_no_oneshot,min50,diff_city_year_fe,city_new_share_total_field,0.00845190389029849,0.015556382515515369,0.5433077954896564,0.5869178978415965,,3614,288,-0.04502938291623955,
ddd_robustness,broad,no_individual_no_oneshot,min50,diff_city_year_fe_policy_x_high,city_new_share_total_field,0.004457942073315586,0.018922877721325036,0.23558478467002572,0.8137548812573643,,3614,288,-0.04502938291623955,"broadband_china_pilot,bigdata_comprehensive_pilot,innovative_city_pilot,ip_demo_city"
ddd_robustness,broad,no_individual_no_oneshot,min50,diff_city_year_fe,field_new_share_total_field,0.05058962271820227,0.019981399417088326,2.531835817011767,0.011346710687921847,**,3614,288,0.1266671841372379,
ddd_robustness,broad,no_individual_no_oneshot,min50,diff_city_year_fe_policy_x_high,field_new_share_total_field,0.019228204239278332,0.025170702982064804,0.7639120867215844,0.44491963413666713,,3614,288,0.1266671841372379,"broadband_china_pilot,bigdata_comprehensive_pilot,innovative_city_pilot,ip_demo_city"
ddd_robustness,g06_g16_g10l,all,all,diff_city_year_fe,ln1p_city_new_applicants_field,0.3685687789333628,0.04830114607908059,7.63064251787995,2.33586574830763e-14,***,4647,291,-2.9542362857280633,
ddd_robustness,g06_g16_g10l,all,all,diff_city_year_fe_policy_x_high,ln1p_city_new_applicants_field,0.17215919677276592,0.04764957691994426,3.613026765421432,0.00030264344983679727,***,4647,291,-2.9542362857280633,"broadband_china_pilot,bigdata_comprehensive_pilot,innovative_city_pilot,ip_demo_city"
ddd_robustness,g06_g16_g10l,all,all,diff_city_year_fe,ln1p_city_new_patents_field,0.4262673229215831,0.058064071890416666,7.341326728274761,2.1148682257147923e-13,***,4647,291,-3.364925833575919,
ddd_robustness,g06_g16_g10l,all,all,diff_city_year_fe_policy_x_high,ln1p_city_new_patents_field,0.16999295931801842,0.0560596787917123,3.032356998505487,0.0024265203881654006,***,4647,291,-3.364925833575919,"broadband_china_pilot,bigdata_comprehensive_pilot,innovative_city_pilot,ip_demo_city"
ddd_robustness,g06_g16_g10l,all,all,diff_city_year_fe,city_new_share_total_field,0.022054515725297756,0.016149893336922537,1.3656137081026927,0.17206024167317993,,3889,291,-0.023909746642378313,
ddd_robustness,g06_g16_g10l,all,all,diff_city_year_fe_policy_x_high,city_new_share_total_field,0.0160473568546523,0.018852395332201025,0.8512104998796863,0.3946524311823846,,3889,291,-0.023909746642378313,"broadband_china_pilot,bigdata_comprehensive_pilot,innovative_city_pilot,ip_demo_city"
ddd_robustness,g06_g16_g10l,all,all,diff_city_year_fe,field_new_share_total_field,0.01408359703920458,0.01774720414848617,0.7935670836584086,0.4274475013903422,,3889,291,0.13939655797427486,
ddd_robustness,g06_g16_g10l,all,all,diff_city_year_fe_policy_x_high,field_new_share_total_field,0.017293820593247328,0.020835565344417998,0.8300144636046782,0.40653060614275555,,3889,291,0.13939655797427486,"broadband_china_pilot,bigdata_comprehensive_pilot,innovative_city_pilot,ip_demo_city"
ddd_robustness,g06_g16_g10l,all,min20,diff_city_year_fe,ln1p_city_new_applicants_field,0.3085722146736445,0.050070837137738355,6.162713314035523,7.150890323353915e-10,***,4453,291,-3.0141242263440597,
ddd_robustness,g06_g16_g10l,all,min20,diff_city_year_fe_policy_x_high,ln1p_city_new_applicants_field,0.14200912665459903,0.04681751716323198,3.0332477085334535,0.0024193691694671254,***,4453,291,-3.0141242263440597,"broadband_china_pilot,bigdata_comprehensive_pilot,innovative_city_pilot,ip_demo_city"
ddd_robustness,g06_g16_g10l,all,min20,diff_city_year_fe,ln1p_city_new_patents_field,0.3557915213737371,0.06007591144221914,5.922365767449679,3.1734281392505205e-09,***,4453,291,-3.4347615123360375,
ddd_robustness,g06_g16_g10l,all,min20,diff_city_year_fe_policy_x_high,ln1p_city_new_patents_field,0.13458531895617376,0.05500960076154165,2.446578726131478,0.014421929727653186,**,4453,291,-3.4347615123360375,"broadband_china_pilot,bigdata_comprehensive_pilot,innovative_city_pilot,ip_demo_city"
ddd_robustness,g06_g16_g10l,all,min20,diff_city_year_fe,city_new_share_total_field,0.028148728044928222,0.015575957289181524,1.8071908854346483,0.07073252158455214,*,3860,291,-0.024016633107192042,
ddd_robustness,g06_g16_g10l,all,min20,diff_city_year_fe_policy_x_high,city_new_share_total_field,0.019629699878105023,0.01871070516529565,1.049115984923642,0.2941247399448462,,3860,291,-0.024016633107192042,"broadband_china_pilot,bigdata_comprehensive_pilot,innovative_city_pilot,ip_demo_city"
ddd_robustness,g06_g16_g10l,all,min20,diff_city_year_fe,field_new_share_total_field,0.023442496007389808,0.017063123636577804,1.3738689648322477,0.16948236607627223,,3860,291,0.1402575168032132,
ddd_robustness,g06_g16_g10l,all,min20,diff_city_year_fe_policy_x_high,field_new_share_total_field,0.02278435465604516,0.02068034609485948,1.1017395236779268,0.27057492890070417,,3860,291,0.1402575168032132,"broadband_china_pilot,bigdata_comprehensive_pilot,innovative_city_pilot,ip_demo_city"
ddd_robustness,g06_g16_g10l,all,min50,diff_city_year_fe,ln1p_city_new_applicants_field,0.24350664741531752,0.04937177567765718,4.932102280565019,8.134929829012348e-07,***,4157,289,-3.058486517902547,
ddd_robustness,g06_g16_g10l,all,min50,diff_city_year_fe_policy_x_high,ln1p_city_new_applicants_field,0.10791713936987199,0.04705649036511579,2.2933529154540135,0.0218276950608719,**,4157,289,-3.058486517902547,"broadband_china_pilot,bigdata_comprehensive_pilot,innovative_city_pilot,ip_demo_city"
ddd_robustness,g06_g16_g10l,all,min50,diff_city_year_fe,ln1p_city_new_patents_field,0.2825047059544648,0.05957998047842605,4.74160454041706,2.120321989385473e-06,***,4157,289,-3.48653531051199,
ddd_robustness,g06_g16_g10l,all,min50,diff_city_year_fe_policy_x_high,ln1p_city_new_patents_field,0.0986458298939696,0.05560724975219128,1.7739742629526885,0.07606740756734455,*,4157,289,-3.48653531051199,"broadband_china_pilot,bigdata_comprehensive_pilot,innovative_city_pilot,ip_demo_city"
ddd_robustness,g06_g16_g10l,all,min50,diff_city_year_fe,city_new_share_total_field,0.026716082146186013,0.016351326477378827,1.6338785836822636,0.10228434745180065,,3764,288,-0.02621384214319915,
ddd_robustness,g06_g16_g10l,all,min50,diff_city_year_fe_policy_x_high,city_new_share_total_field,0.018868501055788984,0.0189847901508104,0.9938746178336634,0.3202839129433542,,3764,288,-0.02621384214319915,"broadband_china_pilot,bigdata_comprehensive_pilot,innovative_city_pilot,ip_demo_city"
ddd_robustness,g06_g16_g10l,all,min50,diff_city_year_fe,field_new_share_total_field,0.0303945143775583,0.017442824915290884,1.7425224712835128,0.08141706289495182,*,3764,288,0.13910898554438558,
ddd_robustness,g06_g16_g10l,all,min50,diff_city_year_fe_policy_x_high,field_new_share_total_field,0.027083212804447095,0.02090366052583802,1.295620581427393,0.19510623481251524,,3764,288,0.13910898554438558,"broadband_china_pilot,bigdata_comprehensive_pilot,innovative_city_pilot,ip_demo_city"
ddd_robustness,g06_g16_g10l,no_individual,all,diff_city_year_fe,ln1p_city_new_applicants_field,0.521641593331865,0.05263891692186003,9.90980863276912,3.7736828171091074e-23,***,4647,291,-2.6439126052506072,
ddd_robustness,g06_g16_g10l,no_individual,all,diff_city_year_fe_policy_x_high,ln1p_city_new_applicants_field,0.23828559309777686,0.049463029812518614,4.81744838520727,1.4540568768199904e-06,***,4647,291,-2.6439126052506072,"broadband_china_pilot,bigdata_comprehensive_pilot,innovative_city_pilot,ip_demo_city"
ddd_robustness,g06_g16_g10l,no_individual,all,diff_city_year_fe,ln1p_city_new_patents_field,0.5802048571848873,0.06563019002418755,8.840517709472682,9.527608435012356e-19,***,4647,291,-3.1304716397723142,
ddd_robustness,g06_g16_g10l,no_individual,all,diff_city_year_fe_policy_x_high,ln1p_city_new_patents_field,0.22274435397537518,0.06029890417472013,3.694003349214414,0.00022075089170375876,***,4647,291,-3.1304716397723142,"broadband_china_pilot,bigdata_comprehensive_pilot,innovative_city_pilot,ip_demo_city"
ddd_robustness,g06_g16_g10l,no_individual,all,diff_city_year_fe,city_new_share_total_field,0.00046907861378104546,0.01671827043918174,0.028057843392800392,0.9776160169234025,,3426,291,-0.04754051355393778,
ddd_robustness,g06_g16_g10l,no_individual,all,diff_city_year_fe_policy_x_high,city_new_share_total_field,-0.0023804437720925165,0.021516706183385748,-0.11063235012850574,0.9119078932519776,,3426,291,-0.04754051355393778,"broadband_china_pilot,bigdata_comprehensive_pilot,innovative_city_pilot,ip_demo_city"
ddd_robustness,g06_g16_g10l,no_individual,all,diff_city_year_fe,field_new_share_total_field,0.056128053025477506,0.021118532020417302,2.6577630003455335,0.007866118819823449,***,3426,291,0.14964095996876384,
ddd_robustness,g06_g16_g10l,no_individual,all,diff_city_year_fe_policy_x_high,field_new_share_total_field,0.021339235667731986,0.026264359897890638,0.8124788020988777,0.4165169452317673,,3426,291,0.14964095996876384,"broadband_china_pilot,bigdata_comprehensive_pilot,innovative_city_pilot,ip_demo_city"
ddd_robustness,g06_g16_g10l,no_individual,min20,diff_city_year_fe,ln1p_city_new_applicants_field,0.4608174785726278,0.051770175593945984,8.90121529018951,5.523849588762664e-19,***,4453,291,-2.7211219348651996,
ddd_robustness,g06_g16_g10l,no_individual,min20,diff_city_year_fe_policy_x_high,ln1p_city_new_applicants_field,0.2072804592180238,0.048008475223426626,4.317580557461184,1.5774884210345254e-05,***,4453,291,-2.7211219348651996,"broadband_china_pilot,bigdata_comprehensive_pilot,innovative_city_pilot,ip_demo_city"
ddd_robustness,g06_g16_g10l,no_individual,min20,diff_city_year_fe,ln1p_city_new_patents_field,0.5036360282261128,0.06477750047519988,7.77486047673189,7.553060824769448e-15,***,4453,291,-3.2216729314868107,
ddd_robustness,g06_g16_g10l,no_individual,min20,diff_city_year_fe_policy_x_high,ln1p_city_new_patents_field,0.1846824602320465,0.0582931569185642,3.1681670713090515,0.0015340333671570031,***,4453,291,-3.2216729314868107,"broadband_china_pilot,bigdata_comprehensive_pilot,innovative_city_pilot,ip_demo_city"
ddd_robustness,g06_g16_g10l,no_individual,min20,diff_city_year_fe,city_new_share_total_field,-0.0013574553540894206,0.016765111970690128,-0.08096905982272073,0.935466558374711,,3415,291,-0.04894001424367205,
ddd_robustness,g06_g16_g10l,no_individual,min20,diff_city_year_fe_policy_x_high,city_new_share_total_field,-0.0033544146357590036,0.021499741263090632,-0.15602116298569815,0.8760163398485058,,3415,291,-0.04894001424367205,"broadband_china_pilot,bigdata_comprehensive_pilot,innovative_city_pilot,ip_demo_city"
ddd_robustness,g06_g16_g10l,no_individual,min20,diff_city_year_fe,field_new_share_total_field,0.05773094850636297,0.02115280781378923,2.729233348810031,0.006348176568227293,***,3415,291,0.1488765972610939,
ddd_robustness,g06_g16_g10l,no_individual,min20,diff_city_year_fe_policy_x_high,field_new_share_total_field,0.0224222268588943,0.026277971351848606,0.8532708464695444,0.3935091232764059,,3415,291,0.1488765972610939,"broadband_china_pilot,bigdata_comprehensive_pilot,innovative_city_pilot,ip_demo_city"
ddd_robustness,g06_g16_g10l,no_individual,min50,diff_city_year_fe,ln1p_city_new_applicants_field,0.39716731211687695,0.049844347473932904,7.968151500520365,1.6106533804246748e-15,***,4157,289,-2.7945719253811188,
ddd_robustness,g06_g16_g10l,no_individual,min50,diff_city_year_fe_policy_x_high,ln1p_city_new_applicants_field,0.17797524416325552,0.04705084800716447,3.7826150154861202,0.00015518934532547738,***,4157,289,-2.7945719253811188,"broadband_china_pilot,bigdata_comprehensive_pilot,innovative_city_pilot,ip_demo_city"
ddd_robustness,g06_g16_g10l,no_individual,min50,diff_city_year_fe,ln1p_city_new_patents_field,0.42640620037203886,0.06323952212530243,6.742716991554111,1.5545182562019345e-11,***,4157,289,-3.3043167732367333,
ddd_robustness,g06_g16_g10l,no_individual,min50,diff_city_year_fe_policy_x_high,ln1p_city_new_patents_field,0.1474965977265411,0.0575769423734536,2.561730297691977,0.010415216367889418,**,4157,289,-3.3043167732367333,"broadband_china_pilot,bigdata_comprehensive_pilot,innovative_city_pilot,ip_demo_city"
ddd_robustness,g06_g16_g10l,no_individual,min50,diff_city_year_fe,city_new_share_total_field,-0.0010259812010279517,0.016834415086329844,-0.06094546176784518,0.9514026434579922,,3379,286,-0.04914143675420824,
ddd_robustness,g06_g16_g10l,no_individual,min50,diff_city_year_fe_policy_x_high,city_new_share_total_field,-0.0025102813323447885,0.021506384189024386,-0.11672261177338637,0.9070798711511877,,3379,286,-0.04914143675420824,"broadband_china_pilot,bigdata_comprehensive_pilot,innovative_city_pilot,ip_demo_city"
ddd_robustness,g06_g16_g10l,no_individual,min50,diff_city_year_fe,field_new_share_total_field,0.06051536829523918,0.021190453624549712,2.8557844663188567,0.004293064581040023,***,3379,286,0.14772461679874893,
ddd_robustness,g06_g16_g10l,no_individual,min50,diff_city_year_fe_policy_x_high,field_new_share_total_field,0.024229342939929732,0.026328841777028048,0.9202585949325681,0.35743764067682904,,3379,286,0.14772461679874893,"broadband_china_pilot,bigdata_comprehensive_pilot,innovative_city_pilot,ip_demo_city"
ddd_robustness,g06_g16_g10l,no_oneshot,all,diff_city_year_fe,ln1p_city_new_applicants_field,0.41471509041679583,0.05033298586562969,8.239429536803767,1.7303367922074469e-16,***,4647,291,-2.649076050601518,
ddd_robustness,g06_g16_g10l,no_oneshot,all,diff_city_year_fe_policy_x_high,ln1p_city_new_applicants_field,0.18330220713743675,0.04888640074174112,3.7495541573165183,0.00017714923777608545,***,4647,291,-2.649076050601518,"broadband_china_pilot,bigdata_comprehensive_pilot,innovative_city_pilot,ip_demo_city"
ddd_robustness,g06_g16_g10l,no_oneshot,all,diff_city_year_fe,ln1p_city_new_patents_field,0.521535503713005,0.06627523271600065,7.869236852745025,3.5681108445499566e-15,***,4647,291,-3.2980179645488565,
ddd_robustness,g06_g16_g10l,no_oneshot,all,diff_city_year_fe_policy_x_high,ln1p_city_new_patents_field,0.19674798316798492,0.06327534543140556,3.1093940590379243,0.0018747150182252946,***,4647,291,-3.2980179645488565,"broadband_china_pilot,bigdata_comprehensive_pilot,innovative_city_pilot,ip_demo_city"
ddd_robustness,g06_g16_g10l,no_oneshot,all,diff_city_year_fe,city_new_share_total_field,0.005353307080631727,0.014901966529826562,0.35923494190629024,0.7194193389731819,,3680,291,-0.05178081275729278,
ddd_robustness,g06_g16_g10l,no_oneshot,all,diff_city_year_fe_policy_x_high,city_new_share_total_field,0.0027274234580123282,0.01736057137427158,0.15710447537771585,0.8751625105428718,,3680,291,-0.05178081275729278,"broadband_china_pilot,bigdata_comprehensive_pilot,innovative_city_pilot,ip_demo_city"
ddd_robustness,g06_g16_g10l,no_oneshot,all,diff_city_year_fe,field_new_share_total_field,0.018884156587471803,0.018694151432607078,1.0101638823002852,0.312416780170698,,3680,291,0.14369768837913388,
ddd_robustness,g06_g16_g10l,no_oneshot,all,diff_city_year_fe_policy_x_high,field_new_share_total_field,0.018680360338105613,0.021887756033230735,0.8534616481353527,0.39340334701091195,,3680,291,0.14369768837913388,"broadband_china_pilot,bigdata_comprehensive_pilot,innovative_city_pilot,ip_demo_city"
ddd_robustness,g06_g16_g10l,no_oneshot,min20,diff_city_year_fe,ln1p_city_new_applicants_field,0.3623628975818653,0.050556535111167054,7.1674788785481,7.639144876088416e-13,***,4453,291,-2.720149849255553,
ddd_robustness,g06_g16_g10l,no_oneshot,min20,diff_city_year_fe_policy_x_high,ln1p_city_new_applicants_field,0.15613277952231785,0.04796479810784659,3.2551534809186657,0.0011333110182577381,***,4453,291,-2.720149849255553,"broadband_china_pilot,bigdata_comprehensive_pilot,innovative_city_pilot,ip_demo_city"
ddd_robustness,g06_g16_g10l,no_oneshot,min20,diff_city_year_fe,ln1p_city_new_patents_field,0.44809338330885057,0.06663932854546055,6.7241581373852926,1.7661054493871378e-11,***,4453,291,-3.385614427999447,
ddd_robustness,g06_g16_g10l,no_oneshot,min20,diff_city_year_fe_policy_x_high,ln1p_city_new_patents_field,0.1594475442595224,0.06165814973054538,2.5859930107590023,0.009709889945126508,***,4453,291,-3.385614427999447,"broadband_china_pilot,bigdata_comprehensive_pilot,innovative_city_pilot,ip_demo_city"
ddd_robustness,g06_g16_g10l,no_oneshot,min20,diff_city_year_fe,city_new_share_total_field,0.007607903569416048,0.0148664427502575,0.5117501003583572,0.6088259175481336,,3665,291,-0.051737790375156405,
ddd_robustness,g06_g16_g10l,no_oneshot,min20,diff_city_year_fe_policy_x_high,city_new_share_total_field,0.004021083676880688,0.017360364887152816,0.2316243755830506,0.8168297733360462,,3665,291,-0.051737790375156405,"broadband_china_pilot,bigdata_comprehensive_pilot,innovative_city_pilot,ip_demo_city"
ddd_robustness,g06_g16_g10l,no_oneshot,min20,diff_city_year_fe,field_new_share_total_field,0.02458852934528786,0.018563002842874154,1.324598695233554,0.18530428890980108,,3665,291,0.14426790790098276,
ddd_robustness,g06_g16_g10l,no_oneshot,min20,diff_city_year_fe_policy_x_high,field_new_share_total_field,0.02177315283869765,0.021853352074525753,0.9963301174321174,0.3190897750142229,,3665,291,0.14426790790098276,"broadband_china_pilot,bigdata_comprehensive_pilot,innovative_city_pilot,ip_demo_city"
ddd_robustness,g06_g16_g10l,no_oneshot,min50,diff_city_year_fe,ln1p_city_new_applicants_field,0.3035414083341954,0.04879674493201496,6.22052574935271,4.954917387601594e-10,***,4157,289,-2.7859221373262173,
ddd_robustness,g06_g16_g10l,no_oneshot,min50,diff_city_year_fe_policy_x_high,ln1p_city_new_applicants_field,0.12790510874549435,0.04757223360461548,2.688650480625844,0.007174149229395506,***,4157,289,-2.7859221373262173,"broadband_china_pilot,bigdata_comprehensive_pilot,innovative_city_pilot,ip_demo_city"
ddd_robustness,g06_g16_g10l,no_oneshot,min50,diff_city_year_fe,ln1p_city_new_patents_field,0.37251884478691405,0.06472237067171284,5.755642769582988,8.631273841286456e-09,***,4157,289,-3.4611274550846165,
ddd_robustness,g06_g16_g10l,no_oneshot,min50,diff_city_year_fe_policy_x_high,ln1p_city_new_patents_field,0.1256956907060295,0.06140133975546208,2.047116418088385,0.040646655326388524,**,4157,289,-3.4611274550846165,"broadband_china_pilot,bigdata_comprehensive_pilot,innovative_city_pilot,ip_demo_city"
ddd_robustness,g06_g16_g10l,no_oneshot,min50,diff_city_year_fe,city_new_share_total_field,0.006339862003503227,0.015063350695313013,0.4208799311481134,0.6738427605413948,,3602,286,-0.052551164978451616,
ddd_robustness,g06_g16_g10l,no_oneshot,min50,diff_city_year_fe_policy_x_high,city_new_share_total_field,0.002940329038345856,0.01722360439153061,0.17071508213412687,0.8644478030939666,,3602,286,-0.052551164978451616,"broadband_china_pilot,bigdata_comprehensive_pilot,innovative_city_pilot,ip_demo_city"
ddd_robustness,g06_g16_g10l,no_oneshot,min50,diff_city_year_fe,field_new_share_total_field,0.03197763828501794,0.018591372145872535,1.7200257212922978,0.08542776622497289,*,3602,286,0.1434726179355101,
ddd_robustness,g06_g16_g10l,no_oneshot,min50,diff_city_year_fe_policy_x_high,field_new_share_total_field,0.025919962092488598,0.02183064073213625,1.1873202628602915,0.23510131847040583,,3602,286,0.1434726179355101,"broadband_china_pilot,bigdata_comprehensive_pilot,innovative_city_pilot,ip_demo_city"
ddd_robustness,g06_g16_g10l,no_individual_no_oneshot,all,diff_city_year_fe,ln1p_city_new_applicants_field,0.4911365955194525,0.05431921106383046,9.041673947405426,1.542907051233742e-19,***,4647,291,-2.3919215926483828,
ddd_robustness,g06_g16_g10l,no_individual_no_oneshot,all,diff_city_year_fe_policy_x_high,ln1p_city_new_applicants_field,0.21895694837302657,0.05022758566450491,4.359296698741389,1.3048110767208635e-05,***,4647,291,-2.3919215926483828,"broadband_china_pilot,bigdata_comprehensive_pilot,innovative_city_pilot,ip_demo_city"
ddd_robustness,g06_g16_g10l,no_individual_no_oneshot,all,diff_city_year_fe,ln1p_city_new_patents_field,0.6022620252744209,0.07187081667541388,8.379785469732212,5.302426038026209e-17,***,4647,291,-3.042156601430333,
ddd_robustness,g06_g16_g10l,no_individual_no_oneshot,all,diff_city_year_fe_policy_x_high,ln1p_city_new_patents_field,0.2251396201982903,0.06513818501866794,3.4563385537034472,0.0005475671112659759,***,4647,291,-3.042156601430333,"broadband_china_pilot,bigdata_comprehensive_pilot,innovative_city_pilot,ip_demo_city"
ddd_robustness,g06_g16_g10l,no_individual_no_oneshot,all,diff_city_year_fe,city_new_share_total_field,-0.0030547442032594838,0.01572969792882646,-0.19420234368654452,0.8460174478111747,,3366,291,-0.05092829738831319,
ddd_robustness,g06_g16_g10l,no_individual_no_oneshot,all,diff_city_year_fe_policy_x_high,city_new_share_total_field,-0.003114443897354874,0.020037575276002785,-0.1554301782753508,0.8764821944340144,,3366,291,-0.05092829738831319,"broadband_china_pilot,bigdata_comprehensive_pilot,innovative_city_pilot,ip_demo_city"
ddd_robustness,g06_g16_g10l,no_individual_no_oneshot,all,diff_city_year_fe,field_new_share_total_field,0.0590896914806275,0.02202404670250761,2.6829625036120035,0.0072973171579744965,***,3366,291,0.15819360289308965,
ddd_robustness,g06_g16_g10l,no_individual_no_oneshot,all,diff_city_year_fe_policy_x_high,field_new_share_total_field,0.02033079745059519,0.02696026988452272,0.754102148742459,0.4507878872656705,,3366,291,0.15819360289308965,"broadband_china_pilot,bigdata_comprehensive_pilot,innovative_city_pilot,ip_demo_city"
ddd_robustness,g06_g16_g10l,no_individual_no_oneshot,min20,diff_city_year_fe,ln1p_city_new_applicants_field,0.4436515342679225,0.05375975999863362,8.252483535625876,1.5513627666429488e-16,***,4453,291,-2.469477425088969,
ddd_robustness,g06_g16_g10l,no_individual_no_oneshot,min20,diff_city_year_fe_policy_x_high,ln1p_city_new_applicants_field,0.1939759435516117,0.0497536244190815,3.898729907950547,9.669856122037363e-05,***,4453,291,-2.469477425088969,"broadband_china_pilot,bigdata_comprehensive_pilot,innovative_city_pilot,ip_demo_city"
ddd_robustness,g06_g16_g10l,no_individual_no_oneshot,min20,diff_city_year_fe,ln1p_city_new_patents_field,0.5323197299595901,0.07104723063641001,7.492476838172338,6.758585927106923e-14,***,4453,291,-3.1396364549854114,
ddd_robustness,g06_g16_g10l,no_individual_no_oneshot,min20,diff_city_year_fe_policy_x_high,ln1p_city_new_patents_field,0.19025690683244798,0.06392047440897412,2.976462684165198,0.00291594566067856,***,4453,291,-3.1396364549854114,"broadband_china_pilot,bigdata_comprehensive_pilot,innovative_city_pilot,ip_demo_city"
ddd_robustness,g06_g16_g10l,no_individual_no_oneshot,min20,diff_city_year_fe,city_new_share_total_field,-0.004748036434449375,0.01574082227931871,-0.3016383992015237,0.7629277322797878,,3360,291,-0.051829189756098445,
ddd_robustness,g06_g16_g10l,no_individual_no_oneshot,min20,diff_city_year_fe_policy_x_high,city_new_share_total_field,-0.004090824383315022,0.020030467773374007,-0.2042300973496411,0.8381736927024452,,3360,291,-0.051829189756098445,"broadband_china_pilot,bigdata_comprehensive_pilot,innovative_city_pilot,ip_demo_city"
ddd_robustness,g06_g16_g10l,no_individual_no_oneshot,min20,diff_city_year_fe,field_new_share_total_field,0.05961325294654934,0.02206433970704535,2.701791838688663,0.0068966925496811654,***,3360,291,0.15766614249009261,
ddd_robustness,g06_g16_g10l,no_individual_no_oneshot,min20,diff_city_year_fe_policy_x_high,field_new_share_total_field,0.02068387671429877,0.026970037499756617,0.7669205767506043,0.44312873874761666,,3360,291,0.15766614249009261,"broadband_china_pilot,bigdata_comprehensive_pilot,innovative_city_pilot,ip_demo_city"
ddd_robustness,g06_g16_g10l,no_individual_no_oneshot,min50,diff_city_year_fe,ln1p_city_new_applicants_field,0.39479477591902906,0.05125813527439767,7.702090093710852,1.3385845196520619e-14,***,4157,289,-2.551270715812733,
ddd_robustness,g06_g16_g10l,no_individual_no_oneshot,min50,diff_city_year_fe_policy_x_high,ln1p_city_new_applicants_field,0.1738102348271998,0.04849096336425663,3.5843840329911396,0.0003378746430545426,***,4157,289,-2.551270715812733,"broadband_china_pilot,bigdata_comprehensive_pilot,innovative_city_pilot,ip_demo_city"
ddd_robustness,g06_g16_g10l,no_individual_no_oneshot,min50,diff_city_year_fe,ln1p_city_new_patents_field,0.4610594009391497,0.068745387798238,6.706768493216167,1.9898156180523634e-11,***,4157,289,-3.235639284023522,
ddd_robustness,g06_g16_g10l,no_individual_no_oneshot,min50,diff_city_year_fe_policy_x_high,ln1p_city_new_patents_field,0.15755423022664744,0.06289298426768543,2.5051161438939573,0.0122411189418491,**,4157,289,-3.235639284023522,"broadband_china_pilot,bigdata_comprehensive_pilot,innovative_city_pilot,ip_demo_city"
ddd_robustness,g06_g16_g10l,no_individual_no_oneshot,min50,diff_city_year_fe,city_new_share_total_field,-0.004368354081734887,0.015749537395631515,-0.2773639613660365,0.781500651099468,,3329,286,-0.05210571789099737,
ddd_robustness,g06_g16_g10l,no_individual_no_oneshot,min50,diff_city_year_fe_policy_x_high,city_new_share_total_field,-0.002200924168908906,0.019934274961178444,-0.11040904036866937,0.9120849837868819,,3329,286,-0.05210571789099737,"broadband_china_pilot,bigdata_comprehensive_pilot,innovative_city_pilot,ip_demo_city"
ddd_robustness,g06_g16_g10l,no_individual_no_oneshot,min50,diff_city_year_fe,field_new_share_total_field,0.062499493525506815,0.02208248389567919,2.8302746113509403,0.004650806678341796,***,3329,286,0.1561362916255347,
ddd_robustness,g06_g16_g10l,no_individual_no_oneshot,min50,diff_city_year_fe_policy_x_high,field_new_share_total_field,0.023441084060110584,0.026976605936412507,0.8689411898355329,0.3848792986485047,,3329,286,0.1561362916255347,"broadband_china_pilot,bigdata_comprehensive_pilot,innovative_city_pilot,ip_demo_city"
ddd_robustness,g06_only,all,all,diff_city_year_fe,ln1p_city_new_applicants_field,0.3672105546964861,0.04753877463969929,7.724442993737394,1.123435029443744e-14,***,4647,291,-2.981937055829963,
ddd_robustness,g06_only,all,all,diff_city_year_fe_policy_x_high,ln1p_city_new_applicants_field,0.1730510426862723,0.04718227245646278,3.667713182868721,0.0002447294842442814,***,4647,291,-2.981937055829963,"broadband_china_pilot,bigdata_comprehensive_pilot,innovative_city_pilot,ip_demo_city"
ddd_robustness,g06_only,all,all,diff_city_year_fe,ln1p_city_new_patents_field,0.42622731046940243,0.057387073119491795,7.427235565436639,1.1089077345030676e-13,***,4647,291,-3.3953940053985017,
ddd_robustness,g06_only,all,all,diff_city_year_fe_policy_x_high,ln1p_city_new_patents_field,0.1714013624452611,0.05570741778350174,3.0768139911166945,0.002092258167761034,***,4647,291,-3.3953940053985017,"broadband_china_pilot,bigdata_comprehensive_pilot,innovative_city_pilot,ip_demo_city"
ddd_robustness,g06_only,all,all,diff_city_year_fe,city_new_share_total_field,0.020359884755515992,0.01627397027838964,1.2510705382418006,0.21090874328689596,,3877,291,-0.02435252762211158,
ddd_robustness,g06_only,all,all,diff_city_year_fe_policy_x_high,city_new_share_total_field,0.013767471044303814,0.0190774218918933,0.7216630801751112,0.47050164618465284,,3877,291,-0.02435252762211158,"broadband_china_pilot,bigdata_comprehensive_pilot,innovative_city_pilot,ip_demo_city"
ddd_robustness,g06_only,all,all,diff_city_year_fe,field_new_share_total_field,0.012195238719069378,0.017970727120968557,0.678616877156838,0.4973806463650545,,3877,291,0.1393914714664782,
ddd_robustness,g06_only,all,all,diff_city_year_fe_policy_x_high,field_new_share_total_field,0.014959542102494068,0.021124305772654707,0.7081672772346966,0.4788413843808671,,3877,291,0.1393914714664782,"broadband_china_pilot,bigdata_comprehensive_pilot,innovative_city_pilot,ip_demo_city"
ddd_robustness,g06_only,all,min20,diff_city_year_fe,ln1p_city_new_applicants_field,0.30793901312393923,0.04936372260621952,6.238164321204189,4.4273545941513704e-10,***,4453,291,-3.042849703201754,
ddd_robustness,g06_only,all,min20,diff_city_year_fe_policy_x_high,ln1p_city_new_applicants_field,0.14315486707942446,0.046379359202996046,3.0866072653754313,0.0020245488683176714,***,4453,291,-3.042849703201754,"broadband_china_pilot,bigdata_comprehensive_pilot,innovative_city_pilot,ip_demo_city"
ddd_robustness,g06_only,all,min20,diff_city_year_fe,ln1p_city_new_patents_field,0.3561558266208617,0.05939088390604849,5.996809665002983,2.012316856339288e-09,***,4453,291,-3.466384763920773,
ddd_robustness,g06_only,all,min20,diff_city_year_fe_policy_x_high,ln1p_city_new_patents_field,0.1362884778287936,0.054635063922923305,2.4945239932557466,0.01261261992016561,**,4453,291,-3.466384763920773,"broadband_china_pilot,bigdata_comprehensive_pilot,innovative_city_pilot,ip_demo_city"
ddd_robustness,g06_only,all,min20,diff_city_year_fe,city_new_share_total_field,0.026181969665452602,0.015703628951346964,1.6672560047470346,0.09546351078542532,*,3849,291,-0.024456728680820633,
ddd_robustness,g06_only,all,min20,diff_city_year_fe_policy_x_high,city_new_share_total_field,0.017193374980924415,0.018934345425425467,0.908052250796944,0.363850616347083,,3849,291,-0.024456728680820633,"broadband_china_pilot,bigdata_comprehensive_pilot,innovative_city_pilot,ip_demo_city"
ddd_robustness,g06_only,all,min20,diff_city_year_fe,field_new_share_total_field,0.021448578096190357,0.017304288329302406,1.2394949557024066,0.2151622556849289,,3849,291,0.14021863750947883,
ddd_robustness,g06_only,all,min20,diff_city_year_fe_policy_x_high,field_new_share_total_field,0.020412690722734134,0.02097134232686914,0.9733611899788005,0.33037382053590797,,3849,291,0.14021863750947883,"broadband_china_pilot,bigdata_comprehensive_pilot,innovative_city_pilot,ip_demo_city"
ddd_robustness,g06_only,all,min50,diff_city_year_fe,ln1p_city_new_applicants_field,0.2437866092008609,0.04874541835631833,5.001220984889989,5.696836800505112e-07,***,4157,289,-3.0889239136413473,
ddd_robustness,g06_only,all,min50,diff_city_year_fe_policy_x_high,ln1p_city_new_applicants_field,0.10950163423630895,0.04669752894591838,2.3449128189015234,0.01903152907321645,**,4157,289,-3.0889239136413473,"broadband_china_pilot,bigdata_comprehensive_pilot,innovative_city_pilot,ip_demo_city"
ddd_robustness,g06_only,all,min50,diff_city_year_fe,ln1p_city_new_patents_field,0.28393878907641934,0.058918074889504166,4.819213621777737,1.441251694268131e-06,***,4157,289,-3.51993458693076,
ddd_robustness,g06_only,all,min50,diff_city_year_fe_policy_x_high,ln1p_city_new_patents_field,0.10100404980747207,0.0552520084171827,1.8280611456661735,0.0675403753859632,*,4157,289,-3.51993458693076,"broadband_china_pilot,bigdata_comprehensive_pilot,innovative_city_pilot,ip_demo_city"
ddd_robustness,g06_only,all,min50,diff_city_year_fe,city_new_share_total_field,0.024941039129288536,0.016453942318965045,1.5158093206964234,0.1295675745417769,,3757,288,-0.026720985929559557,
ddd_robustness,g06_only,all,min50,diff_city_year_fe_policy_x_high,city_new_share_total_field,0.016684882726450873,0.019194364495806006,0.8692594500899752,0.3847052368462533,,3757,288,-0.026720985929559557,"broadband_china_pilot,bigdata_comprehensive_pilot,innovative_city_pilot,ip_demo_city"
ddd_robustness,g06_only,all,min50,diff_city_year_fe,field_new_share_total_field,0.028821948755160948,0.017679505299521052,1.630246337036464,0.10304944418244792,,3757,288,0.1392391921988321,
ddd_robustness,g06_only,all,min50,diff_city_year_fe_policy_x_high,field_new_share_total_field,0.025363844598347222,0.021191300920629718,1.1968988923023378,0.23134596598397364,,3757,288,0.1392391921988321,"broadband_china_pilot,bigdata_comprehensive_pilot,innovative_city_pilot,ip_demo_city"
ddd_robustness,g06_only,no_individual,all,diff_city_year_fe,ln1p_city_new_applicants_field,0.5160108186867238,0.05206056187087004,9.911741251787227,3.7013826076957476e-23,***,4647,291,-2.6640686786920504,
ddd_robustness,g06_only,no_individual,all,diff_city_year_fe_policy_x_high,ln1p_city_new_applicants_field,0.23631690337968608,0.04909356228731491,4.813602687795729,1.4823337636292444e-06,***,4647,291,-2.6640686786920504,"broadband_china_pilot,bigdata_comprehensive_pilot,innovative_city_pilot,ip_demo_city"
ddd_robustness,g06_only,no_individual,all,diff_city_year_fe,ln1p_city_new_patents_field,0.573901370552026,0.06541566482566218,8.77314894041844,1.7373799008615965e-18,***,4647,291,-3.155023743127706,
ddd_robustness,g06_only,no_individual,all,diff_city_year_fe_policy_x_high,ln1p_city_new_patents_field,0.2186441753375467,0.06011038591680318,3.637377667815425,0.0002754279340121142,***,4647,291,-3.155023743127706,"broadband_china_pilot,bigdata_comprehensive_pilot,innovative_city_pilot,ip_demo_city"
ddd_robustness,g06_only,no_individual,all,diff_city_year_fe,city_new_share_total_field,1.0793913707559527e-05,0.016817306577608326,0.0006418336763825937,0.9994878908541716,,3418,290,-0.04698589703253493,
ddd_robustness,g06_only,no_individual,all,diff_city_year_fe_policy_x_high,city_new_share_total_field,-0.003440774087414073,0.021492858906242855,-0.16008917670857922,0.872810826950186,,3418,290,-0.04698589703253493,"broadband_china_pilot,bigdata_comprehensive_pilot,innovative_city_pilot,ip_demo_city"
ddd_robustness,g06_only,no_individual,all,diff_city_year_fe,field_new_share_total_field,0.05476995067245231,0.02128741430364127,2.5728794437511255,0.010085633228317433,**,3418,290,0.149881427892114,
ddd_robustness,g06_only,no_individual,all,diff_city_year_fe_policy_x_high,field_new_share_total_field,0.019489828777719376,0.02620739937625165,0.7436765662212355,0.4570721697166171,,3418,290,0.149881427892114,"broadband_china_pilot,bigdata_comprehensive_pilot,innovative_city_pilot,ip_demo_city"
ddd_robustness,g06_only,no_individual,min20,diff_city_year_fe,ln1p_city_new_applicants_field,0.4561047184205152,0.05125298453147206,8.899086025720953,5.630843927292285e-19,***,4453,291,-2.7421561305270874,
ddd_robustness,g06_only,no_individual,min20,diff_city_year_fe_policy_x_high,ln1p_city_new_applicants_field,0.20583853645200076,0.047663332662409644,4.318593034816011,1.5702702743310527e-05,***,4453,291,-2.7421561305270874,"broadband_china_pilot,bigdata_comprehensive_pilot,innovative_city_pilot,ip_demo_city"
ddd_robustness,g06_only,no_individual,min20,diff_city_year_fe,ln1p_city_new_patents_field,0.4980577062228477,0.06460478406996882,7.709300687135445,1.2650902865699408e-14,***,4453,291,-3.247294675096176,
ddd_robustness,g06_only,no_individual,min20,diff_city_year_fe_policy_x_high,ln1p_city_new_patents_field,0.18119331167123542,0.05814130038346557,3.116430325365819,0.0018305493224867824,***,4453,291,-3.247294675096176,"broadband_china_pilot,bigdata_comprehensive_pilot,innovative_city_pilot,ip_demo_city"
ddd_robustness,g06_only,no_individual,min20,diff_city_year_fe,city_new_share_total_field,-0.0020891106170456177,0.016854198534584978,-0.12395194068461592,0.9013533272905155,,3407,290,-0.04838689323849532,
ddd_robustness,g06_only,no_individual,min20,diff_city_year_fe_policy_x_high,city_new_share_total_field,-0.0045788526089734485,0.02147138122446498,-0.21325375210404257,0.8311290442607776,,3407,290,-0.04838689323849532,"broadband_china_pilot,bigdata_comprehensive_pilot,innovative_city_pilot,ip_demo_city"
ddd_robustness,g06_only,no_individual,min20,diff_city_year_fe,field_new_share_total_field,0.05610093149779795,0.021345838219053094,2.6281906066224554,0.008584040220469432,***,3407,290,0.14911604676515888,
ddd_robustness,g06_only,no_individual,min20,diff_city_year_fe_policy_x_high,field_new_share_total_field,0.02041236579109055,0.026228047903961202,0.7782647746349314,0.4364129372763744,,3407,290,0.14911604676515888,"broadband_china_pilot,bigdata_comprehensive_pilot,innovative_city_pilot,ip_demo_city"
ddd_robustness,g06_only,no_individual,min50,diff_city_year_fe,ln1p_city_new_applicants_field,0.3931739519246097,0.049374742124356955,7.963058337284031,1.6783828090777675e-15,***,4157,289,-2.8171038650689675,
ddd_robustness,g06_only,no_individual,min50,diff_city_year_fe_policy_x_high,ln1p_city_new_applicants_field,0.17682762202419963,0.046780069762488906,3.7799777324400385,0.00015684238510619983,***,4157,289,-2.8171038650689675,"broadband_china_pilot,bigdata_comprehensive_pilot,innovative_city_pilot,ip_demo_city"
ddd_robustness,g06_only,no_individual,min50,diff_city_year_fe,ln1p_city_new_patents_field,0.42161146128884747,0.06302275174402065,6.689829460340063,2.234308223594106e-11,***,4157,289,-3.331762918123071,
ddd_robustness,g06_only,no_individual,min50,diff_city_year_fe_policy_x_high,ln1p_city_new_patents_field,0.14451510038110854,0.05745699119127365,2.515187401651776,0.0118969127171494,**,4157,289,-3.331762918123071,"broadband_china_pilot,bigdata_comprehensive_pilot,innovative_city_pilot,ip_demo_city"
ddd_robustness,g06_only,no_individual,min50,diff_city_year_fe,city_new_share_total_field,-0.001570016161052801,0.016913653812922074,-0.09282536927965881,0.9260422962512093,,3373,286,-0.04881336075672245,
ddd_robustness,g06_only,no_individual,min50,diff_city_year_fe_policy_x_high,city_new_share_total_field,-0.0036680536545941177,0.02147795539825545,-0.1707822549483484,0.8643949825762329,,3373,286,-0.04881336075672245,"broadband_china_pilot,bigdata_comprehensive_pilot,innovative_city_pilot,ip_demo_city"
ddd_robustness,g06_only,no_individual,min50,diff_city_year_fe,field_new_share_total_field,0.05916474186141671,0.0213762068836412,2.7677848639598612,0.005643869815062864,***,3373,286,0.14820981838917635,
ddd_robustness,g06_only,no_individual,min50,diff_city_year_fe_policy_x_high,field_new_share_total_field,0.022304220212308525,0.026277069889157352,0.8488092586575593,0.3959874374181332,,3373,286,0.14820981838917635,"broadband_china_pilot,bigdata_comprehensive_pilot,innovative_city_pilot,ip_demo_city"
ddd_robustness,g06_only,no_oneshot,all,diff_city_year_fe,ln1p_city_new_applicants_field,0.40842964108969393,0.04967284218149062,8.222393226411459,1.9948187594202655e-16,***,4647,291,-2.668727959588004,
ddd_robustness,g06_only,no_oneshot,all,diff_city_year_fe_policy_x_high,ln1p_city_new_applicants_field,0.18183572531512848,0.048537913210573304,3.746261701162672,0.00017948934496095999,***,4647,291,-2.668727959588004,"broadband_china_pilot,bigdata_comprehensive_pilot,innovative_city_pilot,ip_demo_city"
ddd_robustness,g06_only,no_oneshot,all,diff_city_year_fe,ln1p_city_new_patents_field,0.5163811986512669,0.06571359937004748,7.858056834528463,3.901382892555945e-15,***,4647,291,-3.3238270285535654,
ddd_robustness,g06_only,no_oneshot,all,diff_city_year_fe_policy_x_high,ln1p_city_new_patents_field,0.19541435439597726,0.06308460674071215,3.0976551094177633,0.0019505828981627995,***,4647,291,-3.3238270285535654,"broadband_china_pilot,bigdata_comprehensive_pilot,innovative_city_pilot,ip_demo_city"
ddd_robustness,g06_only,no_oneshot,all,diff_city_year_fe,city_new_share_total_field,0.003871093211143625,0.01496780438447814,0.25862799323847474,0.7959222824304382,,3671,290,-0.0515851658887294,
ddd_robustness,g06_only,no_oneshot,all,diff_city_year_fe_policy_x_high,city_new_share_total_field,0.0015505048581739523,0.01741487232152135,0.08903337501118708,0.929055386011564,,3671,290,-0.0515851658887294,"broadband_china_pilot,bigdata_comprehensive_pilot,innovative_city_pilot,ip_demo_city"
ddd_robustness,g06_only,no_oneshot,all,diff_city_year_fe,field_new_share_total_field,0.017172796748925995,0.018926636162101374,0.907334858759146,0.36422974564988114,,3671,290,0.1439599836842089,
ddd_robustness,g06_only,no_oneshot,all,diff_city_year_fe_policy_x_high,field_new_share_total_field,0.0170944563935993,0.02192341548764904,0.7797350920630856,0.43554681875678763,,3671,290,0.1439599836842089,"broadband_china_pilot,bigdata_comprehensive_pilot,innovative_city_pilot,ip_demo_city"
ddd_robustness,g06_only,no_oneshot,min20,diff_city_year_fe,ln1p_city_new_applicants_field,0.35637787524606196,0.04989993121377846,7.1418510322045945,9.208236447057678e-13,***,4453,291,-2.7406579159656808,
ddd_robustness,g06_only,no_oneshot,min20,diff_city_year_fe_policy_x_high,ln1p_city_new_applicants_field,0.15492791412668785,0.047632455611354846,3.252570377449854,0.0011436627045754543,***,4453,291,-2.7406579159656808,"broadband_china_pilot,bigdata_comprehensive_pilot,innovative_city_pilot,ip_demo_city"
ddd_robustness,g06_only,no_oneshot,min20,diff_city_year_fe,ln1p_city_new_patents_field,0.442969863680681,0.0660337694005722,6.7082322832965895,1.969961789036984e-11,***,4453,291,-3.4125478931757063,
ddd_robustness,g06_only,no_oneshot,min20,diff_city_year_fe_policy_x_high,ln1p_city_new_patents_field,0.15842216607236548,0.06146169269435584,2.5775757081762527,0.009949608328317086,***,4453,291,-3.4125478931757063,"broadband_china_pilot,bigdata_comprehensive_pilot,innovative_city_pilot,ip_demo_city"
ddd_robustness,g06_only,no_oneshot,min20,diff_city_year_fe,city_new_share_total_field,0.0057819245618908905,0.014928828163921803,0.3872992909024133,0.6985346504329804,,3656,290,-0.05154123488939726,
ddd_robustness,g06_only,no_oneshot,min20,diff_city_year_fe_policy_x_high,city_new_share_total_field,0.002625135624494356,0.017414162874727027,0.15074716157066528,0.8801751687529077,,3656,290,-0.05154123488939726,"broadband_china_pilot,bigdata_comprehensive_pilot,innovative_city_pilot,ip_demo_city"
ddd_robustness,g06_only,no_oneshot,min20,diff_city_year_fe,field_new_share_total_field,0.02275424353368118,0.018805873732223578,1.2099540738004706,0.22629651619310787,,3656,290,0.14453268307620895,
ddd_robustness,g06_only,no_oneshot,min20,diff_city_year_fe_policy_x_high,field_new_share_total_field,0.02013753580319968,0.021890863443574236,0.9199059623712913,0.35762190284282797,,3656,290,0.14453268307620895,"broadband_china_pilot,bigdata_comprehensive_pilot,innovative_city_pilot,ip_demo_city"
ddd_robustness,g06_only,no_oneshot,min50,diff_city_year_fe,ln1p_city_new_applicants_field,0.2985175243622175,0.04816259162271956,6.198120040978005,5.714155430185769e-10,***,4157,289,-2.8075570006168307,
ddd_robustness,g06_only,no_oneshot,min50,diff_city_year_fe_policy_x_high,ln1p_city_new_applicants_field,0.12730243422350887,0.04724396564396025,2.6945755397183393,0.00704783490695804,***,4157,289,-2.8075570006168307,"broadband_china_pilot,bigdata_comprehensive_pilot,innovative_city_pilot,ip_demo_city"
ddd_robustness,g06_only,no_oneshot,min50,diff_city_year_fe,ln1p_city_new_patents_field,0.3686738924395731,0.06408796012268674,5.752623296697267,8.786913814470845e-09,***,4157,289,-3.489465688034745,
ddd_robustness,g06_only,no_oneshot,min50,diff_city_year_fe_policy_x_high,ln1p_city_new_patents_field,0.12556005170752188,0.06118738273108489,2.052057893362611,0.040164036407912225,**,4157,289,-3.489465688034745,"broadband_china_pilot,bigdata_comprehensive_pilot,innovative_city_pilot,ip_demo_city"
ddd_robustness,g06_only,no_oneshot,min50,diff_city_year_fe,city_new_share_total_field,0.005192612532565216,0.015113975680477348,0.34356364217738483,0.7311744713533659,,3597,286,-0.05216348391851567,
ddd_robustness,g06_only,no_oneshot,min50,diff_city_year_fe_policy_x_high,city_new_share_total_field,0.002017685277229046,0.017247277740914505,0.11698572421331356,0.906871366225518,,3597,286,-0.05216348391851567,"broadband_china_pilot,bigdata_comprehensive_pilot,innovative_city_pilot,ip_demo_city"
ddd_robustness,g06_only,no_oneshot,min50,diff_city_year_fe,field_new_share_total_field,0.0306151677445577,0.018818670034918664,1.6268507651045607,0.10376879685254216,,3597,286,0.14412871123196982,
ddd_robustness,g06_only,no_oneshot,min50,diff_city_year_fe_policy_x_high,field_new_share_total_field,0.02481250224109902,0.021863530271590173,1.1348808693233219,0.2564252365325011,,3597,286,0.14412871123196982,"broadband_china_pilot,bigdata_comprehensive_pilot,innovative_city_pilot,ip_demo_city"
ddd_robustness,g06_only,no_individual_no_oneshot,all,diff_city_year_fe,ln1p_city_new_applicants_field,0.48469386457346997,0.05379575678121876,9.00989025109666,2.0626280202805188e-19,***,4647,291,-2.4084257450829627,
ddd_robustness,g06_only,no_individual_no_oneshot,all,diff_city_year_fe_policy_x_high,ln1p_city_new_applicants_field,0.21659661841680136,0.04971647099535302,4.356637027536539,1.3207602075321686e-05,***,4647,291,-2.4084257450829627,"broadband_china_pilot,bigdata_comprehensive_pilot,innovative_city_pilot,ip_demo_city"
ddd_robustness,g06_only,no_individual_no_oneshot,all,diff_city_year_fe,ln1p_city_new_patents_field,0.593734672256871,0.07171218471902228,8.279411296465184,1.237857003505608e-16,***,4647,291,-3.064537878244563,
ddd_robustness,g06_only,no_individual_no_oneshot,all,diff_city_year_fe_policy_x_high,ln1p_city_new_patents_field,0.21947405842073922,0.06491619090696395,3.3808831872973455,0.0007225325224188851,***,4647,291,-3.064537878244563,"broadband_china_pilot,bigdata_comprehensive_pilot,innovative_city_pilot,ip_demo_city"
ddd_robustness,g06_only,no_individual_no_oneshot,all,diff_city_year_fe,city_new_share_total_field,-0.00359678542704245,0.015753873197561826,-0.2283111830301587,0.8194043313296965,,3358,290,-0.05041914459074102,
ddd_robustness,g06_only,no_individual_no_oneshot,all,diff_city_year_fe_policy_x_high,city_new_share_total_field,-0.0043150434943517646,0.019973930371312527,-0.2160337707269285,0.8289614238205095,,3358,290,-0.05041914459074102,"broadband_china_pilot,bigdata_comprehensive_pilot,innovative_city_pilot,ip_demo_city"
ddd_robustness,g06_only,no_individual_no_oneshot,all,diff_city_year_fe,field_new_share_total_field,0.05758891122237406,0.02221086118454513,2.592826579027285,0.00951907569136832,***,3358,290,0.15846553614163078,
ddd_robustness,g06_only,no_individual_no_oneshot,all,diff_city_year_fe_policy_x_high,field_new_share_total_field,0.018184830618214527,0.02690458612109933,0.675900775293974,0.49910364546615826,,3358,290,0.15846553614163078,"broadband_china_pilot,bigdata_comprehensive_pilot,innovative_city_pilot,ip_demo_city"
ddd_robustness,g06_only,no_individual_no_oneshot,min20,diff_city_year_fe,ln1p_city_new_applicants_field,0.4377625379416762,0.05324540275885495,8.22160252828352,2.008017326975616e-16,***,4453,291,-2.4867005996597054,
ddd_robustness,g06_only,no_individual_no_oneshot,min20,diff_city_year_fe_policy_x_high,ln1p_city_new_applicants_field,0.1920614462556273,0.04924018258713522,3.900502316695438,9.599330748426845e-05,***,4453,291,-2.4867005996597054,"broadband_china_pilot,bigdata_comprehensive_pilot,innovative_city_pilot,ip_demo_city"
ddd_robustness,g06_only,no_individual_no_oneshot,min20,diff_city_year_fe,ln1p_city_new_patents_field,0.524240237517231,0.0708911456191635,7.3950030421784705,1.4140503637930458e-13,***,4453,291,-3.1629927975310497,
ddd_robustness,g06_only,no_individual_no_oneshot,min20,diff_city_year_fe_policy_x_high,ln1p_city_new_patents_field,0.18515172426754123,0.06371453503074069,2.9059573954076585,0.003661312973584564,***,4453,291,-3.1629927975310497,"broadband_china_pilot,bigdata_comprehensive_pilot,innovative_city_pilot,ip_demo_city"
ddd_robustness,g06_only,no_individual_no_oneshot,min20,diff_city_year_fe,city_new_share_total_field,-0.005454890132702109,0.01576106432991011,-0.3460990970229242,0.7292682420161596,,3352,290,-0.05132127568828666,
ddd_robustness,g06_only,no_individual_no_oneshot,min20,diff_city_year_fe_policy_x_high,city_new_share_total_field,-0.005385980757971864,0.019965977167507257,-0.2697579343492909,0.7873464869227507,,3352,290,-0.05132127568828666,"broadband_china_pilot,bigdata_comprehensive_pilot,innovative_city_pilot,ip_demo_city"
ddd_robustness,g06_only,no_individual_no_oneshot,min20,diff_city_year_fe,field_new_share_total_field,0.05801009428506336,0.022257377981308217,2.606331003309569,0.00915179731171826,***,3352,290,0.1579373036372815,
ddd_robustness,g06_only,no_individual_no_oneshot,min20,diff_city_year_fe_policy_x_high,field_new_share_total_field,0.01848394681221184,0.026917028563665086,0.686700865531757,0.49227125143837225,,3352,290,0.1579373036372815,"broadband_china_pilot,bigdata_comprehensive_pilot,innovative_city_pilot,ip_demo_city"
ddd_robustness,g06_only,no_individual_no_oneshot,min50,diff_city_year_fe,ln1p_city_new_applicants_field,0.3894451238457971,0.0507234893165962,7.677806260823912,1.6183599575548287e-14,***,4157,289,-2.5697202699054658,
ddd_robustness,g06_only,no_individual_no_oneshot,min50,diff_city_year_fe_policy_x_high,ln1p_city_new_applicants_field,0.17210067803180318,0.04794423726155475,3.589600916851091,0.0003311846011543684,***,4157,289,-2.5697202699054658,"broadband_china_pilot,bigdata_comprehensive_pilot,innovative_city_pilot,ip_demo_city"
ddd_robustness,g06_only,no_individual_no_oneshot,min50,diff_city_year_fe,ln1p_city_new_patents_field,0.4536458264722434,0.06852394831369073,6.620252300634103,3.585863095415479e-11,***,4157,289,-3.2606587195192462,
ddd_robustness,g06_only,no_individual_no_oneshot,min50,diff_city_year_fe_policy_x_high,ln1p_city_new_patents_field,0.15286473961769592,0.06268760782794677,2.4385160786044104,0.01474770260741427,**,4157,289,-3.2606587195192462,"broadband_china_pilot,bigdata_comprehensive_pilot,innovative_city_pilot,ip_demo_city"
ddd_robustness,g06_only,no_individual_no_oneshot,min50,diff_city_year_fe,city_new_share_total_field,-0.0048658675230364,0.015756799150137453,-0.3088106586034609,0.7574655607819312,,3323,286,-0.051775172488872055,
ddd_robustness,g06_only,no_individual_no_oneshot,min50,diff_city_year_fe_policy_x_high,city_new_share_total_field,-0.0034041530558644724,0.019872681363684266,-0.1712981249769993,0.8639893547258408,,3323,286,-0.051775172488872055,"broadband_china_pilot,bigdata_comprehensive_pilot,innovative_city_pilot,ip_demo_city"
ddd_robustness,g06_only,no_individual_no_oneshot,min50,diff_city_year_fe,field_new_share_total_field,0.06120858432179054,0.022268940459749895,2.748607839354652,0.005984894390422324,***,3323,286,0.1567015326669022,
ddd_robustness,g06_only,no_individual_no_oneshot,min50,diff_city_year_fe_policy_x_high,field_new_share_total_field,0.021369040892646973,0.0269282411264015,0.7935550187752861,0.42745452753461705,,3323,286,0.1567015326669022,"broadband_china_pilot,bigdata_comprehensive_pilot,innovative_city_pilot,ip_demo_city"
ddd_robustness,no_h04,all,all,diff_city_year_fe,ln1p_city_new_applicants_field,0.3095918761469119,0.045427556921075744,6.815067706255612,9.421938097019746e-12,***,4647,291,-2.789959029629733,
ddd_robustness,no_h04,all,all,diff_city_year_fe_policy_x_high,ln1p_city_new_applicants_field,0.14176176017476008,0.04454238803440412,3.18262595317666,0.0014594602241896452,***,4647,291,-2.789959029629733,"broadband_china_pilot,bigdata_comprehensive_pilot,innovative_city_pilot,ip_demo_city"
ddd_robustness,no_h04,all,all,diff_city_year_fe,ln1p_city_new_patents_field,0.36505611944847277,0.05491228675948451,6.64798610641397,2.9713034527368715e-11,***,4647,291,-3.192459646918965,
ddd_robustness,no_h04,all,all,diff_city_year_fe_policy_x_high,ln1p_city_new_patents_field,0.13894984121772422,0.05307778206617942,2.617853192216589,0.008848486451761077,***,4647,291,-3.192459646918965,"broadband_china_pilot,bigdata_comprehensive_pilot,innovative_city_pilot,ip_demo_city"
ddd_robustness,no_h04,all,all,diff_city_year_fe,city_new_share_total_field,0.014178817230012093,0.014604941402931957,0.9708232877377845,0.33163628384872806,,4014,291,-0.03219178584173048,
ddd_robustness,no_h04,all,all,diff_city_year_fe_policy_x_high,city_new_share_total_field,0.010789590086959074,0.01745543565924814,0.6181220736958573,0.5364948726872922,,4014,291,-0.03219178584173048,"broadband_china_pilot,bigdata_comprehensive_pilot,innovative_city_pilot,ip_demo_city"
ddd_robustness,no_h04,all,all,diff_city_year_fe,field_new_share_total_field,0.014851908992633042,0.01553279295084418,0.9561647438187134,0.33898900900803214,,4014,291,0.13323750249101313,
ddd_robustness,no_h04,all,all,diff_city_year_fe_policy_x_high,field_new_share_total_field,0.017826573197095286,0.018040383934715996,0.9881482157810809,0.3230800650607426,,4014,291,0.13323750249101313,"broadband_china_pilot,bigdata_comprehensive_pilot,innovative_city_pilot,ip_demo_city"
ddd_robustness,no_h04,all,min20,diff_city_year_fe,ln1p_city_new_applicants_field,0.2475546295227361,0.04746382260758487,5.215648802024136,1.8317494320604e-07,***,4453,291,-2.8434273939292973,
ddd_robustness,no_h04,all,min20,diff_city_year_fe_policy_x_high,ln1p_city_new_applicants_field,0.11069269853057709,0.04343716920300343,2.5483405240625885,0.010823676167984662,**,4453,291,-2.8434273939292973,"broadband_china_pilot,bigdata_comprehensive_pilot,innovative_city_pilot,ip_demo_city"
ddd_robustness,no_h04,all,min20,diff_city_year_fe,ln1p_city_new_patents_field,0.29280540857752807,0.057157425730524875,5.122788593698957,3.01049819922013e-07,***,4453,291,-3.255510406056747,
ddd_robustness,no_h04,all,min20,diff_city_year_fe_policy_x_high,ln1p_city_new_patents_field,0.10290809476560034,0.051789839970329585,1.987032491789054,0.04691879632225733,**,4453,291,-3.255510406056747,"broadband_china_pilot,bigdata_comprehensive_pilot,innovative_city_pilot,ip_demo_city"
ddd_robustness,no_h04,all,min20,diff_city_year_fe,city_new_share_total_field,0.01887244126519994,0.014295782181522988,1.320140515962267,0.18678810769960102,,3980,291,-0.032380676551012386,
ddd_robustness,no_h04,all,min20,diff_city_year_fe_policy_x_high,city_new_share_total_field,0.014032540326626595,0.017391639189702216,0.8068555340623338,0.419749719671049,,3980,291,-0.032380676551012386,"broadband_china_pilot,bigdata_comprehensive_pilot,innovative_city_pilot,ip_demo_city"
ddd_robustness,no_h04,all,min20,diff_city_year_fe,field_new_share_total_field,0.023125334259673874,0.014905270382554625,1.551487069079951,0.12078500381756992,,3980,291,0.13383368610417176,
ddd_robustness,no_h04,all,min20,diff_city_year_fe_policy_x_high,field_new_share_total_field,0.02272217921320718,0.017881806956794536,1.2706869763278286,0.20384003064335546,,3980,291,0.13383368610417176,"broadband_china_pilot,bigdata_comprehensive_pilot,innovative_city_pilot,ip_demo_city"
ddd_robustness,no_h04,all,min50,diff_city_year_fe,ln1p_city_new_applicants_field,0.18259913893260166,0.04640320426995739,3.935054524905319,8.317781050293322e-05,***,4157,289,-2.877636649293229,
ddd_robustness,no_h04,all,min50,diff_city_year_fe_policy_x_high,ln1p_city_new_applicants_field,0.07538396118795035,0.04309400813577335,1.749291013972134,0.080240728470367,*,4157,289,-2.877636649293229,"broadband_china_pilot,bigdata_comprehensive_pilot,innovative_city_pilot,ip_demo_city"
ddd_robustness,no_h04,all,min50,diff_city_year_fe,ln1p_city_new_patents_field,0.22123277934457744,0.05627606577410817,3.931205500978065,8.452098602044877e-05,***,4157,289,-3.2966438776441604,
ddd_robustness,no_h04,all,min50,diff_city_year_fe_policy_x_high,ln1p_city_new_patents_field,0.0672111028009836,0.0518438409138629,1.2964144171465415,0.19483274769375708,,4157,289,-3.2966438776441604,"broadband_china_pilot,bigdata_comprehensive_pilot,innovative_city_pilot,ip_demo_city"
ddd_robustness,no_h04,all,min50,diff_city_year_fe,city_new_share_total_field,0.01775239018905387,0.014965791985619334,1.1861978441309478,0.23554417743667264,,3872,289,-0.03453638832277905,
ddd_robustness,no_h04,all,min50,diff_city_year_fe_policy_x_high,city_new_share_total_field,0.013277121486951003,0.017615458860699734,0.7537198770661827,0.4510174437887962,,3872,289,-0.03453638832277905,"broadband_china_pilot,bigdata_comprehensive_pilot,innovative_city_pilot,ip_demo_city"
ddd_robustness,no_h04,all,min50,diff_city_year_fe,field_new_share_total_field,0.029933103872794846,0.015250656994057485,1.962741925443505,0.049676168892817785,**,3872,289,0.13266173997929281,
ddd_robustness,no_h04,all,min50,diff_city_year_fe_policy_x_high,field_new_share_total_field,0.027110270849887413,0.018042758900979835,1.5025568428127227,0.13295335943922174,,3872,289,0.13266173997929281,"broadband_china_pilot,bigdata_comprehensive_pilot,innovative_city_pilot,ip_demo_city"
ddd_robustness,no_h04,no_individual,all,diff_city_year_fe,ln1p_city_new_applicants_field,0.46485550011570775,0.04734974164280767,9.817487572000688,9.467363282175956e-23,***,4647,291,-2.4845866127465506,
ddd_robustness,no_h04,no_individual,all,diff_city_year_fe_policy_x_high,ln1p_city_new_applicants_field,0.2191111352632943,0.04555700473448626,4.809603628252343,1.512298783893475e-06,***,4647,291,-2.4845866127465506,"broadband_china_pilot,bigdata_comprehensive_pilot,innovative_city_pilot,ip_demo_city"
ddd_robustness,no_h04,no_individual,all,diff_city_year_fe,ln1p_city_new_patents_field,0.5187105880507269,0.05996478100127975,8.650254022267783,5.138492288374234e-18,***,4647,291,-2.9600095951133425,
ddd_robustness,no_h04,no_individual,all,diff_city_year_fe_policy_x_high,ln1p_city_new_patents_field,0.1998479990482034,0.05644804940067399,3.5403880412175455,0.0003995391132919151,***,4647,291,-2.9600095951133425,"broadband_china_pilot,bigdata_comprehensive_pilot,innovative_city_pilot,ip_demo_city"
ddd_robustness,no_h04,no_individual,all,diff_city_year_fe,city_new_share_total_field,0.004352972474772136,0.015488151951130052,0.28105176708668156,0.7786706948990032,,3633,291,-0.04229985532684064,
ddd_robustness,no_h04,no_individual,all,diff_city_year_fe_policy_x_high,city_new_share_total_field,-0.001369334974654422,0.019275323249379233,-0.0710408306485092,0.9433652594051299,,3633,291,-0.04229985532684064,"broadband_china_pilot,bigdata_comprehensive_pilot,innovative_city_pilot,ip_demo_city"
ddd_robustness,no_h04,no_individual,all,diff_city_year_fe,field_new_share_total_field,0.04216285460231302,0.01902525733516468,2.216151606232561,0.026681120914608395,**,3633,291,0.1499147973924297,
ddd_robustness,no_h04,no_individual,all,diff_city_year_fe_policy_x_high,field_new_share_total_field,0.018185795078949296,0.02390306767947351,0.7608142738334018,0.4467680075441395,,3633,291,0.1499147973924297,"broadband_china_pilot,bigdata_comprehensive_pilot,innovative_city_pilot,ip_demo_city"
ddd_robustness,no_h04,no_individual,min20,diff_city_year_fe,ln1p_city_new_applicants_field,0.4025952238526706,0.046426346263516646,8.671697349766315,4.257259784053432e-18,***,4453,291,-2.5554127544213276,
ddd_robustness,no_h04,no_individual,min20,diff_city_year_fe_policy_x_high,ln1p_city_new_applicants_field,0.1881721875241586,0.04348025319922871,4.32776199949766,1.5063211054182851e-05,***,4453,291,-2.5554127544213276,"broadband_china_pilot,bigdata_comprehensive_pilot,innovative_city_pilot,ip_demo_city"
ddd_robustness,no_h04,no_individual,min20,diff_city_year_fe,ln1p_city_new_patents_field,0.44117928520132343,0.05903973306460062,7.472582654101602,7.863594415707538e-14,***,4453,291,-3.044316093868101,
ddd_robustness,no_h04,no_individual,min20,diff_city_year_fe_policy_x_high,ln1p_city_new_patents_field,0.16233188072632918,0.053863230926552916,3.013779120448279,0.0025801557847028467,***,4453,291,-3.044316093868101,"broadband_china_pilot,bigdata_comprehensive_pilot,innovative_city_pilot,ip_demo_city"
ddd_robustness,no_h04,no_individual,min20,diff_city_year_fe,city_new_share_total_field,0.002575349790088487,0.01552114140363227,0.16592528365766976,0.8682157498096709,,3621,291,-0.043836432921502695,
ddd_robustness,no_h04,no_individual,min20,diff_city_year_fe_policy_x_high,city_new_share_total_field,-0.0019766086468626957,0.019241373346684507,-0.10272700452555204,0.9181796405109883,,3621,291,-0.043836432921502695,"broadband_china_pilot,bigdata_comprehensive_pilot,innovative_city_pilot,ip_demo_city"
ddd_robustness,no_h04,no_individual,min20,diff_city_year_fe,field_new_share_total_field,0.04304581789590291,0.019067274739894786,2.2575757932431424,0.023972119233549978,**,3621,291,0.14901521947537916,
ddd_robustness,no_h04,no_individual,min20,diff_city_year_fe_policy_x_high,field_new_share_total_field,0.0189955193445508,0.02389989496627854,0.7947950972735425,0.4267327033670986,,3621,291,0.14901521947537916,"broadband_china_pilot,bigdata_comprehensive_pilot,innovative_city_pilot,ip_demo_city"
ddd_robustness,no_h04,no_individual,min50,diff_city_year_fe,ln1p_city_new_applicants_field,0.3381225701963627,0.044961758622047515,7.520225644166873,5.468178557817951e-14,***,4157,289,-2.61802676105275,
ddd_robustness,no_h04,no_individual,min50,diff_city_year_fe_policy_x_high,ln1p_city_new_applicants_field,0.15721735538614623,0.042592325602159885,3.691213221242224,0.00022318694082342186,***,4157,289,-2.61802676105275,"broadband_china_pilot,bigdata_comprehensive_pilot,innovative_city_pilot,ip_demo_city"
ddd_robustness,no_h04,no_individual,min50,diff_city_year_fe,ln1p_city_new_patents_field,0.36490699529946213,0.05779613753452716,6.3136917251861036,2.7245641174282306e-10,***,4157,289,-3.115521943604884,
ddd_robustness,no_h04,no_individual,min50,diff_city_year_fe_policy_x_high,ln1p_city_new_patents_field,0.12507857491929292,0.05310083236505854,2.35549179454289,0.01849820557439637,**,4157,289,-3.115521943604884,"broadband_china_pilot,bigdata_comprehensive_pilot,innovative_city_pilot,ip_demo_city"
ddd_robustness,no_h04,no_individual,min50,diff_city_year_fe,city_new_share_total_field,0.004755251792206594,0.015490227409794194,0.30698398844680186,0.7588555595536103,,3574,288,-0.04327153052760779,
ddd_robustness,no_h04,no_individual,min50,diff_city_year_fe_policy_x_high,city_new_share_total_field,-0.0007238248709501055,0.019248920962703413,-0.03760339981407706,0.9700038971811293,,3574,288,-0.04327153052760779,"broadband_china_pilot,bigdata_comprehensive_pilot,innovative_city_pilot,ip_demo_city"
ddd_robustness,no_h04,no_individual,min50,diff_city_year_fe,field_new_share_total_field,0.04772460962061437,0.01919479843833822,2.486330334435442,0.012906809765071539,**,3574,288,0.14851881375665807,
ddd_robustness,no_h04,no_individual,min50,diff_city_year_fe_policy_x_high,field_new_share_total_field,0.02159480305839756,0.023986079024984914,0.9003056746333363,0.36795760204758426,,3574,288,0.14851881375665807,"broadband_china_pilot,bigdata_comprehensive_pilot,innovative_city_pilot,ip_demo_city"
ddd_robustness,no_h04,no_oneshot,all,diff_city_year_fe,ln1p_city_new_applicants_field,0.35550341597029944,0.047378453218378844,7.503482951030451,6.214406934223873e-14,***,4647,291,-2.486714019049845,
ddd_robustness,no_h04,no_oneshot,all,diff_city_year_fe_policy_x_high,ln1p_city_new_applicants_field,0.15457285588099698,0.047303963757184785,3.26765124111866,0.0010844390783479089,***,4647,291,-2.486714019049845,"broadband_china_pilot,bigdata_comprehensive_pilot,innovative_city_pilot,ip_demo_city"
ddd_robustness,no_h04,no_oneshot,all,diff_city_year_fe,ln1p_city_new_patents_field,0.45592243958051654,0.06307411399504252,7.228360585712721,4.888593183298678e-13,***,4647,291,-3.123568061799162,
ddd_robustness,no_h04,no_oneshot,all,diff_city_year_fe_policy_x_high,ln1p_city_new_patents_field,0.16538195996234034,0.06196290943228544,2.6690476847778384,0.007606665008355635,***,4647,291,-3.123568061799162,"broadband_china_pilot,bigdata_comprehensive_pilot,innovative_city_pilot,ip_demo_city"
ddd_robustness,no_h04,no_oneshot,all,diff_city_year_fe,city_new_share_total_field,0.001937837335426346,0.014377781918643617,0.1347799922402189,0.8927858253585385,,3849,291,-0.05063297732885425,
ddd_robustness,no_h04,no_oneshot,all,diff_city_year_fe_policy_x_high,city_new_share_total_field,0.0010278893727596466,0.017297320515528902,0.05942477459655356,0.9526137806498146,,3849,291,-0.05063297732885425,"broadband_china_pilot,bigdata_comprehensive_pilot,innovative_city_pilot,ip_demo_city"
ddd_robustness,no_h04,no_oneshot,all,diff_city_year_fe,field_new_share_total_field,0.020199896419999246,0.016852586407346423,1.1986229253922505,0.2306745997787274,,3849,291,0.14411043591095576,
ddd_robustness,no_h04,no_oneshot,all,diff_city_year_fe_policy_x_high,field_new_share_total_field,0.019226193202751124,0.019321522516477285,0.995066159323373,0.3197040880864024,,3849,291,0.14411043591095576,"broadband_china_pilot,bigdata_comprehensive_pilot,innovative_city_pilot,ip_demo_city"
ddd_robustness,no_h04,no_oneshot,min20,diff_city_year_fe,ln1p_city_new_applicants_field,0.3004842723046096,0.047578047221162094,6.315607509232916,2.6910223117681485e-10,***,4453,291,-2.550961044330343,
ddd_robustness,no_h04,no_oneshot,min20,diff_city_year_fe_policy_x_high,ln1p_city_new_applicants_field,0.12653285473031675,0.04598986255115264,2.751320567431126,0.00593555270956615,***,4453,291,-2.550961044330343,"broadband_china_pilot,bigdata_comprehensive_pilot,innovative_city_pilot,ip_demo_city"
ddd_robustness,no_h04,no_oneshot,min20,diff_city_year_fe,ln1p_city_new_patents_field,0.3801810142679864,0.06340829419958656,5.995761580832201,2.025339886575196e-09,***,4453,291,-3.203811130045447,
ddd_robustness,no_h04,no_oneshot,min20,diff_city_year_fe_policy_x_high,ln1p_city_new_patents_field,0.12757663421999366,0.05996345443892461,2.1275731262270092,0.03337249233839711,**,4453,291,-3.203811130045447,"broadband_china_pilot,bigdata_comprehensive_pilot,innovative_city_pilot,ip_demo_city"
ddd_robustness,no_h04,no_oneshot,min20,diff_city_year_fe,city_new_share_total_field,0.004891102861545623,0.014374383409532539,0.3402652289281522,0.7336567998402593,,3831,291,-0.05036594636305686,
ddd_robustness,no_h04,no_oneshot,min20,diff_city_year_fe_policy_x_high,city_new_share_total_field,0.003091741518444629,0.017309330481605576,0.1786170482867715,0.8582384071703049,,3831,291,-0.05036594636305686,"broadband_china_pilot,bigdata_comprehensive_pilot,innovative_city_pilot,ip_demo_city"
ddd_robustness,no_h04,no_oneshot,min20,diff_city_year_fe,field_new_share_total_field,0.025812219475364384,0.01667240976857991,1.5481996804090645,0.12157422834071599,,3831,291,0.14450938581131767,
ddd_robustness,no_h04,no_oneshot,min20,diff_city_year_fe_policy_x_high,field_new_share_total_field,0.021977648832946263,0.019275519643842207,1.140184505478029,0.2542094413527544,,3831,291,0.14450938581131767,"broadband_china_pilot,bigdata_comprehensive_pilot,innovative_city_pilot,ip_demo_city"
ddd_robustness,no_h04,no_oneshot,min50,diff_city_year_fe,ln1p_city_new_applicants_field,0.2400741056390922,0.0457061792133352,5.252552494456775,1.5000569127810685e-07,***,4157,289,-2.606150353771199,
ddd_robustness,no_h04,no_oneshot,min50,diff_city_year_fe_policy_x_high,ln1p_city_new_applicants_field,0.09760775643031522,0.045185842680050374,2.160140226252972,0.030761815776911037,**,4157,289,-2.606150353771199,"broadband_china_pilot,bigdata_comprehensive_pilot,innovative_city_pilot,ip_demo_city"
ddd_robustness,no_h04,no_oneshot,min50,diff_city_year_fe,ln1p_city_new_patents_field,0.3051812177742306,0.061240708014370565,4.983306491208718,6.250682230703233e-07,***,4157,289,-3.267980431690909,
ddd_robustness,no_h04,no_oneshot,min50,diff_city_year_fe_policy_x_high,ln1p_city_new_patents_field,0.09482259382385899,0.05919487223666738,1.601871754106474,0.10918397173653241,,4157,289,-3.267980431690909,"broadband_china_pilot,bigdata_comprehensive_pilot,innovative_city_pilot,ip_demo_city"
ddd_robustness,no_h04,no_oneshot,min50,diff_city_year_fe,city_new_share_total_field,0.00484056931407514,0.014457989381233143,0.33480238409625124,0.7377741619589696,,3755,288,-0.051101200349378546,
ddd_robustness,no_h04,no_oneshot,min50,diff_city_year_fe_policy_x_high,city_new_share_total_field,0.0028514063317500193,0.017141025679234288,0.1663498080633758,0.8678816708754997,,3755,288,-0.051101200349378546,"broadband_china_pilot,bigdata_comprehensive_pilot,innovative_city_pilot,ip_demo_city"
ddd_robustness,no_h04,no_oneshot,min50,diff_city_year_fe,field_new_share_total_field,0.033200477630501365,0.016781367873427558,1.978413075794175,0.04788212582279238,**,3755,288,0.14350934415244934,
ddd_robustness,no_h04,no_oneshot,min50,diff_city_year_fe_policy_x_high,field_new_share_total_field,0.026635732554639566,0.019273154432795394,1.382012096022846,0.16696798708537464,,3755,288,0.14350934415244934,"broadband_china_pilot,bigdata_comprehensive_pilot,innovative_city_pilot,ip_demo_city"
ddd_robustness,no_h04,no_individual_no_oneshot,all,diff_city_year_fe,ln1p_city_new_applicants_field,0.43553518473669156,0.04967784421974153,8.767191724547777,1.831777154499432e-18,***,4647,291,-2.241542696649146,
ddd_robustness,no_h04,no_individual_no_oneshot,all,diff_city_year_fe_policy_x_high,ln1p_city_new_applicants_field,0.19518585994085683,0.047327363748987133,4.12416505969095,3.720820048236756e-05,***,4647,291,-2.241542696649146,"broadband_china_pilot,bigdata_comprehensive_pilot,innovative_city_pilot,ip_demo_city"
ddd_robustness,no_h04,no_individual_no_oneshot,all,diff_city_year_fe,ln1p_city_new_patents_field,0.5384780431722588,0.0667010042881261,8.073012526861111,6.858456771980431e-16,***,4647,291,-2.877662547166708,
ddd_robustness,no_h04,no_individual_no_oneshot,all,diff_city_year_fe_policy_x_high,ln1p_city_new_patents_field,0.19655492000765595,0.06237802432960472,3.151028300753197,0.0016269672477265086,***,4647,291,-2.877662547166708,"broadband_china_pilot,bigdata_comprehensive_pilot,innovative_city_pilot,ip_demo_city"
ddd_robustness,no_h04,no_individual_no_oneshot,all,diff_city_year_fe,city_new_share_total_field,0.0009023099594676759,0.015648629379720575,0.057660638358334466,0.9540189475431701,,3573,291,-0.04436274499903802,
ddd_robustness,no_h04,no_individual_no_oneshot,all,diff_city_year_fe_policy_x_high,city_new_share_total_field,-0.002703787792207221,0.019375001417075276,-0.13955032745568527,0.8890152894027451,,3573,291,-0.04436274499903802,"broadband_china_pilot,bigdata_comprehensive_pilot,innovative_city_pilot,ip_demo_city"
ddd_robustness,no_h04,no_individual_no_oneshot,all,diff_city_year_fe,field_new_share_total_field,0.04613681752662813,0.02063158424765639,2.2362227239950787,0.025337185409185576,**,3573,291,0.15972669445548884,
ddd_robustness,no_h04,no_individual_no_oneshot,all,diff_city_year_fe_policy_x_high,field_new_share_total_field,0.019773777969207987,0.025558057554322212,0.773680782554775,0.4391195871851392,,3573,291,0.15972669445548884,"broadband_china_pilot,bigdata_comprehensive_pilot,innovative_city_pilot,ip_demo_city"
ddd_robustness,no_h04,no_individual_no_oneshot,min20,diff_city_year_fe,ln1p_city_new_applicants_field,0.3853186383207971,0.04891229834407937,7.877745502986333,3.3334078933450777e-15,***,4453,291,-2.312858418723073,
ddd_robustness,no_h04,no_individual_no_oneshot,min20,diff_city_year_fe_policy_x_high,ln1p_city_new_applicants_field,0.16957649322100102,0.04644730288194351,3.6509438158770733,0.00026127839689891124,***,4453,291,-2.312858418723073,"broadband_china_pilot,bigdata_comprehensive_pilot,innovative_city_pilot,ip_demo_city"
ddd_robustness,no_h04,no_individual_no_oneshot,min20,diff_city_year_fe,ln1p_city_new_patents_field,0.46617602442757866,0.06562128343301031,7.104036983724585,1.2116440944423389e-12,***,4453,291,-2.968287347461956,
ddd_robustness,no_h04,no_individual_no_oneshot,min20,diff_city_year_fe_policy_x_high,ln1p_city_new_patents_field,0.16145030440439198,0.06069826424011402,2.6598833825909205,0.007816771124781453,***,4453,291,-2.968287347461956,"broadband_china_pilot,bigdata_comprehensive_pilot,innovative_city_pilot,ip_demo_city"
ddd_robustness,no_h04,no_individual_no_oneshot,min20,diff_city_year_fe,city_new_share_total_field,-0.0005223809225935573,0.015662825819092063,-0.03335163964837084,0.973394174156509,,3567,291,-0.045200312994951336,
ddd_robustness,no_h04,no_individual_no_oneshot,min20,diff_city_year_fe_policy_x_high,city_new_share_total_field,-0.003563820928380477,0.019378257840655985,-0.18390822114584043,0.8540854552745318,,3567,291,-0.045200312994951336,"broadband_china_pilot,bigdata_comprehensive_pilot,innovative_city_pilot,ip_demo_city"
ddd_robustness,no_h04,no_individual_no_oneshot,min20,diff_city_year_fe,field_new_share_total_field,0.04642283774308088,0.02067196450088366,2.24569066675286,0.02472382841492453,**,3567,291,0.15923242240483124,
ddd_robustness,no_h04,no_individual_no_oneshot,min20,diff_city_year_fe_policy_x_high,field_new_share_total_field,0.019983631029007944,0.025567654393471154,0.7815981365154434,0.43445078239859863,,3567,291,0.15923242240483124,"broadband_china_pilot,bigdata_comprehensive_pilot,innovative_city_pilot,ip_demo_city"
ddd_robustness,no_h04,no_individual_no_oneshot,min50,diff_city_year_fe,ln1p_city_new_applicants_field,0.33342560969137247,0.046704701024314524,7.139016038616556,9.400136702522879e-13,***,4157,289,-2.3842962510245775,
ddd_robustness,no_h04,no_individual_no_oneshot,min50,diff_city_year_fe_policy_x_high,ln1p_city_new_applicants_field,0.1472631348116377,0.0452029991589549,3.2578177897840717,0.0011227247034941664,***,4157,289,-2.3842962510245775,"broadband_china_pilot,bigdata_comprehensive_pilot,innovative_city_pilot,ip_demo_city"
ddd_robustness,no_h04,no_individual_no_oneshot,min50,diff_city_year_fe,ln1p_city_new_patents_field,0.39378652657820234,0.06349654316023529,6.201700234050082,5.585639425658527e-10,***,4157,289,-3.0531252301311538,
ddd_robustness,no_h04,no_individual_no_oneshot,min50,diff_city_year_fe_policy_x_high,ln1p_city_new_patents_field,0.12815630508935477,0.05956687275427125,2.1514694185480017,0.031439167102933756,**,4157,289,-3.0531252301311538,"broadband_china_pilot,bigdata_comprehensive_pilot,innovative_city_pilot,ip_demo_city"
ddd_robustness,no_h04,no_individual_no_oneshot,min50,diff_city_year_fe,city_new_share_total_field,0.0006221012072502481,0.015551585409005293,0.040002430034561914,0.9680911889578628,,3524,288,-0.04498436613325291,
ddd_robustness,no_h04,no_individual_no_oneshot,min50,diff_city_year_fe_policy_x_high,city_new_share_total_field,-0.002202744434524532,0.019301902806512946,-0.11412058472189959,0.9091422045771462,,3524,288,-0.04498436613325291,"broadband_china_pilot,bigdata_comprehensive_pilot,innovative_city_pilot,ip_demo_city"
ddd_robustness,no_h04,no_individual_no_oneshot,min50,diff_city_year_fe,field_new_share_total_field,0.05095301583092957,0.020840034498005377,2.4449583246038458,0.014486888097877154,**,3524,288,0.15801064644162838,
ddd_robustness,no_h04,no_individual_no_oneshot,min50,diff_city_year_fe_policy_x_high,field_new_share_total_field,0.02322776422591405,0.02565758740447247,0.9052980648470921,0.3653075013374123,,3524,288,0.15801064644162838,"broadband_china_pilot,bigdata_comprehensive_pilot,innovative_city_pilot,ip_demo_city"
