block,variant,applicant_sample,spec,outcome,coef,se,z,p,sig,N,N_city,mean_y,converged
ppml_ddd,broad,all,ppml_hdfe,city_new_applicants_field,-.1544308303257463,.035287756,-4.3763289,.000012069482,***,9278,291,154.49472,1
ppml_ddd,broad,all,ppml_hdfe_policy_x_high,city_new_applicants_field,-.0498853030102921,.036708374,-1.3589625,.17415845,,9278,291,154.49472,1
ppml_ddd,broad,all,ppml_hdfe,city_new_patents_field,-.1270431819624682,.056494936,-2.2487533,.02452819,**,9278,291,395.24875,1
ppml_ddd,broad,all,ppml_hdfe_policy_x_high,city_new_patents_field,-.1085997098468341,.060401984,-1.7979493,.072185032,*,9278,291,395.24875,1
ppml_ddd,broad,all,ppml_hdfe,field_new_applicants_field,-.1741819332758624,.03392718,-5.1339936,2.8365753e-07,***,9278,291,162.64063,1
ppml_ddd,broad,all,ppml_hdfe_policy_x_high,field_new_applicants_field,-.079740124130944,.035951778,-2.2179744,.02655657,**,9278,291,162.64063,1
ppml_ddd,broad,all,ppml_hdfe,field_new_patents_field,-.1557305060719772,.053102549,-2.9326372,.0033609648,***,9278,291,412.19119,1
ppml_ddd,broad,all,ppml_hdfe_policy_x_high,field_new_patents_field,-.1275583520790256,.052376095,-2.4354308,.014874069,**,9278,291,412.19119,1
ppml_ddd,broad,no_individual,ppml_hdfe,city_new_applicants_field,-.1612848577204481,.039257023,-4.1084332,.000039835239,***,9180,290,99.43071,1
ppml_ddd,broad,no_individual,ppml_hdfe_policy_x_high,city_new_applicants_field,-.0701656298389791,.042123199,-1.6657243,.095768355,*,9180,290,99.43071,1
ppml_ddd,broad,no_individual,ppml_hdfe,city_new_patents_field,-.1552261687645931,.067462698,-2.3009186,.021396238,**,9180,290,283.31268,1
ppml_ddd,broad,no_individual,ppml_hdfe_policy_x_high,city_new_patents_field,-.1479103173807183,.065079607,-2.2727599,.023040654,**,9180,290,283.31268,1
ppml_ddd,broad,no_individual,ppml_hdfe,field_new_applicants_field,-.182933891143445,.036364108,-5.0306168,4.8890411e-07,***,9210,291,106.47655,1
ppml_ddd,broad,no_individual,ppml_hdfe_policy_x_high,field_new_applicants_field,-.1042080416892419,.041186001,-2.5301809,.01140037,**,9210,291,106.47655,1
ppml_ddd,broad,no_individual,ppml_hdfe,field_new_patents_field,-.1847604451296129,.063483812,-2.9103553,.0036101805,***,9210,291,298.48386,1
ppml_ddd,broad,no_individual,ppml_hdfe_policy_x_high,field_new_patents_field,-.1687752415432204,.059579343,-2.8327811,.0046144971,***,9210,291,298.48386,1
ppml_ddd,broad,no_oneshot,ppml_hdfe,city_new_applicants_field,-.1481823747804527,.03626769,-4.0857959,.000043925982,***,9210,290,92.952553,1
ppml_ddd,broad,no_oneshot,ppml_hdfe_policy_x_high,city_new_applicants_field,-.0515281186186939,.037072226,-1.3899386,.1645475,,9210,290,92.952553,1
ppml_ddd,broad,no_oneshot,ppml_hdfe,city_new_patents_field,-.1240039541181904,.064933002,-1.9097215,.056169074,*,9210,290,333.70657,1
ppml_ddd,broad,no_oneshot,ppml_hdfe_policy_x_high,city_new_patents_field,-.1197014352257656,.067753881,-1.7667097,.077276856,*,9210,290,333.70657,1
ppml_ddd,broad,no_oneshot,ppml_hdfe,field_new_applicants_field,-.1890226151376144,.03439454,-5.4957156,3.8912940e-08,***,9240,291,101.09845,1
ppml_ddd,broad,no_oneshot,ppml_hdfe_policy_x_high,field_new_applicants_field,-.1027450838985542,.034613438,-2.9683583,.0029939509,***,9240,291,101.09845,1
ppml_ddd,broad,no_oneshot,ppml_hdfe,field_new_patents_field,-.1614889891895435,.059624907,-2.708415,.0067605423,***,9240,291,350.64902,1
ppml_ddd,broad,no_oneshot,ppml_hdfe_policy_x_high,field_new_patents_field,-.1435637798052668,.056635365,-2.5348787,.011248628,**,9240,291,350.64902,1
ppml_ddd,broad,no_individual_no_oneshot,ppml_hdfe,city_new_applicants_field,-.1553485299220461,.038898658,-3.9936733,.000065057458,***,9006,287,68.752525,1
ppml_ddd,broad,no_individual_no_oneshot,ppml_hdfe_policy_x_high,city_new_applicants_field,-.0695279158784452,.040736366,-1.7067776,.087863401,*,9006,287,68.752525,1
ppml_ddd,broad,no_individual_no_oneshot,ppml_hdfe,city_new_patents_field,-.1462078865934026,.072874717,-2.0062909,.044825222,**,9006,287,252.63449,1
ppml_ddd,broad,no_individual_no_oneshot,ppml_hdfe_policy_x_high,city_new_patents_field,-.1509950300438698,.070229225,-2.1500311,.031552751,**,9006,287,252.63449,1
ppml_ddd,broad,no_individual_no_oneshot,ppml_hdfe,field_new_applicants_field,-.1974835360060946,.036392067,-5.4265547,5.7452226e-08,***,9124,291,75.798363,1
ppml_ddd,broad,no_individual_no_oneshot,ppml_hdfe_policy_x_high,field_new_applicants_field,-.1228037835495014,.038627684,-3.1791649,.0014770003,***,9124,291,75.798363,1
ppml_ddd,broad,no_individual_no_oneshot,ppml_hdfe,field_new_patents_field,-.1859998510895778,.06777706,-2.7442892,.0060642082,***,9124,291,267.80569,1
ppml_ddd,broad,no_individual_no_oneshot,ppml_hdfe_policy_x_high,field_new_patents_field,-.1784493618128387,.06335412,-2.8166969,.0048520276,***,9124,291,267.80569,1
ppml_ddd,no_h04,all,ppml_hdfe,city_new_applicants_field,-.1088413204827998,.032932129,-3.3050194,.00094969844,***,9278,291,154.43608,1
ppml_ddd,no_h04,all,ppml_hdfe_policy_x_high,city_new_applicants_field,-.0273116957330835,.039747983,-.68712157,.49200612,,9278,291,154.43608,1
ppml_ddd,no_h04,all,ppml_hdfe,city_new_patents_field,-.1092088046695818,.051272348,-2.1299748,.033173695,**,9278,291,395.24875,1
ppml_ddd,no_h04,all,ppml_hdfe_policy_x_high,city_new_patents_field,-.0986613374330164,.056457613,-1.7475294,.080545552,*,9278,291,395.24875,1
ppml_ddd,no_h04,all,ppml_hdfe,field_new_applicants_field,-.1366873286800261,.030923538,-4.4201713,9.8622731e-06,***,9278,291,162.23015,1
ppml_ddd,no_h04,all,ppml_hdfe_policy_x_high,field_new_applicants_field,-.0583879166141959,.037091274,-1.5741686,.11544849,,9278,291,162.23015,1
ppml_ddd,no_h04,all,ppml_hdfe,field_new_patents_field,-.1379743317716258,.04771604,-2.8915713,.003833205,***,9278,291,411.42004,1
ppml_ddd,no_h04,all,ppml_hdfe_policy_x_high,field_new_patents_field,-.1100043953423165,.049557764,-2.2197206,.026437733,**,9278,291,411.42004,1
ppml_ddd,no_h04,no_individual,ppml_hdfe,city_new_applicants_field,-.1159250616399616,.035091292,-3.3035278,.00095476495,***,9150,289,99.507744,1
ppml_ddd,no_h04,no_individual,ppml_hdfe_policy_x_high,city_new_applicants_field,-.0506278043699609,.042795524,-1.1830163,.23680267,,9150,289,99.507744,1
ppml_ddd,no_h04,no_individual,ppml_hdfe,city_new_patents_field,-.145674873789752,.062815502,-2.3190913,.020390091,**,9150,289,283.31268,1
ppml_ddd,no_h04,no_individual,ppml_hdfe_policy_x_high,city_new_patents_field,-.153908274338849,.058949556,-2.610847,.0090318266,***,9150,289,283.31268,1
ppml_ddd,no_h04,no_individual,ppml_hdfe,field_new_applicants_field,-.1423388906765854,.031864863,-4.4669542,7.9341116e-06,***,9210,291,106.36959,1
ppml_ddd,no_h04,no_individual,ppml_hdfe_policy_x_high,field_new_applicants_field,-.0828295843189127,.039850459,-2.0785103,.037662387,**,9210,291,106.36959,1
ppml_ddd,no_h04,no_individual,ppml_hdfe,field_new_patents_field,-.1675957844672808,.05710879,-2.9346759,.003338963,***,9210,291,298.05347,1
ppml_ddd,no_h04,no_individual,ppml_hdfe_policy_x_high,field_new_patents_field,-.1580126311928625,.053015176,-2.9805171,.0028776224,***,9210,291,298.05347,1
ppml_ddd,no_h04,no_oneshot,ppml_hdfe,city_new_applicants_field,-.1129786992498138,.035189547,-3.2105758,.0013246937,***,9210,290,92.893913,1
ppml_ddd,no_h04,no_oneshot,ppml_hdfe_policy_x_high,city_new_applicants_field,-.0408557621203534,.041682627,-.98016286,.32700574,,9210,290,92.893913,1
ppml_ddd,no_h04,no_oneshot,ppml_hdfe,city_new_patents_field,-.1163666858977438,.060641408,-1.9189311,.054993048,*,9210,290,333.70657,1
ppml_ddd,no_h04,no_oneshot,ppml_hdfe_policy_x_high,city_new_patents_field,-.1164510626065836,.063742422,-1.8269005,.067714736,*,9210,290,333.70657,1
ppml_ddd,no_h04,no_oneshot,ppml_hdfe,field_new_applicants_field,-.1648672493033924,.03188898,-5.1700382,2.3404641e-07,***,9240,291,100.68797,1
ppml_ddd,no_h04,no_oneshot,ppml_hdfe_policy_x_high,field_new_applicants_field,-.092497143134203,.03545507,-2.608855,.0090845712,***,9240,291,100.68797,1
ppml_ddd,no_h04,no_oneshot,ppml_hdfe,field_new_patents_field,-.152903099757733,.055237044,-2.768126,.0056379656,***,9240,291,349.87787,1
ppml_ddd,no_h04,no_oneshot,ppml_hdfe_policy_x_high,field_new_patents_field,-.1307235150861804,.05409991,-2.4163351,.015677623,**,9240,291,349.87787,1
ppml_ddd,no_h04,no_individual_no_oneshot,ppml_hdfe,city_new_applicants_field,-.1190100175001669,.036976654,-3.2185178,.0012885493,***,9006,287,68.829567,1
ppml_ddd,no_h04,no_individual_no_oneshot,ppml_hdfe_policy_x_high,city_new_applicants_field,-.0610533339951622,.044468153,-1.3729676,.1697624,,9006,287,68.829567,1
ppml_ddd,no_h04,no_individual_no_oneshot,ppml_hdfe,city_new_patents_field,-.1417102191200628,.069411866,-2.041585,.041192725,**,9006,287,252.63449,1
ppml_ddd,no_h04,no_individual_no_oneshot,ppml_hdfe_policy_x_high,city_new_patents_field,-.1616156700716818,.065131269,-2.4813836,.013087345,**,9006,287,252.63449,1
ppml_ddd,no_h04,no_individual_no_oneshot,ppml_hdfe,field_new_applicants_field,-.1687736901934943,.033467066,-5.0429783,4.5834108e-07,***,9124,291,75.691414,1
ppml_ddd,no_h04,no_individual_no_oneshot,ppml_hdfe_policy_x_high,field_new_applicants_field,-.1110605509331647,.038257431,-2.9029799,.0036963045,***,9124,291,75.691414,1
ppml_ddd,no_h04,no_individual_no_oneshot,ppml_hdfe,field_new_patents_field,-.1746501544349017,.062209286,-2.8074613,.0049933693,***,9124,291,267.37531,1
ppml_ddd,no_h04,no_individual_no_oneshot,ppml_hdfe_policy_x_high,field_new_patents_field,-.1710882345288418,.057493407,-2.9757888,.0029223601,***,9124,291,267.37531,1
ppml_ddd,g06_g16_g10l,all,ppml_hdfe,city_new_applicants_field,-.1279984151173178,.034566339,-3.7029788,.00021308275,***,9278,291,153.28029,1
ppml_ddd,g06_g16_g10l,all,ppml_hdfe_policy_x_high,city_new_applicants_field,-.0445330859597345,.044236228,-1.0067108,.31407377,,9278,291,153.28029,1
ppml_ddd,g06_g16_g10l,all,ppml_hdfe,city_new_patents_field,-.1394092117490179,.057006985,-2.4454761,.01446611,**,9278,291,395.24875,1
ppml_ddd,g06_g16_g10l,all,ppml_hdfe_policy_x_high,city_new_patents_field,-.13765769843258,.066196427,-2.0795338,.03756832,**,9278,291,395.24875,1
ppml_ddd,g06_g16_g10l,all,ppml_hdfe,field_new_applicants_field,-.1652423089384804,.032933462,-5.0174589,5.2359343e-07,***,9278,291,159.94437,1
ppml_ddd,g06_g16_g10l,all,ppml_hdfe_policy_x_high,field_new_applicants_field,-.0867835089028217,.04132434,-2.1000581,.035723735,**,9278,291,159.94437,1
ppml_ddd,g06_g16_g10l,all,ppml_hdfe,field_new_patents_field,-.1758143215135288,.0535862,-3.2809627,.0010345345,***,9278,291,409.38348,1
ppml_ddd,g06_g16_g10l,all,ppml_hdfe_policy_x_high,field_new_patents_field,-.1561146082433932,.057587311,-2.7109201,.0067096776,***,9278,291,409.38348,1
ppml_ddd,g06_g16_g10l,no_individual,ppml_hdfe,city_new_applicants_field,-.1853480503556756,.040277347,-4.6017938,4.1886765e-06,***,9150,289,98.600815,1
ppml_ddd,g06_g16_g10l,no_individual,ppml_hdfe_policy_x_high,city_new_applicants_field,-.1100288906951333,.049109548,-2.2404785,.025059868,**,9150,289,98.600815,1
ppml_ddd,g06_g16_g10l,no_individual,ppml_hdfe,city_new_patents_field,-.2072864122762628,.073496506,-2.8203573,.00479702,***,9150,289,283.31268,1
ppml_ddd,g06_g16_g10l,no_individual,ppml_hdfe_policy_x_high,city_new_patents_field,-.2231949350253211,.072710998,-3.0696175,.0021433316,***,9150,289,283.31268,1
ppml_ddd,g06_g16_g10l,no_individual,ppml_hdfe,field_new_applicants_field,-.2093244273089599,.037580572,-5.5700173,2.5471415e-08,***,9212,291,104.48924,1
ppml_ddd,g06_g16_g10l,no_individual,ppml_hdfe_policy_x_high,field_new_applicants_field,-.144626952933724,.046724781,-3.0952945,.0019661763,***,9212,291,104.48924,1
ppml_ddd,g06_g16_g10l,no_individual,ppml_hdfe,field_new_patents_field,-.236057826722314,.067220993,-3.5116682,.00044530345,***,9212,291,296.25262,1
ppml_ddd,g06_g16_g10l,no_individual,ppml_hdfe_policy_x_high,field_new_patents_field,-.2356950265148445,.064709097,-3.6423786,.00027013037,***,9212,291,296.25262,1
ppml_ddd,g06_g16_g10l,no_oneshot,ppml_hdfe,city_new_applicants_field,-.1465903138834287,.037667572,-3.8916845,.000099550598,***,9210,290,91.738113,1
ppml_ddd,g06_g16_g10l,no_oneshot,ppml_hdfe_policy_x_high,city_new_applicants_field,-.0734983338439831,.04679409,-1.5706755,.11625803,,9210,290,91.738113,1
ppml_ddd,g06_g16_g10l,no_oneshot,ppml_hdfe,city_new_patents_field,-.1580667201096311,.06917014,-2.2851872,.022301856,**,9210,290,333.70657,1
ppml_ddd,g06_g16_g10l,no_oneshot,ppml_hdfe_policy_x_high,city_new_patents_field,-.1692832357224047,.075636297,-2.2381217,.025213122,**,9210,290,333.70657,1
ppml_ddd,g06_g16_g10l,no_oneshot,ppml_hdfe,field_new_applicants_field,-.2068029527950389,.035321191,-5.8549256,4.7722302e-09,***,9240,291,98.402191,1
ppml_ddd,g06_g16_g10l,no_oneshot,ppml_hdfe_policy_x_high,field_new_applicants_field,-.1352796042556847,.040514115,-3.3390734,.00084058341,***,9240,291,98.402191,1
ppml_ddd,g06_g16_g10l,no_oneshot,ppml_hdfe,field_new_patents_field,-.201169224577827,.063312709,-3.1773908,.0014860667,***,9240,291,347.84131,1
ppml_ddd,g06_g16_g10l,no_oneshot,ppml_hdfe_policy_x_high,field_new_patents_field,-.1883363186194716,.063668095,-2.9580958,.0030954597,***,9240,291,347.84131,1
ppml_ddd,g06_g16_g10l,no_individual_no_oneshot,ppml_hdfe,city_new_applicants_field,-.1925267730552101,.042815588,-4.4966512,6.9032067e-06,***,8974,286,67.922638,1
ppml_ddd,g06_g16_g10l,no_individual_no_oneshot,ppml_hdfe_policy_x_high,city_new_applicants_field,-.1235068939852006,.051166266,-2.4138343,.015785635,**,8974,286,67.922638,1
ppml_ddd,g06_g16_g10l,no_individual_no_oneshot,ppml_hdfe,city_new_patents_field,-.2050264387221568,.08142826,-2.5178783,.011806412,**,8974,286,252.63449,1
ppml_ddd,g06_g16_g10l,no_individual_no_oneshot,ppml_hdfe_policy_x_high,city_new_patents_field,-.2342038533724932,.080028668,-2.9264994,.0034280019,***,8974,286,252.63449,1
ppml_ddd,g06_g16_g10l,no_individual_no_oneshot,ppml_hdfe,field_new_applicants_field,-.2382201699222082,.039854445,-5.9772549,2.2692899e-09,***,9126,291,73.811058,1
ppml_ddd,g06_g16_g10l,no_individual_no_oneshot,ppml_hdfe_policy_x_high,field_new_applicants_field,-.1752608532613246,.044999436,-3.8947344,.000098306358,***,9126,291,73.811058,1
ppml_ddd,g06_g16_g10l,no_individual_no_oneshot,ppml_hdfe,field_new_patents_field,-.2456932793694832,.073414743,-3.3466477,.00081795093,***,9126,291,265.57446,1
ppml_ddd,g06_g16_g10l,no_individual_no_oneshot,ppml_hdfe_policy_x_high,field_new_patents_field,-.2521772752897518,.069862075,-3.6096449,.00030661642,***,9126,291,265.57446,1
ppml_ddd,g06_only,all,ppml_hdfe,city_new_applicants_field,-.1336489341363824,.035022832,-3.8160517,.00013560407,***,9278,291,153.18216,1
ppml_ddd,g06_only,all,ppml_hdfe_policy_x_high,city_new_applicants_field,-.0500860917258771,.044379245,-1.1285927,.25906971,,9278,291,153.18216,1
ppml_ddd,g06_only,all,ppml_hdfe,city_new_patents_field,-.1468266804640666,.056975275,-2.5770245,.0099654868,***,9278,291,395.24875,1
ppml_ddd,g06_only,all,ppml_hdfe_policy_x_high,city_new_patents_field,-.143669348870046,.066194132,-2.1704242,.029974723,**,9278,291,395.24875,1
ppml_ddd,g06_only,all,ppml_hdfe,field_new_applicants_field,-.1687865423878144,.03322348,-5.080339,3.7676190e-07,***,9278,291,159.62267,1
ppml_ddd,g06_only,all,ppml_hdfe_policy_x_high,field_new_applicants_field,-.0896570659849671,.041247629,-2.1736295,.029732971,**,9278,291,159.62267,1
ppml_ddd,g06_only,all,ppml_hdfe,field_new_patents_field,-.1815157479331551,.054146364,-3.3523164,.00080138363,***,9278,291,408.97107,1
ppml_ddd,g06_only,all,ppml_hdfe_policy_x_high,field_new_patents_field,-.1600757162033873,.05772084,-2.7732742,.0055495342,***,9278,291,408.97107,1
ppml_ddd,g06_only,no_individual,ppml_hdfe,city_new_applicants_field,-.1941583926455453,.041143566,-4.7190461,2.3695284e-06,***,9150,289,98.526466,1
ppml_ddd,g06_only,no_individual,ppml_hdfe_policy_x_high,city_new_applicants_field,-.1164423166345781,.049484234,-2.3531196,.018616647,**,9150,289,98.526466,1
ppml_ddd,g06_only,no_individual,ppml_hdfe,city_new_patents_field,-.2163763922074192,.073865481,-2.9293303,.0033969318,***,9150,289,283.31268,1
ppml_ddd,g06_only,no_individual,ppml_hdfe_policy_x_high,city_new_patents_field,-.2292341040820167,.073213391,-3.1310408,.0017418802,***,9150,289,283.31268,1
ppml_ddd,g06_only,no_individual,ppml_hdfe,field_new_applicants_field,-.2145273732573986,.037948254,-5.6531549,1.5752912e-08,***,9182,290,104.22703,1
ppml_ddd,g06_only,no_individual,ppml_hdfe_policy_x_high,field_new_applicants_field,-.1474377478082242,.046436738,-3.1750238,.0014982419,***,9182,290,104.22703,1
ppml_ddd,g06_only,no_individual,ppml_hdfe,field_new_patents_field,-.2433563386644353,.068203852,-3.5680733,.00035961607,***,9182,290,295.88809,1
ppml_ddd,g06_only,no_individual,ppml_hdfe_policy_x_high,field_new_patents_field,-.2395831277361774,.065361425,-3.6655128,.00024684353,***,9182,290,295.88809,1
ppml_ddd,g06_only,no_oneshot,ppml_hdfe,city_new_applicants_field,-.1540716364706112,.038224597,-4.0306935,.000055612498,***,9210,290,91.639984,1
ppml_ddd,g06_only,no_oneshot,ppml_hdfe_policy_x_high,city_new_applicants_field,-.0795175948445909,.047269925,-1.6822027,.09252955,*,9210,290,91.639984,1
ppml_ddd,g06_only,no_oneshot,ppml_hdfe,city_new_patents_field,-.1672226887126848,.0693634,-2.4108202,.01591669,**,9210,290,333.70657,1
ppml_ddd,g06_only,no_oneshot,ppml_hdfe_policy_x_high,city_new_patents_field,-.1759821748054665,.075742178,-2.323437,.020155694,**,9210,290,333.70657,1
ppml_ddd,g06_only,no_oneshot,ppml_hdfe,field_new_applicants_field,-.210205724273208,.035530116,-5.9162688,3.2932665e-09,***,9210,290,98.080482,1
ppml_ddd,g06_only,no_oneshot,ppml_hdfe_policy_x_high,field_new_applicants_field,-.1369359308354286,.04032417,-3.3958771,.00068409042,***,9210,290,98.080482,1
ppml_ddd,g06_only,no_oneshot,ppml_hdfe,field_new_patents_field,-.2079107480210425,.064257182,-3.2356033,.0012138591,***,9210,290,347.42889,1
ppml_ddd,g06_only,no_oneshot,ppml_hdfe_policy_x_high,field_new_patents_field,-.192478384699045,.063969083,-3.0089281,.0026217112,***,9210,290,347.42889,1
ppml_ddd,g06_only,no_individual_no_oneshot,ppml_hdfe,city_new_applicants_field,-.2004235003015907,.043714721,-4.5848055,4.5440902e-06,***,8974,286,67.848289,1
ppml_ddd,g06_only,no_individual_no_oneshot,ppml_hdfe_policy_x_high,city_new_applicants_field,-.1289408679740778,.051821455,-2.4881754,.012840044,**,8974,286,67.848289,1
ppml_ddd,g06_only,no_individual_no_oneshot,ppml_hdfe,city_new_patents_field,-.2142677616346322,.081696384,-2.6227324,.0087227728,***,8974,286,252.63449,1
ppml_ddd,g06_only,no_individual_no_oneshot,ppml_hdfe_policy_x_high,city_new_patents_field,-.2401758466697389,.080393396,-2.9875071,.0028126279,***,8974,286,252.63449,1
ppml_ddd,g06_only,no_individual_no_oneshot,ppml_hdfe,field_new_applicants_field,-.2415355474824126,.04004411,-6.0317369,1.6220663e-09,***,9098,290,73.548851,1
ppml_ddd,g06_only,no_individual_no_oneshot,ppml_hdfe_policy_x_high,field_new_applicants_field,-.1761820666998657,.044684719,-3.9427812,.000080542151,***,9098,290,73.548851,1
ppml_ddd,g06_only,no_individual_no_oneshot,ppml_hdfe,field_new_patents_field,-.2530966922181714,.0744932,-3.3975811,.00067984406,***,9098,290,265.20993,1
ppml_ddd,g06_only,no_individual_no_oneshot,ppml_hdfe_policy_x_high,field_new_patents_field,-.2559481162864075,.070503458,-3.6302917,.00028310105,***,9098,290,265.20993,1
