sample,scope,spec,outcome,coef,se,t,p,sig,N,N_city,mean_y
y2023,inv_grant_pub,province_year_fe,new_applicant_share,.052100079417783,.012192345,4.2731795,.000026165173,***,4629,291,.4542498420982418
y2023,inv_grant_pub,provyr_baseyr_fe,new_applicant_share,.0201588856013908,.013104709,1.5382932,.12506728,,4629,291,.4542498420982418
y2023,inv_grant_pub,province_year_fe,ln1p_new_applicants,.0074474623276165,.033105936,.22495852,.82216996,,4629,291,3.629521599126857
y2023,inv_grant_pub,provyr_baseyr_fe,ln1p_new_applicants,.0577391685918136,.040224321,1.4354292,.15224248,,4629,291,3.629521599126857
y2023,inv_grant_pub,province_year_fe,ln1p_new_patents,.0268113624718302,.038733851,.69219458,.48936898,,4629,291,3.905375296484549
y2023,inv_grant_pub,provyr_baseyr_fe,ln1p_new_patents,.0855385733990649,.045151111,1.8944955,.059154011,*,4629,291,3.905375296484549
y2023,inv_grant_pub,province_year_fe,ln1p_total_patents,.0385864310438629,.046399776,.83160812,.4063144,,4629,291,4.821583033770923
y2023,inv_grant_pub,provyr_baseyr_fe,ln1p_total_patents,.0681979524463476,.054884102,1.2425811,.21502601,,4629,291,4.821583033770923
y2023,inv_grant_pub,province_year_fe,ln1p_incumbent_patents,-.0918582564783341,.062943198,-1.4593834,.14554195,,4629,291,4.169567067418241
y2023,inv_grant_pub,provyr_baseyr_fe,ln1p_incumbent_patents,.0206903250265305,.073469594,.28161752,.77843767,,4629,291,4.169567067418241
y2023,inv_grant_pub,province_year_fe,hhi,.0293864352455754,.011152352,2.6349988,.0088660717,***,4629,291,.1094126174603319
y2023,inv_grant_pub,provyr_baseyr_fe,hhi,.0062265743606101,.011345164,.54883069,.58354396,,4629,291,.1094126174603319
y2023,inv_grant_pub,province_year_fe,top10_share,.0643452432295099,.015896518,4.0477571,.000066395369,***,4629,291,.5933513066796323
y2023,inv_grant_pub,provyr_baseyr_fe,top10_share,-.0079671172449498,.01441827,-.552571,.58098286,,4629,291,.5933513066796323
y2021,inv_grant_pub,province_year_fe,new_applicant_share,.0474148769840413,.012481051,3.7989488,.00017704854,***,4047,291,.4735265991757734
y2021,inv_grant_pub,provyr_baseyr_fe,new_applicant_share,.0184287549493238,.01374237,1.3410172,.18096423,,4047,291,.4735265991757734
y2021,inv_grant_pub,province_year_fe,ln1p_new_applicants,-.0071112533181323,.033566926,-.21185297,.83237058,,4047,291,3.512319556315938
y2021,inv_grant_pub,provyr_baseyr_fe,ln1p_new_applicants,.0320930452697025,.040259812,.79714847,.42601699,,4047,291,3.512319556315938
y2021,inv_grant_pub,province_year_fe,ln1p_new_patents,.0149879963160505,.04009001,.37385866,.70878267,,4047,291,3.777321519982043
y2021,inv_grant_pub,provyr_baseyr_fe,ln1p_new_patents,.0598224463674215,.046706457,1.2808175,.20128115,,4047,291,3.777321519982043
y2021,inv_grant_pub,province_year_fe,ln1p_total_patents,.0317917844404259,.048103109,.66090912,.50919527,,4047,291,4.6438622461663
y2021,inv_grant_pub,provyr_baseyr_fe,ln1p_total_patents,.0475433036618628,.056276515,.84481603,.39890999,,4047,291,4.6438622461663
y2021,inv_grant_pub,province_year_fe,ln1p_incumbent_patents,-.0888840529250119,.065087765,-1.3656031,.17312181,,4047,291,3.957495865643009
y2021,inv_grant_pub,provyr_baseyr_fe,ln1p_incumbent_patents,.0031240045921304,.075403318,.0414306,.96698111,,4047,291,3.957495865643009
y2021,inv_grant_pub,province_year_fe,hhi,.0304658397248774,.011538931,2.6402652,.0087327026,***,4047,291,.1142047758463571
y2021,inv_grant_pub,provyr_baseyr_fe,hhi,.0078247197308035,.011960575,.65420932,.51349545,,4047,291,.1142047758463571
y2021,inv_grant_pub,province_year_fe,top10_share,.0623408190846418,.015596974,3.9969816,.000081435668,***,4047,291,.6077335793947823
y2021,inv_grant_pub,provyr_baseyr_fe,top10_share,-.0049804811038194,.014363997,-.34673366,.72904289,,4047,291,.6077335793947823
y2023,inv_app_pub,province_year_fe,new_applicant_share,.047058897231538,.0093187597,5.0499101,7.8260467e-07,***,4643,291,.4366919070694474
y2023,inv_app_pub,provyr_baseyr_fe,new_applicant_share,.023657433885568,.011130989,2.1253669,.03440119,**,4643,291,.4366919070694474
y2023,inv_app_pub,province_year_fe,ln1p_new_applicants,.01013134284817,.035493005,.2854462,.77550608,,4643,291,4.578488192823826
y2023,inv_app_pub,provyr_baseyr_fe,ln1p_new_applicants,.1099132548581919,.037764281,2.9105084,.0038881085,***,4643,291,4.578488192823826
y2023,inv_app_pub,province_year_fe,ln1p_new_patents,.0014834699265612,.038920175,.038115706,.96962166,,4643,291,5.201349608116658
y2023,inv_app_pub,provyr_baseyr_fe,ln1p_new_patents,.1224398291922233,.042975347,2.8490713,.0046986514,***,4643,291,5.201349608116658
y2023,inv_app_pub,province_year_fe,ln1p_total_patents,-.0447186072935138,.037646849,-1.1878446,.23586656,,4643,291,6.122502119393588
y2023,inv_app_pub,provyr_baseyr_fe,ln1p_total_patents,.0684560289028021,.041531995,1.648272,.10037977,,4643,291,6.122502119393588
y2023,inv_app_pub,province_year_fe,ln1p_incumbent_patents,-.1619805841934717,.047370892,-3.4194117,.00071758614,***,4643,291,5.497691323601916
y2023,inv_app_pub,provyr_baseyr_fe,ln1p_incumbent_patents,.0225601446611699,.051367979,.4391869,.66085315,,4643,291,5.497691323601916
y2023,inv_app_pub,province_year_fe,hhi,.0100685351010479,.0065361736,1.5404327,.12454534,,4643,291,.0612993357893296
y2023,inv_app_pub,provyr_baseyr_fe,hhi,-.0002688797933423,.0071751056,-.037473984,.97013289,,4643,291,.0612993357893296
y2023,inv_app_pub,province_year_fe,top10_share,.0234040968823193,.014910304,1.5696592,.11758482,,4643,291,.4544864735667737
y2023,inv_app_pub,provyr_baseyr_fe,top10_share,-.0168723781237297,.012224562,-1.3802031,.16858713,,4643,291,.4544864735667737
y2021,inv_app_pub,province_year_fe,new_applicant_share,.0461535638479222,.0099135619,4.6555986,4.9229075e-06,***,4061,291,.4569968438271912
y2021,inv_app_pub,provyr_baseyr_fe,new_applicant_share,.0263834557114774,.012536501,2.104531,.036192581,**,4061,291,.4569968438271912
y2021,inv_app_pub,province_year_fe,ln1p_new_applicants,.0052822888476728,.038492221,.13723004,.89094418,,4061,291,4.49257504903585
y2021,inv_app_pub,provyr_baseyr_fe,ln1p_new_applicants,.1012882847552361,.040439006,2.5047174,.012803641,**,4061,291,4.49257504903585
y2021,inv_app_pub,province_year_fe,ln1p_new_patents,.0091205722968674,.042821005,.21299295,.83148211,,4061,291,5.13568294377303
y2021,inv_app_pub,provyr_baseyr_fe,ln1p_new_patents,.1192792412797227,.045665968,2.611994,.0094703501,***,4061,291,5.13568294377303
y2021,inv_app_pub,province_year_fe,ln1p_total_patents,-.0581113428461336,.039496839,-1.4712909,.1422967,,4061,291,5.999248915167606
y2021,inv_app_pub,provyr_baseyr_fe,ln1p_total_patents,.0517737512796473,.042590033,1.2156307,.2251143,,4061,291,5.999248915167606
y2021,inv_app_pub,province_year_fe,ln1p_incumbent_patents,-.1696624930311088,.049092039,-3.4560082,.00063023402,***,4061,291,5.337940567980572
y2021,inv_app_pub,provyr_baseyr_fe,ln1p_incumbent_patents,.0018004761391329,.054374889,.033112273,.97360784,,4061,291,5.337940567980572
y2021,inv_app_pub,province_year_fe,hhi,.0109379976340473,.0066809901,1.6371821,.10267705,,4061,291,.0628652280937186
y2021,inv_app_pub,provyr_baseyr_fe,hhi,.000770522682601,.0073012933,.10553236,.91602635,,4061,291,.0628652280937186
y2021,inv_app_pub,province_year_fe,top10_share,.0206439025543206,.01588908,1.299251,.19488978,,4061,291,.461160595332001
y2021,inv_app_pub,provyr_baseyr_fe,top10_share,-.0173646810275576,.01316096,-1.3194084,.18807334,,4061,291,.461160595332001
y2023,all_pub,province_year_fe,new_applicant_share,.0228991946959921,.0066262237,3.4558439,.00063060311,***,4656,291,.3872592197864588
y2023,all_pub,provyr_baseyr_fe,new_applicant_share,.0139057007125245,.0072341422,1.9222322,.055556078,*,4656,291,.3872592197864588
y2023,all_pub,province_year_fe,ln1p_new_applicants,-.0359514434051918,.034658913,-1.0372928,.3004635,,4656,291,5.62737914935532
y2023,all_pub,provyr_baseyr_fe,ln1p_new_applicants,.0637700289597843,.034172449,1.8661239,.06303335,*,4656,291,5.62737914935532
y2023,all_pub,province_year_fe,ln1p_new_patents,-.0403914050937028,.037803527,-1.0684561,.28620344,,4656,291,6.518331784294429
y2023,all_pub,provyr_baseyr_fe,ln1p_new_patents,.0612881866745785,.040041685,1.5306096,.12695599,,4656,291,6.518331784294429
y2023,all_pub,province_year_fe,ln1p_total_patents,-.0642031235899927,.033573091,-1.9123389,.056817804,*,4656,291,7.529615927413233
y2023,all_pub,provyr_baseyr_fe,ln1p_total_patents,.0353973424391298,.034100927,1.0380169,.30012685,,4656,291,7.529615927413233
y2023,all_pub,province_year_fe,ln1p_incumbent_patents,-.1178910507482117,.037820935,-3.1170845,.0020097846,***,4656,291,7.013111444410125
y2023,all_pub,provyr_baseyr_fe,ln1p_incumbent_patents,.007298195566376,.038083207,.19163816,.84815973,,4656,291,7.013111444410125
y2023,all_pub,province_year_fe,hhi,.0047573785869475,.0037272568,1.2763753,.20284408,,4656,291,.0309176007433364
y2023,all_pub,provyr_baseyr_fe,hhi,.0003694218823868,.004193333,.088097431,.92986006,,4656,291,.0309176007433364
y2023,all_pub,province_year_fe,top10_share,.0245969802132812,.0099447528,2.4733627,.013957733,**,4656,291,.306556869987509
y2023,all_pub,provyr_baseyr_fe,top10_share,-.0040595809688388,.0086597716,-.46878612,.63957471,,4656,291,.306556869987509
y2021,all_pub,province_year_fe,new_applicant_share,.0208376579446159,.0069351187,3.0046577,.0028909941,***,4074,291,.4010144118109232
y2021,all_pub,provyr_baseyr_fe,new_applicant_share,.0133703563447026,.0078443391,1.7044593,.089366354,*,4074,291,.4010144118109232
y2021,all_pub,province_year_fe,ln1p_new_applicants,-.0388563223107057,.036705736,-1.0585899,.29066753,,4074,291,5.521537986180326
y2021,all_pub,provyr_baseyr_fe,ln1p_new_applicants,.0605666517268521,.03562025,1.7003433,.090138473,*,4074,291,5.521537986180326
y2021,all_pub,province_year_fe,ln1p_new_patents,-.0412178064839917,.039527468,-1.0427636,.29792628,,4074,291,6.414224768473439
y2021,all_pub,provyr_baseyr_fe,ln1p_new_patents,.0565563924316094,.041855156,1.3512408,.17767152,,4074,291,6.414224768473439
y2021,all_pub,province_year_fe,ln1p_total_patents,-.0732948606791732,.034683261,-2.1132634,.035432313,**,4074,291,7.384539577435763
y2021,all_pub,provyr_baseyr_fe,ln1p_total_patents,.0248534587257356,.03510135,.70804852,.47948381,,4074,291,7.384539577435763
y2021,all_pub,province_year_fe,ln1p_incumbent_patents,-.1210538750426274,.038520161,-3.1426108,.0018478235,***,4074,291,6.844962940591535
y2021,all_pub,provyr_baseyr_fe,ln1p_incumbent_patents,-.0013724651144523,.038959086,-.035228372,.97192186,,4074,291,6.844962940591535
y2021,all_pub,province_year_fe,hhi,.0040253639671127,.0037155035,1.0833966,.27953234,,4074,291,.0330139431024853
y2021,all_pub,provyr_baseyr_fe,hhi,.0001741737564582,.0042686462,.040803041,.96748102,,4074,291,.0330139431024853
y2021,all_pub,province_year_fe,top10_share,.0217411803982635,.010279441,2.1150157,.035281394,**,4074,291,.3181519947656215
y2021,all_pub,provyr_baseyr_fe,top10_share,-.0040379414998472,.0089280177,-.45227748,.65140724,,4074,291,.3181519947656215
