sample,spec,outcome,coef,se,t,p,sig,N,N_city,mean_y
all,province_year_fe,cur_top_firm_share_total,-.0166648785244725,.012763686,-1.3056479,.19270714,,4647,291,.3074291265132698
all,provyr_baseyr_fe,cur_top_firm_share_total,-.0007223164811546,.012536125,-.057618797,.95409197,,4647,291,.3074291265132698
all,province_year_fe,cur_top_univ_share_total,-.0251738445538066,.0090665743,-2.7765551,.0058514462,***,4647,291,.1148686944705054
all,provyr_baseyr_fe,cur_top_univ_share_total,-.0157021643922772,.0108051,-1.4532179,.1472445,,4647,291,.1148686944705054
all,province_year_fe,cur_top_research_share_total,-.0028528776333874,.0026133086,-1.0916727,.27588314,,4647,291,.0090736748738087
all,provyr_baseyr_fe,cur_top_research_share_total,-.0021737543892566,.0022226179,-.9780153,.32888189,,4647,291,.0090736748738087
all,province_year_fe,cur_top_hospital_share_total,-.0006565777593958,.00079016178,-.8309409,.40669063,,4647,291,.0037083145566052
all,provyr_baseyr_fe,cur_top_hospital_share_total,.0001288334392717,.00092566834,.13917883,.88940543,,4647,291,.0037083145566052
all,province_year_fe,cur_top_individual_share_total,.0844081728363774,.012613678,6.6917968,1.1365951e-10,***,4647,291,.1298179769631289
all,provyr_baseyr_fe,cur_top_individual_share_total,.0143940689643784,.0089246389,1.6128461,.10786559,,4647,291,.1298179769631289
all,province_year_fe,cur_top_knowledge_share_total,-.0286832999465897,.0090897446,-3.1555672,.0017703107,***,4647,291,.1276506839009193
all,provyr_baseyr_fe,cur_top_knowledge_share_total,-.017747085342262,.010881567,-1.630931,.10399039,,4647,291,.1276506839009193
all,province_year_fe,cur_top_org_share_total,-.0412480888728119,.012983699,-3.1769135,.0016491272,***,4647,291,.444849249070378
all,provyr_baseyr_fe,cur_top_org_share_total,-.0175528863060288,.014098017,-1.2450607,.21411461,,4647,291,.444849249070378
all,province_year_fe,base_top_firm_share_total,.004185394006774,.011211644,.37330779,.7091921,,4647,291,.1022990832795162
all,provyr_baseyr_fe,base_top_firm_share_total,-.0008914895621018,.01022859,-.087156639,.93060714,,4647,291,.1022990832795162
all,province_year_fe,base_top_univ_share_total,-.0112082259597476,.010018878,-1.1187106,.26418936,,4647,291,.0840536515540065
all,provyr_baseyr_fe,base_top_univ_share_total,-.0111607886474585,.011899535,-.93791807,.34906697,,4647,291,.0840536515540065
all,province_year_fe,base_top_research_share_total,-.003420401664362,.0021602816,-1.5833127,.1144401,,4647,291,.0045956791283667
all,provyr_baseyr_fe,base_top_research_share_total,-.0013103303879038,.0018514206,-.70774323,.47967315,,4647,291,.0045956791283667
all,province_year_fe,base_top_hospital_share_total,.0001830243786571,.00013078694,1.3994087,.16275918,,4647,291,.0002054826546948
all,provyr_baseyr_fe,base_top_hospital_share_total,.000244614919771,.00024864406,.98379552,.3260361,,4647,291,.0002054826546948
all,province_year_fe,base_top_individual_share_total,.0537990288773278,.0090008285,5.9771194,6.6539765e-09,***,4647,291,.0474517178938905
all,provyr_baseyr_fe,base_top_individual_share_total,.0039159318783785,.0058202241,.67281461,.50160098,,4647,291,.0474517178938905
all,province_year_fe,base_top_knowledge_share_total,-.0144456032454525,.010025659,-1.4408633,.15070213,,4647,291,.088854813337068
all,provyr_baseyr_fe,base_top_knowledge_share_total,-.0122265041155912,.011942687,-1.023765,.30679953,,4647,291,.088854813337068
all,province_year_fe,base_top_org_share_total,-.0068300128373059,.012610526,-.54161209,.58850163,,4647,291,.1943895028889944
all,provyr_baseyr_fe,base_top_org_share_total,-.0128975837485476,.014447966,-.89269203,.37276226,,4647,291,.1943895028889944
all,province_year_fe,cur_top_firm_share_top,-.0582080489207334,.016202221,-3.5925968,.00038448768,***,4647,291,.5475314080767704
all,provyr_baseyr_fe,cur_top_firm_share_top,.0025120316352912,.019708149,.12746157,.8986634,,4647,291,.5475314080767704
all,province_year_fe,cur_top_univ_share_top,-.0321362459204307,.01472974,-2.1817253,.029932553,**,4647,291,.2219364196511648
all,provyr_baseyr_fe,cur_top_univ_share_top,-.0195422924381431,.01811059,-1.0790533,.28146061,,4647,291,.2219364196511648
all,province_year_fe,cur_top_research_share_top,-.0071163071873995,.0043740147,-1.6269509,.10483356,,4647,291,.0150226046658127
all,provyr_baseyr_fe,cur_top_research_share_top,-.0067234420921352,.0038329971,-1.7540953,.080470428,*,4647,291,.0150226046658127
all,province_year_fe,cur_top_individual_share_top,.0931135781462473,.015380811,6.0538797,4.3665214e-09,***,4647,291,.1943814826489421
all,provyr_baseyr_fe,cur_top_individual_share_top,.0208574541491101,.016106283,1.2949886,.19635417,,4647,291,.1943814826489421
all,province_year_fe,cur_top_knowledge_share_top,-.0393923191007906,.014926655,-2.6390586,.0087630991,***,4647,291,.2443938369946788
all,provyr_baseyr_fe,cur_top_knowledge_share_top,-.0255419671752863,.018188136,-1.4043202,.1612936,,4647,291,.2443938369946788
all,province_year_fe,cur_top_org_share_top,-.0931135781462473,.015380811,-6.0538797,4.3665214e-09,***,4647,291,.8056185173510578
all,provyr_baseyr_fe,cur_top_org_share_top,-.02085745414911,.016106283,-1.2949886,.19635417,,4647,291,.8056185173510578
all,province_year_fe,base_top_firm_share_base,-.0817942879046563,.026162963,-3.126339,.0019496114,***,4647,291,.4557299656339419
all,provyr_baseyr_fe,base_top_firm_share_base,-.0310414401218561,.037299357,-.83222449,.40596703,,4647,291,.4557299656339419
all,province_year_fe,base_top_univ_share_base,.0396606385355482,.028685739,1.3825908,.16785413,,4647,291,.3110765900453658
all,provyr_baseyr_fe,base_top_univ_share_base,.0186549184830759,.036744732,.5076896,.61205697,,4647,291,.3110765900453658
all,province_year_fe,base_top_research_share_base,-.024112032892062,.0088290004,-2.7310038,.0067009567,***,4647,291,.0199156458491959
all,provyr_baseyr_fe,base_top_research_share_base,-.0171735705547129,.0079617761,-2.1570024,.031827025,**,4647,291,.0199156458491959
all,province_year_fe,base_top_individual_share_base,.0909977542130092,.017113052,5.3174477,2.1049868e-07,***,4647,291,.1533060745625196
all,provyr_baseyr_fe,base_top_individual_share_base,.0254313401955202,.018217342,1.3959961,.16378342,,4647,291,.1533060745625196
all,province_year_fe,base_top_knowledge_share_base,.0164249806541078,.028391324,.57852113,.56336135,,4647,291,.33193177373541
all,provyr_baseyr_fe,base_top_knowledge_share_base,.0029801065412528,.03817407,.078066252,.9378292,,4647,291,.33193177373541
all,province_year_fe,base_top_org_share_base,-.058929725840332,.01742607,-3.3816991,.00081933872,***,4647,291,.7978452058334347
all,provyr_baseyr_fe,base_top_org_share_base,-.027371425324311,.020310134,-1.3476733,.17881536,,4647,291,.7978452058334347
min20,province_year_fe,cur_top_firm_share_total,-.0062941283491234,.012905994,-.4876903,.62613773,,4453,291,.3039390449918374
min20,provyr_baseyr_fe,cur_top_firm_share_total,-.0009121029888652,.012627811,-.072229698,.94246888,,4453,291,.3039390449918374
min20,province_year_fe,cur_top_univ_share_total,-.0270916964741348,.0091864029,-2.9491084,.0034464123,***,4453,291,.1180054712126306
min20,provyr_baseyr_fe,cur_top_univ_share_total,-.0168458986671629,.010876754,-1.5487982,.1225208,,4453,291,.1180054712126306
min20,province_year_fe,cur_top_research_share_total,-.0031220039001085,.0023564822,-1.3248578,.1862613,,4453,291,.0090077865373806
min20,provyr_baseyr_fe,cur_top_research_share_total,-.0031920980201715,.002116774,-1.5080014,.13264276,,4453,291,.0090077865373806
min20,province_year_fe,cur_top_hospital_share_total,-.000369840700189,.00078159542,-.47318688,.63643581,,4453,291,.0038228192084034
min20,provyr_baseyr_fe,cur_top_hospital_share_total,.0002804241746165,.00091432466,.30670089,.75929117,,4453,291,.0038228192084034
min20,province_year_fe,cur_top_individual_share_total,.075653013632024,.011758335,6.4339905,5.1228366e-10,***,4453,291,.1134948796773398
min20,provyr_baseyr_fe,cur_top_individual_share_total,.0148312000752085,.0090564331,1.6376425,.10258087,,4453,291,.1134948796773398
min20,province_year_fe,cur_top_knowledge_share_total,-.0305835410744321,.0092078038,-3.3214808,.0010100952,***,4453,291,.1308360769584146
min20,provyr_baseyr_fe,cur_top_knowledge_share_total,-.0197575725127178,.010895176,-1.813424,.070800073,*,4453,291,.1308360769584146
min20,province_year_fe,cur_top_org_share_total,-.0331387270120405,.013457733,-2.4624302,.01438132,**,4453,291,.4426422412249073
min20,provyr_baseyr_fe,cur_top_org_share_total,-.0192344149774704,.014370792,-1.338438,.18180205,,4453,291,.4426422412249073
min20,province_year_fe,base_top_firm_share_total,.0050499405577709,.01121664,.45021865,.65288919,,4453,291,.0981652243964907
min20,provyr_baseyr_fe,base_top_firm_share_total,.0002542229391196,.0099979509,.025427505,.97973144,,4453,291,.0981652243964907
min20,province_year_fe,base_top_univ_share_total,-.0131331290790159,.010247628,-1.2815775,.20101464,,4453,291,.0865174181829772
min20,provyr_baseyr_fe,base_top_univ_share_total,-.0118206410616558,.011960429,-.98831242,.32382351,,4453,291,.0865174181829772
min20,province_year_fe,base_top_research_share_total,-.0038848711525679,.0018096128,-2.1467969,.03263868,**,4453,291,.0045194034722334
min20,provyr_baseyr_fe,base_top_research_share_total,-.0023050326926695,.001693751,-1.3609041,.17460062,,4453,291,.0045194034722334
min20,province_year_fe,base_top_hospital_share_total,.0001744506866888,.00012492566,1.3964359,.16365115,,4453,291,.0002144347398084
min20,provyr_baseyr_fe,base_top_hospital_share_total,.0002381467585627,.00025304276,.94113249,.34742025,,4453,291,.0002144347398084
min20,province_year_fe,base_top_individual_share_total,.0413462995667621,.0075576729,5.4707713,9.6901992e-08,***,4453,291,.0353764946657415
min20,provyr_baseyr_fe,base_top_individual_share_total,.0056884265120892,.0056555872,1.0058066,.31534711,,4453,291,.0353764946657415
min20,province_year_fe,base_top_knowledge_share_total,-.0168435495448949,.01012591,-1.6634109,.097310454,*,4453,291,.0912512563950191
min20,provyr_baseyr_fe,base_top_knowledge_share_total,-.0138875269957625,.011943855,-1.162734,.24589334,,4453,291,.0912512563950191
min20,province_year_fe,base_top_org_share_total,-.0096235911913301,.012556422,-.76642781,.44404522,,4453,291,.1912519304814062
min20,provyr_baseyr_fe,base_top_org_share_total,-.0127553818378199,.014392622,-.88624454,.37622008,,4453,291,.1912519304814062
min20,province_year_fe,cur_top_firm_share_top,-.0486375881974659,.016107107,-3.0196354,.0027559854,***,4453,291,.5545016550133033
min20,provyr_baseyr_fe,cur_top_firm_share_top,.0031368361507565,.019883635,.1577597,.87475598,,4453,291,.5545016550133033
min20,province_year_fe,cur_top_univ_share_top,-.0365993806108506,.014792412,-2.4741998,.013925762,**,4453,291,.2297377233829706
min20,provyr_baseyr_fe,cur_top_univ_share_top,-.0213070813511272,.018314213,-1.1634178,.24561636,,4453,291,.2297377233829706
min20,province_year_fe,cur_top_research_share_top,-.0072908651757217,.0041069356,-1.7752569,.076904275,*,4453,291,.0152158882089374
min20,provyr_baseyr_fe,cur_top_research_share_top,-.0078027988602996,.0037773515,-2.0656798,.039746869,**,4453,291,.0152158882089374
min20,province_year_fe,cur_top_individual_share_top,.0880685720985333,.01543639,5.7052569,2.8652634e-08,***,4453,291,.1808711677801859
min20,provyr_baseyr_fe,cur_top_individual_share_top,.0222916212332011,.016447676,1.3553052,.176375,,4453,291,.1808711677801859
min20,province_year_fe,cur_top_knowledge_share_top,-.0438120851466769,.014942962,-2.9319546,.0036367031,***,4453,291,.2526652780423357
min20,provyr_baseyr_fe,cur_top_knowledge_share_top,-.0281748317494306,.018315263,-1.5383252,.12505949,,4453,291,.2526652780423357
min20,province_year_fe,cur_top_org_share_top,-.0880685720985333,.01543639,-5.7052569,2.8652634e-08,***,4453,291,.819128832219814
min20,provyr_baseyr_fe,cur_top_org_share_top,-.0222916212332011,.016447676,-1.3553052,.176375,,4453,291,.819128832219814
min20,province_year_fe,base_top_firm_share_base,-.0734384612741195,.026612777,-2.7595189,.0061570234,***,4453,291,.4629057081294068
min20,provyr_baseyr_fe,base_top_firm_share_base,-.0282486693756052,.037521612,-.75286394,.45214239,,4453,291,.4629057081294068
min20,province_year_fe,base_top_univ_share_base,.0284168942114577,.028837925,.98540008,.32524899,,4453,291,.3232277156357328
min20,provyr_baseyr_fe,base_top_univ_share_base,.0162021491588289,.037147831,.43615329,.66305,,4453,291,.3232277156357328
min20,province_year_fe,base_top_research_share_base,-.0203710437383645,.0087189572,-2.3364081,.020151056,**,4453,291,.0204486455582811
min20,provyr_baseyr_fe,base_top_research_share_base,-.0160638012175942,.0080165491,-2.00383,.04601818,**,4453,291,.0204486455582811
min20,province_year_fe,base_top_individual_share_base,.0843153824081762,.016739836,5.0368109,8.3345515e-07,***,4453,291,.1407020372316459
min20,provyr_baseyr_fe,base_top_individual_share_base,.0270529642905813,.01831264,1.4772837,.14068475,,4453,291,.1407020372316459
min20,province_year_fe,base_top_knowledge_share_base,.0087957548039638,.028950417,.30382136,.76148188,,4453,291,.3446568310674526
min20,provyr_baseyr_fe,base_top_knowledge_share_base,.0016159088474484,.038702246,.041752327,.96672487,,4453,291,.3446568310674526
min20,province_year_fe,base_top_org_share_base,-.0595153649427697,.01665188,-3.5740929,.0004114779,***,4453,291,.8155072598714307
min20,provyr_baseyr_fe,base_top_org_share_base,-.0245920215336589,.019360157,-1.2702388,.20501776,,4453,291,.8155072598714307
min50,province_year_fe,cur_top_firm_share_total,.0010172327574878,.013146536,.077376485,.9383778,,4157,289,.2948046511692113
min50,provyr_baseyr_fe,cur_top_firm_share_total,.0042135925255777,.012710392,.33150768,.74050212,,4157,289,.2948046511692113
min50,province_year_fe,cur_top_univ_share_total,-.0288902906163727,.008766043,-3.2957048,.001104631,***,4157,289,.1241909654122226
min50,provyr_baseyr_fe,cur_top_univ_share_total,-.0207143017002192,.0099673774,-2.0782099,.038575478,**,4157,289,.1241909654122226
min50,province_year_fe,cur_top_research_share_total,-.0024070674451306,.002169756,-1.1093724,.26819503,,4157,289,.0087690628207792
min50,provyr_baseyr_fe,cur_top_research_share_total,-.0030469591808818,.0020290697,-1.5016533,.13428226,,4157,289,.0087690628207792
min50,province_year_fe,cur_top_hospital_share_total,-.0002612932540908,.00079703907,-.32782993,.74327844,,4157,289,.0038080288584376
min50,provyr_baseyr_fe,cur_top_hospital_share_total,.0002496678474119,.00091185368,.27380252,.78443265,,4157,289,.0038080288584376
min50,province_year_fe,cur_top_individual_share_total,.0554205986191743,.0096988371,5.7141485,2.7499452e-08,***,4157,289,.0921015996287693
min50,provyr_baseyr_fe,cur_top_individual_share_total,.0106286093257303,.0091018099,1.1677468,.24387474,,4157,289,.0921015996287693
min50,province_year_fe,cur_top_knowledge_share_total,-.0315586513155941,.0088238996,-3.5764973,.00040830861,***,4157,289,.1367680570914394
min50,provyr_baseyr_fe,cur_top_knowledge_share_total,-.0235115930336889,.0099438056,-2.3644462,.018720403,**,4157,289,.1367680570914394
min50,province_year_fe,cur_top_org_share_total,-.0280479361916751,.013638399,-2.0565417,.040631063,**,4157,289,.4374509396961135
min50,provyr_baseyr_fe,cur_top_org_share_total,-.0179121618664576,.01449587,-1.2356734,.21758693,,4157,289,.4374509396961135
min50,province_year_fe,base_top_firm_share_total,.0048873373407393,.011099171,.44033358,.66002584,,4157,289,.093147435962494
min50,provyr_baseyr_fe,base_top_firm_share_total,.0021503018210363,.0099047255,.21709858,.82828522,,4157,289,.093147435962494
min50,province_year_fe,base_top_univ_share_total,-.0144669620166571,.0098512806,-1.4685361,.14305,,4157,289,.0912015572806563
min50,provyr_baseyr_fe,base_top_univ_share_total,-.0156614788371155,.011031633,-1.4196882,.15677997,,4157,289,.0912015572806563
min50,province_year_fe,base_top_research_share_total,-.0034501972432324,.0015657315,-2.2035689,.028346067,**,4157,289,.0043329729340771
min50,provyr_baseyr_fe,base_top_research_share_total,-.0022665208985023,.0014865503,-1.524685,.12843503,,4157,289,.0043329729340771
min50,province_year_fe,base_top_hospital_share_total,.0001948426287755,.00012244414,1.5912777,.11264409,,4157,289,.0002137575216692
min50,provyr_baseyr_fe,base_top_hospital_share_total,.0002501562656928,.00023594809,1.0602174,.28993404,,4157,289,.0002137575216692
min50,province_year_fe,base_top_individual_share_total,.0284906771930657,.0062994282,4.5227399,8.9314235e-06,***,4157,289,.0258199339575649
min50,provyr_baseyr_fe,base_top_individual_share_total,.0034861097815881,.0056463839,.61740577,.53745496,,4157,289,.0258199339575649
min50,province_year_fe,base_top_knowledge_share_total,-.0177223166311139,.0097194724,-1.8233825,.069281943,*,4157,289,.0957482877364027
min50,provyr_baseyr_fe,base_top_knowledge_share_total,-.0176778434699249,.011000392,-1.6070193,.10914589,,4157,289,.0957482877364027
min50,province_year_fe,base_top_org_share_total,-.0114800423249524,.012432224,-.92341018,.35656649,,4157,289,.1902307665103339
min50,provyr_baseyr_fe,base_top_org_share_total,-.0148430450127986,.01336542,-1.1105559,.26768589,,4157,289,.1902307665103339
min50,province_year_fe,cur_top_firm_share_top,-.0315929486008172,.016201146,-1.950044,.052140955,*,4157,289,.5609782081980518
min50,provyr_baseyr_fe,cur_top_firm_share_top,.011925289942146,.019769706,.60321027,.54684359,,4157,289,.5609782081980518
min50,province_year_fe,cur_top_univ_share_top,-.040892974185481,.014626049,-2.7959003,.0055236006,***,4157,289,.2437239934830783
min50,provyr_baseyr_fe,cur_top_univ_share_top,-.0261838381080417,.017904973,-1.4623779,.14472802,,4157,289,.2437239934830783
min50,province_year_fe,cur_top_research_share_top,-.0060336204418837,.0038786789,-1.5555865,.12090465,,4157,289,.0153857178637948
min50,provyr_baseyr_fe,cur_top_research_share_top,-.0076477051748841,.0037752988,-2.0257218,.043715164,**,4157,289,.0153857178637948
min50,province_year_fe,cur_top_individual_share_top,.0747917876623277,.015399422,4.856792,1.9608078e-06,***,4157,289,.1618545057896154
min50,provyr_baseyr_fe,cur_top_individual_share_top,.0182997133727533,.017109785,1.0695466,.28571904,,4157,289,.1618545057896154
min50,province_year_fe,cur_top_knowledge_share_top,-.0467477271288593,.014862278,-3.1453946,.0018321386,***,4157,289,.2670610725936258
min50,provyr_baseyr_fe,cur_top_knowledge_share_top,-.0329325172782627,.01787734,-1.8421373,.066483006,*,4157,289,.2670610725936258
min50,province_year_fe,cur_top_org_share_top,-.0747917876623277,.015399422,-4.856792,1.9608078e-06,***,4157,289,.8381454942103846
min50,provyr_baseyr_fe,cur_top_org_share_top,-.0182997133727533,.017109785,-1.0695466,.28571904,,4157,289,.8381454942103846
min50,province_year_fe,base_top_firm_share_base,-.0624809078702138,.026971716,-2.3165343,.021230886,**,4157,289,.4687215853093436
min50,provyr_baseyr_fe,base_top_firm_share_base,-.0235463157448196,.038177907,-.61675239,.53788531,,4157,289,.4687215853093436
min50,province_year_fe,base_top_univ_share_base,.0229613626958383,.028935075,.79354769,.42811209,,4157,289,.3433101186699672
min50,provyr_baseyr_fe,base_top_univ_share_base,.0110657873003423,.037534401,.29481721,.76834595,,4157,289,.3433101186699672
min50,province_year_fe,base_top_research_share_base,-.0192216109356515,.0087707108,-2.1915681,.029211424,**,4157,289,.0207076308192412
min50,provyr_baseyr_fe,base_top_research_share_base,-.015637393150976,.0081088226,-1.928442,.054782961,*,4157,289,.0207076308192412
min50,province_year_fe,base_top_individual_share_base,.0733553221796334,.016156372,4.5403337,8.2634233e-06,***,4157,289,.1219864521224381
min50,provyr_baseyr_fe,base_top_individual_share_base,.0261739796774599,.018581919,1.4085724,.16004029,,4157,289,.1219864521224381
min50,province_year_fe,base_top_knowledge_share_base,.0043353361453227,.029476792,.14707626,.88317472,,4157,289,.3650414267290006
min50,provyr_baseyr_fe,base_top_knowledge_share_base,-.0031955816596307,.039512843,-.08087451,.9355979,,4157,289,.3650414267290006
min50,province_year_fe,base_top_org_share_base,-.054735865543284,.01596744,-3.4279678,.00069684332,***,4157,289,.8402459269971193
min50,provyr_baseyr_fe,base_top_org_share_base,-.0247126106581443,.018935552,-1.3050907,.19290373,,4157,289,.8402459269971193
