applicant_norm,clean_type,applicant,top_patents,top_rows,city_count,max_city_year_patents
财团法人工业技术研究院,research,财团法人工业技术研究院,5388,21,2,497
之江实验室,research,之江实验室,4692,4,1,2505
中国核动力研究设计院,research,中国核动力研究设计院,3212,12,1,611
四川大学华西医院,hospital,四川大学华西医院,3211,5,1,748
深圳先进技术研究院,research,深圳先进技术研究院,3139,9,1,550
中国航发沈阳发动机研究所,research,中国航发沈阳发动机研究所,3061,7,1,883
郑州大学第一附属医院,hospital,郑州大学第一附属医院,2273,6,1,704
中国电力科学研究院,research,中国电力科学研究院,2146,3,1,800
季华实验室,research,季华实验室,1944,5,1,667
中国工程物理研究院激光聚变研究中心,research,中国工程物理研究院激光聚变研究中心,1801,14,1,241
青岛大学附属医院,hospital,青岛大学附属医院,1722,5,1,429
中国人民解放军陆军军医大学第一附属医院,hospital,中国人民解放军陆军军医大学第一附属医院,1661,6,1,475
河南科技大学第一附属医院,hospital,河南科技大学第一附属医院,1659,11,1,363
中南大学湘雅医院,hospital,中南大学湘雅医院,1623,6,1,414
中国直升机设计研究所,research,中国直升机设计研究所,1540,15,1,251
西安近代化学研究所,research,西安近代化学研究所,1432,10,1,310
中国辐射防护研究院,research,中国辐射防护研究院,1284,16,1,278
电信科学技术研究院,research,电信科学技术研究院,1252,3,1,478
华中科技大学同济医学院附属协和医院,hospital,华中科技大学同济医学院附属协和医院,1241,3,1,604
兰州空间技术物理研究所,research,兰州空间技术物理研究所,1230,11,1,170
中国航发湖南动力机械研究所,research,中国航发湖南动力机械研究所,1227,7,1,386
浙江省海洋水产研究所,research,浙江省海洋水产研究所,1109,15,1,139
中国工程物理研究院化工材料研究所,research,中国工程物理研究院化工材料研究所,1100,13,1,213
天津津航计算技术研究所,research,天津津航计算技术研究所,1095,7,1,208
中国北方发动机研究所(天津),research,中国北方发动机研究所(天津),969,8,1,167
中国工程物理研究院总体工程研究所,research,中国工程物理研究院总体工程研究所,889,13,1,152
中国船舶科学研究中心,research,中国船舶科学研究中心,880,4,1,319
深圳光启高等理工研究院,research,深圳光启高等理工研究院,866,1,1,866
广西壮族自治区林业科学研究院,research,广西壮族自治区林业科学研究院,863,12,1,109
西北核技术研究所,research,西北核技术研究所,767,2,1,432
湖北航天化学技术研究所,research,湖北航天化学技术研究所,760,13,1,98
中国空气动力研究与发展中心超高速空气动力研究所,research,中国空气动力研究与发展中心超高速空气动力研究所,759,7,1,176
中国空气动力研究与发展中心高速空气动力研究所,research,中国空气动力研究与发展中心高速空气动力研究所,754,10,1,142
中国工程物理研究院材料研究所,research,中国工程物理研究院材料研究所,725,10,1,101
中国工程物理研究院电子工程研究所,research,中国工程物理研究院电子工程研究所,710,15,1,118
松山湖材料实验室,research,松山湖材料实验室,699,4,1,247
南通市第一人民医院,hospital,南通市第一人民医院,696,5,1,203
中国工程物理研究院流体物理研究所,research,中国工程物理研究院流体物理研究所,684,15,1,87
河南省人民医院,hospital,河南省人民医院,676,2,1,438
蒋文兰,individual,蒋文兰,666,7,1,318
中南大学湘雅二医院,hospital,中南大学湘雅二医院,661,5,1,208
卓向东,individual,卓向东,657,4,1,333
无锡市崇安区科技创业服务中心,other,无锡市崇安区科技创业服务中心,652,3,1,245
南通大学附属医院,hospital,南通大学附属医院,647,6,1,146
云南省烟草农业科学研究院,research,云南省烟草农业科学研究院,647,15,2,87
包头稀土研究院,research,包头稀土研究院,623,14,1,113
中国工程物理研究院应用电子学研究所,research,中国工程物理研究院应用电子学研究所,623,12,1,85
吉林大学第一医院,hospital,吉林大学第一医院,608,5,1,148
中国空气动力研究与发展中心低速空气动力研究所,research,中国空气动力研究与发展中心低速空气动力研究所,593,7,1,137
温州医科大学附属第一医院,hospital,温州医科大学附属第一医院,589,6,1,125
北京冠五洲生物科学研究院,research,北京冠五洲生物科学研究院,578,1,1,578
中国空气动力研究与发展中心计算空气动力研究所,research,中国空气动力研究与发展中心计算空气动力研究所,571,5,1,237
戴梦云,individual,戴梦云,566,1,1,566
核工业理化工程研究院,research,核工业理化工程研究院,536,4,1,175
常州市第二人民医院,hospital,常州市第二人民医院,527,5,1,143
韩德礼,individual,韩德礼,516,1,1,516
李宗诚,individual,李宗诚,514,1,1,514
林智勇,individual,林智勇,503,11,1,82
牟少奇,individual,牟少奇,502,1,1,502
周兆弟,individual,周兆弟,501,4,1,164
中国工程物理研究院核物理与化学研究所,research,中国工程物理研究院核物理与化学研究所,501,11,1,101
鹏城实验室,research,鹏城实验室,500,1,1,500
河南省中医院(河南中医药大学第二附属医院),hospital,河南省中医院(河南中医药大学第二附属医院),494,3,1,207
西南医科大学附属医院,hospital,西南医科大学附属医院,479,8,1,163
中国工程物理研究院机械制造工艺研究所,research,中国工程物理研究院机械制造工艺研究所,475,6,1,151
中国特种飞行器研究所,research,中国特种飞行器研究所,473,14,1,68
浙江清华柔性电子技术研究院,research,浙江清华柔性电子技术研究院,472,5,1,113
无锡江南计算技术研究所,research,无锡江南计算技术研究所,467,3,1,214
戴长虹,individual,戴长虹,457,1,1,457
天津药物研究院,research,天津药物研究院,453,7,1,93
温州医科大学附属第二医院(温州医科大学附属育英儿童医院),hospital,温州医科大学附属第二医院(温州医科大学附属育英儿童医院),451,3,1,201
胡小青,individual,胡小青,448,3,2,286
芜湖市三山区绿色食品产业协会,other,芜湖市三山区绿色食品产业协会,442,3,1,159
柳州市妇幼保健院,other,柳州市妇幼保健院,442,5,1,145
广西南亚热带农业科学研究所,research,广西南亚热带农业科学研究所,442,11,1,59
山东省计算中心(国家超级计算济南中心),other,山东省计算中心(国家超级计算济南中心),441,2,1,252
生态环境部南京环境科学研究所,research,生态环境部南京环境科学研究所,429,1,1,429
中国水产科学研究院淡水渔业研究中心,research,中国水产科学研究院淡水渔业研究中心,423,7,1,81
杜志刚,individual,杜志刚,421,12,3,138
南阳市中心医院,hospital,南阳市中心医院,419,7,1,85
陈学琴,other,陈学琴,414,2,1,314
山东大学齐鲁医院,hospital,山东大学齐鲁医院,413,3,1,187
财团法人资讯工业策进会,other,财团法人资讯工业策进会,410,7,2,106
山西省交通科学研究院,research,山西省交通科学研究院,391,7,1,162
闽都创新实验室,research,闽都创新实验室,389,3,1,171
山东省果树研究所,research,山东省果树研究所,382,12,1,57
罗福仲,individual,罗福仲,381,4,1,199
李华玉,individual,李华玉,380,4,2,339
宜昌测试技术研究所,research,宜昌测试技术研究所,375,3,1,149
江苏省家禽科学研究所,research,江苏省家禽科学研究所,374,7,1,141
山东航天电子技术研究所,research,山东航天电子技术研究所,372,8,1,70
广西壮族自治区梧州食品药品检验所,other,广西壮族自治区梧州食品药品检验所,371,3,1,159
河南省肿瘤医院,hospital,河南省肿瘤医院,370,2,1,204
余启佳,individual,余启佳,369,2,1,186
青岛食之礼中草药研究所,research,青岛食之礼中草药研究所,361,1,1,361
河北医科大学第二医院,hospital,河北医科大学第二医院,361,3,1,145
泉州装备制造研究所,research,泉州装备制造研究所,361,8,1,84
中国人民解放军第三军医大学第一附属医院,hospital,中国人民解放军第三军医大学第一附属医院,358,6,1,82
中国人民解放军陆军军医大学第二附属医院,hospital,中国人民解放军陆军军医大学第二附属医院,349,1,1,349
九江精密测试技术研究所,research,九江精密测试技术研究所,340,14,1,64
南通蛇类治疗研究所,research,南通蛇类治疗研究所,337,5,1,91
水利部交通运输部国家能源局南京水利科学研究院,research,水利部交通运输部国家能源局南京水利科学研究院,336,1,1,336
华东光电集成器件研究所,research,华东光电集成器件研究所,336,9,1,88
廖树汉,individual,廖树汉,331,5,1,177
广西壮族自治区药用植物园,other,广西壮族自治区药用植物园,330,9,1,116
蚌埠玻璃工业设计研究院,research,蚌埠玻璃工业设计研究院,329,7,1,74
国网电力科学研究院,research,国网电力科学研究院,326,3,1,148
许庆华,individual,许庆华,326,7,1,116
华电电力科学研究院,research,华电电力科学研究院,322,2,1,186
东莞产权交易中心,other,东莞产权交易中心,319,2,1,246
李榕生,individual,李榕生,319,4,2,130
浙江省海洋开发研究院,research,浙江省海洋开发研究院,319,12,1,66
庄景阳,individual,庄景阳,318,7,1,115
肇庆市华师大光电产业研究院,research,肇庆市华师大光电产业研究院,317,5,1,97
陈勇,individual,陈勇,315,5,5,256
李良杰,individual,李良杰,311,4,1,100
中国空气动力研究与发展中心空天技术研究所,research,中国空气动力研究与发展中心空天技术研究所,309,3,1,112
李宏江,individual,李宏江,306,10,1,60
广西壮族自治区亚热带作物研究所(广西亚热带农产品加工研究所),research,广西壮族自治区亚热带作物研究所(广西亚热带农产品加工研究所),300,4,1,84
国家海洋局第三海洋研究所,research,国家海洋局第三海洋研究所,299,8,1,58
郭远军,individual,郭远军,297,4,2,207
厦门稀土材料研究所,research,厦门稀土材料研究所,296,4,1,86
张永忠,individual,张永忠,294,8,1,65
新乡医学院第一附属医院,hospital,新乡医学院第一附属医院,291,9,1,101
张春平,individual,张春平,290,10,2,73
徐林波,individual,徐林波,290,11,1,72
农业农村部南京农业机械化研究所,research,农业农村部南京农业机械化研究所,288,1,1,288
李承平,individual,李承平,287,1,1,287
中国航发四川燃气涡轮研究院,research,中国航发四川燃气涡轮研究院,283,1,1,283
中国航发贵阳发动机设计研究所,research,中国航发贵阳发动机设计研究所,282,3,1,135
温州医科大学附属第二医院、温州医科大学附属育英儿童医院,hospital,温州医科大学附属第二医院、温州医科大学附属育英儿童医院,279,2,1,179
皖南医学院第一附属医院(皖南医学院弋矶山医院),hospital,皖南医学院第一附属医院(皖南医学院弋矶山医院),279,4,1,80
常州市第一人民医院,hospital,常州市第一人民医院,277,3,1,96
刘刚,individual,刘刚,275,12,10,257
中国航空动力机械研究所,research,中国航空动力机械研究所,275,9,1,77
郑州市沃田配肥站,other,郑州市沃田配肥站,273,3,1,135
潍坊医学院附属医院,hospital,潍坊医学院附属医院,273,4,1,121
丽水市人民医院,hospital,丽水市人民医院,270,8,1,62
张琳,individual,张琳,268,5,1,65
中国人民解放军63653部队,other,中国人民解放军63653部队,266,10,2,60
许盛英,individual,许盛英,265,6,1,137
天津市化学试剂研究所,research,天津市化学试剂研究所,265,4,1,80
侯如升,individual,侯如升,265,6,1,72
黄秀英,individual,黄秀英,264,7,2,112
胡和萍,individual,胡和萍,264,6,1,68
张秋云,individual,张秋云,263,2,2,259
胡妍,individual,胡妍,262,6,2,86
方季群,individual,方季群,261,4,1,128
刘志运,individual,刘志运,259,1,1,259
温州医科大学附属眼视光医院,hospital,温州医科大学附属眼视光医院,259,3,1,110
云南烟草科学研究院,research,云南烟草科学研究院,258,6,1,72
宋爱民,individual,宋爱民,257,6,1,70
遵义医科大学附属医院,hospital,遵义医科大学附属医院,254,4,1,120
王丽,individual,王丽,251,8,5,88
宁波市第一医院,hospital,宁波市第一医院,250,2,1,144
吴小杰,individual,吴小杰,249,4,1,80
王萍,individual,王萍,247,6,5,204
云南省热带作物科学研究所,research,云南省热带作物科学研究所,246,19,2,35
刘韶娜,individual,刘韶娜,245,1,1,245
史占彪,individual,史占彪,245,8,2,68
申清章,individual,申清章,244,3,2,95
樊荣,individual,樊荣,243,2,1,157
李德生,individual,李德生,242,3,1,160
洛阳尖端技术研究院,research,洛阳尖端技术研究院,241,4,1,108
王嘉兴,individual,王嘉兴,240,3,2,135
新疆医科大学第一附属医院,hospital,新疆医科大学第一附属医院,240,6,1,65
吴俊华,individual,吴俊华,238,1,1,238
贵阳铝镁设计研究院,research,贵阳铝镁设计研究院,238,3,1,119
赵百华,individual,赵百华,238,5,1,65
天长市地震办公室,other,天长市地震办公室,237,3,1,118
散裂中子源科学中心,other,散裂中子源科学中心,237,3,1,84
刘书元,individual,刘书元,235,1,1,235
天长市高新技术创业服务中心,other,天长市高新技术创业服务中心,235,3,1,82
襄阳市高新技术开发区盛力电子科技经营部,other,襄阳市高新技术开发区盛力电子科技经营部,230,1,1,230
自然资源部第三海洋研究所,research,自然资源部第三海洋研究所,230,3,1,97
长江三峡通航管理局,government,长江三峡通航管理局,230,4,1,84
江苏丘陵地区镇江农业科学研究所,research,江苏丘陵地区镇江农业科学研究所,230,8,1,67
张爱丽,individual,张爱丽,229,1,1,229
农业部南京农业机械化研究所,research,农业部南京农业机械化研究所,228,1,1,228
何寒,individual,何寒,228,6,1,92
李红光,individual,李红光,228,7,1,60
长春黄金研究院,research,长春黄金研究院,227,5,1,82
中国空气动力研究与发展中心设备设计与测试技术研究所,research,中国空气动力研究与发展中心设备设计与测试技术研究所,225,3,1,80
西安空间无线电技术研究所,research,西安空间无线电技术研究所,223,2,1,117
水利部牧区水利科学研究所,research,水利部牧区水利科学研究所,223,8,1,54
周林斌,individual,周林斌,221,3,1,158
郑运婷,individual,郑运婷,221,3,1,79
贵州省烟草科学研究院,research,贵州省烟草科学研究院,221,6,1,45
丁圣雨,individual,丁圣雨,219,1,1,219
孟玲,individual,孟玲,219,1,1,219
遵义医学院附属医院,hospital,遵义医学院附属医院,219,6,1,58
江苏物联网研究发展中心,other,江苏物联网研究发展中心,218,2,1,117
南通纺织丝绸产业技术研究院,research,南通纺织丝绸产业技术研究院,218,4,1,88
张新,individual,张新,217,2,2,216
济南开发区星火科学技术研究院,research,济南开发区星火科学技术研究院,216,2,1,118
王本,individual,王本,215,2,1,159
贵州省人民医院,hospital,贵州省人民医院,215,3,1,84
河北医科大学第三医院,hospital,河北医科大学第三医院,215,4,1,72
南方海洋科学与工程广东省实验室(湛江),research,南方海洋科学与工程广东省实验室(湛江),214,4,1,91
吴超然,individual,吴超然,212,2,1,119
廖华勇,individual,廖华勇,211,2,1,136
无锡市人民医院,hospital,无锡市人民医院,209,1,1,209
山东电力研究院,research,山东电力研究院,209,5,1,65
武汉邮电科学研究院,research,武汉邮电科学研究院,207,3,1,73
温州医科大学附属第二医院,hospital,温州医科大学附属第二医院,206,3,1,107
齐盼盼,individual,齐盼盼,205,1,1,205
中国水产科学研究院黄海水产研究所,research,中国水产科学研究院黄海水产研究所,203,4,1,62
川北医学院附属医院,hospital,川北医学院附属医院,202,7,1,57
许晓华,individual,许晓华,201,4,1,119
南京市秦淮医院,hospital,南京市秦淮医院,200,1,1,200
金余和,individual,金余和,200,1,1,200
温州市人民医院,hospital,温州市人民医院,200,4,1,58
黄石市志云机电科技研究所,research,黄石市志云机电科技研究所,199,3,1,89
淮安市第二人民医院,hospital,淮安市第二人民医院,197,2,1,134
罗建华,individual,罗建华,197,4,1,96
郝振荣,individual,郝振荣,196,4,1,178
冯世英,individual,冯世英,196,9,2,67
沈佩军,individual,沈佩军,195,1,1,195
刘玉秋,individual,刘玉秋,195,5,1,125
李耀强,individual,李耀强,195,4,1,57
姬志刚,individual,姬志刚,192,4,1,129
李红彪,individual,李红彪,192,5,1,76
李仕清,individual,李仕清,192,7,1,44
颜茹玉,individual,颜茹玉,191,1,1,191
中蓝连海设计研究院,research,中蓝连海设计研究院,191,9,1,49
嘉庚创新实验室,research,嘉庚创新实验室,190,2,1,130
申俊,individual,申俊,189,2,2,126
国科温州研究院(温州生物材料与工程研究所),research,国科温州研究院(温州生物材料与工程研究所),189,2,1,103
中国人民解放军63892部队,other,中国人民解放军63892部队,187,4,1,68
宁夏医科大学总医院,hospital,宁夏医科大学总医院,187,7,1,42
温永林,individual,温永林,186,5,1,70
伍志勇,individual,伍志勇,186,5,1,50
常州市武进人民医院,hospital,常州市武进人民医院,184,2,1,101
刘立文,individual,刘立文,184,3,1,79
徐梅,individual,徐梅,183,1,1,183
吴迪,individual,吴迪,183,6,6,131
广西壮族自治区水产科学研究院,research,广西壮族自治区水产科学研究院,183,3,1,73
南通市第二人民医院,hospital,南通市第二人民医院,183,4,1,47
栾清杨,individual,栾清杨,182,1,1,182
贵州电力试验研究院,research,贵州电力试验研究院,182,6,1,61
寇彩琴,individual,寇彩琴,179,3,1,114
张志通,individual,张志通,178,7,2,79
许昌义,individual,许昌义,176,5,1,140
张英华,individual,张英华,176,15,1,21
李尧,individual,李尧,175,1,1,175
王娟,individual,王娟,174,4,4,100
中国北方发动机研究所,research,中国北方发动机研究所,173,1,1,173
龚灿锋,individual,龚灿锋,173,2,1,101
陈晓容,individual,陈晓容,172,2,1,98
杨松,individual,杨松,170,4,2,75
河南中医药大学第一附属医院,hospital,河南中医药大学第一附属医院,169,1,1,169
陈烁,individual,陈烁,169,6,1,40
鹤壁市人民医院,hospital,鹤壁市人民医院,168,6,1,57
钟立朋,individual,钟立朋,167,2,1,97
淄博市中心医院,hospital,淄博市中心医院,167,4,1,54
沈阳铝镁设计研究院,research,沈阳铝镁设计研究院,166,2,1,105
赣南医学院第一附属医院,hospital,赣南医学院第一附属医院,166,5,1,64
中国人民解放军联勤保障部队第九二〇医院,hospital,中国人民解放军联勤保障部队第九二〇医院,165,2,1,107
李启飞,individual,李启飞,165,5,1,50
郑州市中心医院,hospital,郑州市中心医院,164,1,1,164
温州市中心医院,hospital,温州市中心医院,164,2,1,84
赵彦杰,individual,赵彦杰,163,10,1,42
张延年,individual,张延年,162,1,1,162
西南医科大学附属中医医院,hospital,西南医科大学附属中医医院,162,8,1,33
乔丹芳,individual,乔丹芳,161,4,1,61
甘肃省治沙研究所,research,甘肃省治沙研究所,161,10,2,30
贵州医科大学附属医院,hospital,贵州医科大学附属医院,160,2,1,108
李平,individual,李平,160,13,6,39
周峰,individual,周峰,159,6,2,86
梁启明,individual,梁启明,158,2,1,150
金华市农业科学研究院(浙江省农业机械研究院),research,金华市农业科学研究院(浙江省农业机械研究院),158,2,1,96
自贡市第一人民医院,hospital,自贡市第一人民医院,158,5,1,56
李先强,individual,李先强,157,10,4,23
林丽芳,individual,林丽芳,156,1,1,156
吴旭,individual,吴旭,156,2,1,82
南昌大学第一附属医院,hospital,南昌大学第一附属医院,156,2,1,79
河池市农业科学研究所,research,河池市农业科学研究所,153,2,1,150
佛山仙湖实验室,research,佛山仙湖实验室,152,1,1,152
刘玉燕,individual,刘玉燕,152,2,1,94
陆开云,individual,陆开云,152,4,2,60
滨州医学院附属医院,hospital,滨州医学院附属医院,152,6,1,55
四川金堂海纳生物医药技术研究所,research,四川金堂海纳生物医药技术研究所,151,1,1,151
汪晋强,individual,汪晋强,151,1,1,151
河池市技术开发中心,other,河池市技术开发中心,151,2,1,146
赖婷婷,individual,赖婷婷,150,1,1,150
陆菊芳,individual,陆菊芳,150,1,1,150
柳培健,individual,柳培健,150,3,1,61
右江民族医学院附属医院,hospital,右江民族医学院附属医院,150,6,1,45
于洋,individual,于洋,149,1,1,149
郭丰亮,individual,郭丰亮,149,1,1,149
罗洋洋,individual,罗洋洋,149,2,1,100
胡安然,individual,胡安然,148,1,1,148
商丘市第一人民医院,hospital,商丘市第一人民医院,148,4,1,86
仲崇允,individual,仲崇允,147,2,1,102
徐浩钟,individual,徐浩钟,147,5,4,34
朱德仲,individual,朱德仲,147,5,1,34
湖北航天技术研究院特种车辆技术中心,research,湖北航天技术研究院特种车辆技术中心,147,9,1,33
中南大学湘雅三医院,hospital,中南大学湘雅三医院,146,1,1,146
何巨堂,individual,何巨堂,146,6,1,44
广西壮族自治区兽医研究所,research,广西壮族自治区兽医研究所,146,5,1,41
张葵英,individual,张葵英,145,1,1,145
安徽华东光电技术研究所,research,安徽华东光电技术研究所,144,4,1,40
陕西康乐中医药养生研究院,research,陕西康乐中医药养生研究院,143,1,1,143
陈爱军,individual,陈爱军,143,2,1,83
张璐,individual,张璐,143,6,1,58
李理,individual,李理,143,4,1,46
刘清海,individual,刘清海,143,8,1,34
河南省洛阳正骨医院(河南省骨科医院),hospital,河南省洛阳正骨医院(河南省骨科医院),142,3,1,72
王兆进,individual,王兆进,142,4,1,40
中国电子科技南湖研究院,research,中国电子科技南湖研究院,141,2,1,83
贵州省材料产业技术研究院,research,贵州省材料产业技术研究院,141,3,1,61
中国科学院大学宁波华美医院,hospital,中国科学院大学宁波华美医院,140,1,1,140
交通运输部天津水运工程科学研究所,research,交通运输部天津水运工程科学研究所,140,1,1,140
何家平,individual,何家平,140,1,1,140
新疆维吾尔自治区人民医院,hospital,新疆维吾尔自治区人民医院,140,3,1,71
凌怀宇,individual,凌怀宇,140,5,1,57
昆明冶金研究院,research,昆明冶金研究院,140,6,1,29
邬方成,individual,邬方成,139,2,1,96
黄振忠,individual,黄振忠,139,6,1,37
王璐,individual,王璐,138,2,1,90
山东第一医科大学第二附属医院,hospital,山东第一医科大学第二附属医院,138,4,1,49
黄宇松,individual,黄宇松,137,2,1,102
中山市得高行知识产权中心(有限合伙),other,中山市得高行知识产权中心(有限合伙),137,2,1,82
赵慧娜,individual,赵慧娜,136,1,1,136
陈慧婷,individual,陈慧婷,136,3,1,50
张志雄,individual,张志雄,135,3,1,55
孟红琳,individual,孟红琳,135,4,2,51
中国人民解放军32181部队,other,中国人民解放军32181部队,134,2,1,75
朱春梅,individual,朱春梅,134,2,1,74
李扬远,individual,李扬远,134,5,3,43
徐定清,individual,徐定清,133,2,1,71
李星明,individual,李星明,133,6,1,67
杨永盛,individual,杨永盛,133,3,1,67
卢峰,individual,卢峰,132,2,1,89
徐小芹,individual,徐小芹,132,4,1,58
山东省花生研究所,research,山东省花生研究所,131,4,1,40
张义兵,individual,张义兵,130,4,1,56
杨培应,individual,杨培应,130,5,1,46
泰州市人民医院,hospital,泰州市人民医院,129,3,1,51
赵牧青,individual,赵牧青,128,2,2,75
于浩,individual,于浩,128,4,1,47
扬州大学附属医院,hospital,扬州大学附属医院,128,4,1,46
栾晓健,individual,栾晓健,127,1,1,127
罗叶叶,individual,罗叶叶,127,2,1,99
黄昊,individual,黄昊,127,2,1,97
李家海,individual,李家海,127,5,1,48
刘运武,individual,刘运武,127,9,1,29
黄俊柳,individual,黄俊柳,126,7,1,45
杜宗英,individual,杜宗英,126,3,1,42
郝纪涛,individual,郝纪涛,125,3,1,77
蔡银中,other,蔡银中,125,3,1,45
蒋春花,individual,蒋春花,124,2,1,80
广东医科大学附属医院,hospital,广东医科大学附属医院,122,5,1,59
昆明医科大学第一附属医院,hospital,昆明医科大学第一附属医院,122,3,1,58
谢娟,individual,谢娟,121,4,1,41
华玉叶,individual,华玉叶,120,1,1,120
昆山市玉山镇仕龙设计工作室,other,昆山市玉山镇仕龙设计工作室,120,1,1,120
郭和友,individual,郭和友,120,2,1,76
王建友,individual,王建友,120,4,1,75
朱彩玲,individual,朱彩玲,120,4,1,35
佛山市高明区生产力促进中心,other,佛山市高明区生产力促进中心,119,1,1,119
陈键,individual,陈键,119,3,2,70
西北有色金属研究院,research,西北有色金属研究院,119,2,1,60
遂宁市中心医院,hospital,遂宁市中心医院,119,4,1,54
林勇,individual,林勇,118,1,1,118
南昌大学第二附属医院,hospital,南昌大学第二附属医院,118,2,1,69
王光树,individual,王光树,118,7,1,47
杨成胜,individual,杨成胜,118,4,1,35
江南大学附属医院,hospital,江南大学附属医院,117,1,1,117
王跃进,individual,王跃进,117,1,1,117
王伟,individual,王伟,117,15,10,45
驻马店市中心医院,hospital,驻马店市中心医院,116,3,1,77
杨天梅,individual,杨天梅,116,2,1,66
南华大学附属第一医院,hospital,南华大学附属第一医院,116,3,1,55
大新县科学技术情报研究所,research,大新县科学技术情报研究所,116,4,1,52
王涛,individual,王涛,116,9,8,46
马千里,individual,马千里,116,5,1,43
敦煌研究院,research,敦煌研究院,116,13,2,23
孟庆牛,individual,孟庆牛,115,2,1,75
李贵祥,individual,李贵祥,115,3,1,53
周童,individual,周童,115,4,1,42
连云港市第一人民医院,hospital,连云港市第一人民医院,114,4,1,32
河南大学淮河医院,hospital,河南大学淮河医院,114,6,1,30
崔莹,individual,崔莹,113,1,1,113
陈永,individual,陈永,113,1,1,113
袁海忠,individual,袁海忠,113,2,1,75
郭亚娟,individual,郭亚娟,113,2,1,68
何小平,individual,何小平,113,3,2,65
刘黎明,individual,刘黎明,113,5,2,52
浙江省淡水水产研究所,research,浙江省淡水水产研究所,113,4,1,44
朱永彪,individual,朱永彪,113,5,1,36
魏伯卿,individual,魏伯卿,113,5,1,32
朱陈伟,individual,朱陈伟,112,1,1,112
张静,individual,张静,112,6,4,91
翁秋梅,individual,翁秋梅,112,2,1,65
中国人民解放军63660部队,other,中国人民解放军63660部队,112,3,2,53
卞佳林,individual,卞佳林,112,3,2,51
李明科,individual,李明科,112,3,1,44
袁俊海,individual,袁俊海,111,1,1,111
邬金飞,individual,邬金飞,111,1,1,111
陈伟群,individual,陈伟群,111,1,1,111
武永福,individual,武永福,111,3,1,61
南通市肿瘤医院,hospital,南通市肿瘤医院,111,2,1,59
宋姝娴,individual,宋姝娴,110,2,1,89
茹朝贵,individual,茹朝贵,110,2,1,58
蒋华,individual,蒋华,110,4,2,55
吴澄彬,individual,吴澄彬,110,3,1,44
南充市中心医院,hospital,南充市中心医院,110,5,1,36
杨林,individual,杨林,109,3,2,99
湖北三峡实验室,research,湖北三峡实验室,109,2,1,87
化学与精细化工广东省实验室,research,化学与精细化工广东省实验室,109,3,1,53
任立蓬,individual,任立蓬,109,3,1,44
陈伟,individual,陈伟,107,5,5,75
凌宏一,individual,凌宏一,107,5,1,48
荣成市科学技术情报研究所,research,荣成市科学技术情报研究所,107,3,1,43
侯国山,individual,侯国山,107,6,1,37
上海医药工业研究院,research,上海医药工业研究院,105,1,1,105
南阳市第二人民医院,hospital,南阳市第二人民医院,105,2,1,72
王少夫,individual,王少夫,105,2,2,64
吴志锋,individual,吴志锋,105,3,1,59
王永帮,individual,王永帮,105,2,1,55
朱海燕,individual,朱海燕,105,2,1,54
中国地震局工程力学研究所,research,中国地震局工程力学研究所,105,2,1,53
张敬敏,individual,张敬敏,105,3,1,42
朱幕松,individual,朱幕松,105,5,1,25
廖奕熙,individual,廖奕熙,104,1,1,104
张婷,individual,张婷,104,3,2,53
刘素华,individual,刘素华,104,5,1,35
日照市中医医院,hospital,日照市中医医院,104,5,1,34
马同金,individual,马同金,104,6,1,33
汕头大学医学院第一附属医院,hospital,汕头大学医学院第一附属医院,104,7,1,30
陶春有,individual,陶春有,103,1,1,103
梁嘉麟,individual,梁嘉麟,103,2,1,61
谢小燕,individual,谢小燕,103,4,1,40
王辉,individual,王辉,103,9,6,33
汤汉忠,individual,汤汉忠,102,1,1,102
王胜,individual,王胜,102,1,1,102
苟和平,individual,苟和平,102,1,1,102
袁春华,individual,袁春华,102,1,1,102
刘乐凝,individual,刘乐凝,102,2,1,62
苟晓龙,individual,苟晓龙,102,5,1,50
罗梅,individual,罗梅,102,3,1,49
高云芝,individual,高云芝,102,4,1,36
李霞,individual,李霞,101,1,1,101
罗道仟,individual,罗道仟,101,1,1,101
中国林业科学研究院林产化学工业研究所,research,中国林业科学研究院林产化学工业研究所,101,2,1,68
朱艳菊,individual,朱艳菊,101,4,1,52
雷建设,individual,雷建设,101,8,1,23
占协琼,individual,占协琼,100,1,1,100
易大军,individual,易大军,100,1,1,100
李颂,individual,李颂,100,1,1,100
蔡紫林,individual,蔡紫林,100,1,1,100
国家烟草质量监督检验中心,other,国家烟草质量监督检验中心,100,2,1,76
李俊,individual,李俊,100,6,5,65
周俊雄,individual,周俊雄,100,3,1,59
罗永祺,individual,罗永祺,100,2,1,50
初明进,individual,初明进,99,1,1,99
汤彬,individual,汤彬,99,1,1,99
潘文进,individual,潘文进,99,1,1,99
田建频,individual,田建频,99,1,1,99
王晓杰,individual,王晓杰,99,2,1,56
孔令国,individual,孔令国,99,3,1,43
中国地质调查局水文地质环境地质调查中心,other,中国地质调查局水文地质环境地质调查中心,99,7,1,31
刘方旭,individual,刘方旭,99,4,1,27
林群祥,individual,林群祥,98,1,1,98
魏忠,individual,魏忠,98,1,1,98
王建生,individual,王建生,98,6,2,61
唐翔,individual,唐翔,98,3,1,49
刘影,individual,刘影,98,3,1,34
赵静,individual,赵静,98,4,2,34
程长青,individual,程长青,97,6,1,53
李新民,individual,李新民,97,5,2,39
中科院嘉兴中心微系统所分中心,other,中科院嘉兴中心微系统所分中心,96,1,1,96
敖云霞,individual,敖云霞,96,2,1,52
李德伟,individual,李德伟,96,7,1,37
刘建平,individual,刘建平,96,15,3,31
冯政,individual,冯政,96,7,1,29
余虹仪,individual,余虹仪,96,5,4,28
刘泽法,individual,刘泽法,95,1,1,95
柳州市柳南区明达鸽业养殖协会,other,柳州市柳南区明达鸽业养殖协会,95,1,1,95
左招霞,individual,左招霞,95,2,1,60
谷昌德,individual,谷昌德,95,3,1,47
娄志,individual,娄志,94,2,1,53
王子忠,individual,王子忠,93,1,1,93
于法周,individual,于法周,93,3,1,52
陈际军,individual,陈际军,93,3,1,51
周忠新,individual,周忠新,93,4,1,49
张素平,individual,张素平,93,3,1,39
赵文志,individual,赵文志,93,5,1,35
魏世年,individual,魏世年,93,5,1,29
管存忠,individual,管存忠,93,5,1,25
钟贵洪,individual,钟贵洪,92,1,1,92
姚旺东,individual,姚旺东,92,2,1,59
蓝灿玉,individual,蓝灿玉,92,2,1,59
张莘蔓,individual,张莘蔓,92,2,1,52
佘峰,individual,佘峰,92,4,1,40
宋彦震,individual,宋彦震,92,4,2,40
张雪燕,individual,张雪燕,92,3,1,39
郁卫卫,individual,郁卫卫,91,1,1,91
张红旗,individual,张红旗,91,3,2,51
